Air temperature [K],Process temperature [K],Rotational speed [rpm],Torque [Nm],Tool wear [min],Temp_Diff,Power,Tool_Strain,Type_L,Type_M,Machine failure
297.4,308.6,1459,41.3,196,11.200000000000045,60256.7,8094.799999999999,1,0,0
298.5,308.2,1595,32.3,46,9.699999999999989,51518.49999999999,1485.8,1,0,0
302.6,311.8,1638,35.1,17,9.199999999999989,57493.8,596.7,1,0,0
298.1,307.9,1446,42.8,121,9.799999999999955,61888.799999999996,5178.799999999999,0,1,0
299.6,309.1,1476,45.3,166,9.5,66862.8,7519.799999999999,1,0,0
303.1,311.2,1452,52.9,11,8.099999999999966,76810.8,581.9,1,0,0
302.5,310.4,1451,53.6,194,7.899999999999977,77773.6,10398.4,0,1,0
302.1,310.1,1844,24.6,171,8.0,45362.4,4206.6,0,0,0
300.1,311.4,1729,29.3,71,11.299999999999955,50659.700000000004,2080.3,1,0,0
301.5,310.5,1623,33.5,157,9.0,54370.5,5259.5,0,1,0
300.8,310.6,1545,37.5,155,9.800000000000011,57937.5,5812.5,0,1,0
302.0,310.8,1445,46.3,17,8.800000000000011,66903.5,787.0999999999999,0,1,0
299.0,308.6,1648,30.8,98,9.600000000000023,50758.4,3018.4,1,0,0
301.8,310.8,1546,43.4,29,9.0,67096.4,1258.6,1,0,0
300.2,310.1,1619,31.3,38,9.900000000000034,50674.700000000004,1189.4,0,1,0
299.2,308.4,1465,35.0,201,9.199999999999989,51275.0,7035.0,1,0,0
298.3,309.4,1468,46.2,10,11.099999999999966,67821.6,462.0,1,0,0
299.4,309.2,1607,31.7,145,9.800000000000011,50941.9,4596.5,1,0,0
300.6,310.7,1457,36.7,193,10.099999999999966,53471.9,7083.1,0,1,0
297.8,307.8,1396,42.5,23,10.0,59330.0,977.5,1,0,0
301.6,310.1,1687,26.6,16,8.5,44874.200000000004,425.6,1,0,0
299.2,308.8,1908,21.3,104,9.600000000000023,40640.4,2215.2000000000003,0,0,0
301.4,310.4,1553,44.7,173,9.0,69419.1,7733.1,0,1,0
301.5,310.7,1942,20.5,155,9.199999999999989,39811.0,3177.5,1,0,0
298.4,307.8,1617,31.6,173,9.400000000000034,51097.200000000004,5466.8,0,1,0
301.5,310.7,1394,46.7,130,9.199999999999989,65099.8,6071.0,0,0,0
298.1,308.5,1382,54.5,17,10.399999999999977,75319.0,926.5,0,1,0
300.4,309.7,1488,35.7,177,9.300000000000011,53121.600000000006,6318.900000000001,1,0,0
300.0,311.0,1637,33.6,181,11.0,55003.200000000004,6081.6,1,0,0
297.7,308.7,1731,28.4,104,11.0,49160.399999999994,2953.6,1,0,0
302.8,312.2,1469,36.9,143,9.399999999999977,54206.1,5276.7,0,1,0
301.4,310.6,1565,36.1,110,9.200000000000045,56496.5,3971.0,0,1,0
300.7,310.6,1349,54.5,19,9.900000000000034,73520.5,1035.5,0,1,0
301.4,310.7,1692,32.3,5,9.300000000000011,54651.6,161.5,0,1,0
303.1,312.6,1548,36.4,150,9.5,56347.2,5460.0,1,0,0
300.3,311.8,1413,46.0,182,11.5,64998.0,8372.0,1,0,0
298.7,310.1,1435,45.6,37,11.400000000000034,65436.0,1687.2,0,0,0
299.7,309.3,1592,34.2,8,9.600000000000023,54446.4,273.6,1,0,0
301.9,310.4,1286,62.8,22,8.5,80760.8,1381.6,1,0,1
302.3,310.8,1511,48.1,24,8.5,72679.1,1154.4,1,0,0
298.3,308.9,1706,31.8,8,10.599999999999966,54250.8,254.4,0,0,0
297.1,308.4,1615,32.6,184,11.299999999999955,52649.0,5998.400000000001,0,1,0
302.1,311.0,1586,35.1,142,8.899999999999977,55668.600000000006,4984.2,1,0,0
299.6,310.9,1679,31.2,120,11.299999999999955,52384.799999999996,3744.0,0,0,0
298.5,309.7,1634,37.8,78,11.199999999999989,61765.2,2948.3999999999996,1,0,0
300.7,311.0,1378,41.2,93,10.300000000000011,56773.600000000006,3831.6000000000004,0,1,0
297.9,309.0,1629,29.0,26,11.100000000000023,47241.0,754.0,1,0,0
301.5,310.5,1612,29.8,148,9.0,48037.6,4410.400000000001,0,1,0
298.8,309.7,1424,49.6,129,10.899999999999977,70630.40000000001,6398.400000000001,1,0,0
303.8,312.8,1420,47.9,200,9.0,68018.0,9580.0,0,1,0
297.5,308.6,1596,36.0,141,11.100000000000023,57456.0,5076.0,1,0,0
300.8,310.8,1415,44.5,87,10.0,62967.5,3871.5,0,1,0
299.1,308.9,1397,52.4,112,9.799999999999955,73202.8,5868.8,0,1,0
299.2,308.5,1474,47.2,132,9.300000000000011,69572.8,6230.400000000001,0,1,0
300.5,311.8,1636,34.4,2,11.300000000000011,56278.399999999994,68.8,0,1,0
300.2,309.7,1421,44.6,17,9.5,63376.6,758.2,1,0,0
297.5,308.5,1712,26.8,136,11.0,45881.6,3644.8,1,0,0
303.9,313.0,1759,28.4,74,9.100000000000023,49955.6,2101.6,1,0,0
299.1,308.8,1320,67.5,20,9.699999999999989,89100.0,1350.0,1,0,1
298.1,310.0,1553,40.9,49,11.899999999999977,63517.7,2004.1,1,0,0
300.4,311.8,1601,36.1,0,11.400000000000034,57796.100000000006,0.0,1,0,0
303.5,312.8,1877,22.3,96,9.300000000000011,41857.1,2140.8,1,0,0
296.4,307.5,1403,52.8,94,11.100000000000023,74078.4,4963.2,0,0,0
300.5,309.5,1691,27.6,67,9.0,46671.600000000006,1849.2,0,1,0
298.6,309.4,1464,36.9,179,10.799999999999955,54021.6,6605.099999999999,0,1,0
299.4,309.0,1939,19.8,204,9.600000000000023,38392.200000000004,4039.2000000000003,0,1,0
302.4,311.1,1721,30.1,210,8.700000000000045,51802.100000000006,6321.0,0,1,0
299.9,310.4,1408,38.4,144,10.5,54067.2,5529.599999999999,1,0,0
299.8,311.1,2144,17.7,190,11.300000000000011,37948.799999999996,3363.0,1,0,0
298.1,307.9,1377,55.1,42,9.799999999999955,75872.7,2314.2000000000003,0,1,0
302.3,311.0,1561,37.2,180,8.699999999999989,58069.200000000004,6696.000000000001,1,0,0
302.4,310.1,1906,21.2,110,7.7000000000000455,40407.2,2332.0,1,0,0
300.6,309.4,2496,13.5,111,8.799999999999955,33696.0,1498.5,1,0,0
301.3,310.9,1512,36.9,159,9.599999999999966,55792.799999999996,5867.099999999999,0,1,0
299.6,310.9,1472,40.9,137,11.299999999999955,60204.799999999996,5603.3,1,0,0
298.0,307.5,1524,36.3,98,9.5,55321.2,3557.3999999999996,0,1,0
301.8,310.9,1521,39.3,197,9.099999999999966,59775.299999999996,7742.099999999999,1,0,0
303.3,311.4,1958,21.5,0,8.099999999999966,42097.0,0.0,1,0,0
302.2,310.8,1350,56.6,76,8.600000000000023,76410.0,4301.6,1,0,0
300.9,310.8,1988,19.7,136,9.900000000000034,39163.6,2679.2,0,1,0
298.0,307.5,1427,45.1,95,9.5,64357.700000000004,4284.5,0,1,0
300.3,311.8,1746,26.3,187,11.5,45919.8,4918.1,1,0,0
302.3,311.5,1384,50.8,13,9.199999999999989,70307.2,660.4,1,0,0
295.3,305.8,1589,36.2,184,10.5,57521.8,6660.8,0,1,0
299.2,310.3,1551,44.8,18,11.100000000000023,69484.79999999999,806.4,0,1,0
303.3,311.8,1806,27.7,44,8.5,50026.2,1218.8,0,0,0
301.1,312.3,1595,31.9,134,11.199999999999989,50880.5,4274.599999999999,1,0,0
303.0,311.3,1365,56.2,146,8.300000000000011,76713.0,8205.2,1,0,1
299.0,308.6,1645,33.4,22,9.600000000000023,54943.0,734.8,0,1,0
298.9,309.8,1836,22.8,18,10.900000000000034,41860.8,410.40000000000003,0,1,0
300.8,311.3,1524,43.5,71,10.5,66294.0,3088.5,1,0,0
302.7,310.5,1563,35.0,8,7.800000000000011,54705.0,280.0,1,0,0
301.2,309.9,1643,32.9,171,8.699999999999989,54054.7,5625.9,1,0,0
298.9,309.9,1526,35.4,96,11.0,54020.4,3398.3999999999996,1,0,0
297.9,307.8,1635,34.0,142,9.900000000000034,55590.0,4828.0,0,0,0
297.9,309.0,1970,21.6,37,11.100000000000023,42552.0,799.2,0,1,0
301.0,311.0,1804,25.8,174,10.0,46543.200000000004,4489.2,1,0,0
300.8,309.9,1312,65.3,192,9.099999999999966,85673.59999999999,12537.599999999999,1,0,1
302.0,310.5,1841,23.6,119,8.5,43447.600000000006,2808.4,0,0,0
299.5,310.8,1873,22.3,211,11.300000000000011,41767.9,4705.3,1,0,0
296.4,307.5,1684,31.4,72,11.100000000000023,52877.6,2260.7999999999997,0,1,0
302.7,312.0,1538,36.7,74,9.300000000000011,56444.600000000006,2715.8,0,1,0
302.3,311.6,1668,33.2,52,9.300000000000011,55377.600000000006,1726.4,0,1,0
297.2,308.1,1689,31.2,145,10.900000000000034,52696.799999999996,4524.0,1,0,0
300.6,310.9,1433,42.6,101,10.299999999999955,61045.8,4302.6,1,0,0
297.6,308.6,1482,38.3,39,11.0,56760.6,1493.6999999999998,0,1,0
299.4,308.6,1541,39.1,109,9.200000000000045,60253.100000000006,4261.900000000001,0,1,0
302.4,311.2,1448,50.5,53,8.800000000000011,73124.0,2676.5,1,0,0
300.9,311.5,1704,31.3,159,10.600000000000023,53335.200000000004,4976.7,0,1,0
299.6,309.4,1642,30.3,80,9.799999999999955,49752.6,2424.0,0,1,0
298.6,309.7,1925,22.1,7,11.099999999999966,42542.5,154.70000000000002,1,0,0
296.7,307.4,1535,34.6,114,10.699999999999989,53111.0,3944.4,1,0,0
302.7,311.5,1556,35.0,164,8.800000000000011,54460.0,5740.0,0,0,0
297.2,308.6,1498,44.4,9,11.400000000000034,66511.2,399.59999999999997,0,1,0
300.0,309.6,1573,39.7,162,9.600000000000023,62448.100000000006,6431.400000000001,0,1,0
301.2,310.7,1527,41.1,53,9.5,62759.700000000004,2178.3,0,1,0
297.3,308.6,1297,45.9,184,11.300000000000011,59532.299999999996,8445.6,1,0,0
302.9,312.4,1424,49.5,155,9.5,70488.0,7672.5,1,0,0
298.7,310.1,1786,27.7,114,11.400000000000034,49472.2,3157.7999999999997,1,0,0
303.8,313.2,1336,47.8,176,9.399999999999977,63860.799999999996,8412.8,1,0,0
299.1,308.4,1330,53.6,62,9.299999999999955,71288.0,3323.2000000000003,0,1,0
302.1,310.7,1608,30.3,81,8.599999999999966,48722.4,2454.3,0,1,0
298.4,309.2,1345,52.7,196,10.800000000000011,70881.5,10329.2,1,0,0
297.5,308.1,1631,30.6,146,10.600000000000023,49908.600000000006,4467.6,1,0,0
302.6,312.0,1657,29.3,37,9.399999999999977,48550.1,1084.1000000000001,0,0,0
301.5,310.7,1744,28.2,61,9.199999999999989,49180.799999999996,1720.2,0,1,0
301.8,311.3,1542,40.1,142,9.5,61834.200000000004,5694.2,0,1,0
299.2,310.7,1535,42.6,17,11.5,65391.0,724.2,1,0,0
297.2,308.5,1425,45.8,109,11.300000000000011,65264.99999999999,4992.2,0,1,0
303.5,312.0,1366,54.5,30,8.5,74447.0,1635.0,1,0,1
298.4,309.1,1362,46.1,37,10.700000000000045,62788.200000000004,1705.7,1,0,0
298.2,308.8,1607,31.9,39,10.600000000000023,51263.299999999996,1244.1,0,1,0
300.8,312.1,1527,35.1,164,11.300000000000011,53597.700000000004,5756.400000000001,0,0,0
298.9,309.8,1390,49.9,21,10.900000000000034,69361.0,1047.8999999999999,1,0,0
298.1,307.6,1460,46.5,143,9.5,67890.0,6649.5,1,0,0
300.4,310.2,1613,36.9,231,9.800000000000011,59519.7,8523.9,0,1,0
299.0,310.1,1593,35.4,5,11.100000000000023,56392.2,177.0,0,1,0
297.9,309.8,1693,29.9,35,11.900000000000034,50620.7,1046.5,0,1,0
302.7,310.8,1275,55.0,25,8.100000000000023,70125.0,1375.0,0,0,1
301.0,310.9,1570,34.0,192,9.899999999999977,53380.0,6528.0,1,0,0
303.0,311.2,1800,23.7,61,8.199999999999989,42660.0,1445.7,1,0,0
297.6,307.2,1486,40.6,42,9.599999999999966,60331.6,1705.2,1,0,0
301.0,310.4,1614,31.6,84,9.399999999999977,51002.4,2654.4,1,0,0
302.6,310.4,1544,35.1,25,7.7999999999999545,54194.4,877.5,0,1,0
299.4,309.2,1433,42.1,22,9.800000000000011,60329.3,926.2,1,0,0
298.9,310.1,1602,38.2,58,11.200000000000045,61196.4,2215.6000000000004,1,0,0
297.7,307.6,1538,38.3,63,9.900000000000034,58905.399999999994,2412.8999999999996,0,0,0
300.6,310.7,1654,32.0,180,10.099999999999966,52928.0,5760.0,0,1,0
301.7,310.5,1354,50.0,169,8.800000000000011,67700.0,8450.0,1,0,0
300.9,309.7,1431,41.4,199,8.800000000000011,59243.4,8238.6,1,0,0
301.1,310.9,1552,37.9,126,9.799999999999955,58820.799999999996,4775.4,0,1,0
300.4,309.9,1567,36.5,72,9.5,57195.5,2628.0,1,0,0
303.2,311.5,1544,42.5,227,8.300000000000011,65620.0,9647.5,1,0,0
298.4,309.7,1518,39.8,165,11.300000000000011,60416.399999999994,6566.999999999999,1,0,0
299.8,310.9,1427,47.2,168,11.099999999999966,67354.40000000001,7929.6,0,0,0
299.7,309.6,1399,51.3,144,9.900000000000034,71768.7,7387.2,1,0,0
297.3,308.3,1341,51.9,51,11.0,69597.9,2646.9,0,1,0
301.3,310.8,1719,29.5,62,9.5,50710.5,1829.0,1,0,0
302.0,310.9,1663,31.5,81,8.899999999999977,52384.5,2551.5,1,0,0
302.2,311.2,1544,43.6,63,9.0,67318.40000000001,2746.8,0,1,0
301.0,309.7,1491,42.9,165,8.699999999999989,63963.9,7078.5,1,0,0
303.5,312.9,1501,44.0,128,9.399999999999977,66044.0,5632.0,1,0,0
297.4,308.7,1638,31.9,131,11.300000000000011,52252.2,4178.9,1,0,0
302.0,310.8,1767,27.4,11,8.800000000000011,48415.799999999996,301.4,1,0,0
300.7,310.8,1296,58.2,204,10.100000000000023,75427.2,11872.800000000001,0,0,0
300.8,309.4,1489,38.4,109,8.599999999999966,57177.6,4185.599999999999,1,0,0
297.7,309.2,1732,28.8,152,11.5,49881.6,4377.6,0,1,0
300.3,310.2,1369,48.8,36,9.899999999999977,66807.2,1756.8,1,0,0
300.1,311.7,1503,42.6,208,11.599999999999966,64027.8,8860.800000000001,1,0,0
302.2,310.5,1507,40.4,111,8.300000000000011,60882.799999999996,4484.4,0,1,0
301.5,310.8,1367,49.0,193,9.300000000000011,66983.0,9457.0,1,0,0
297.9,308.0,1800,24.8,44,10.100000000000023,44640.0,1091.2,0,0,0
299.6,310.6,1633,34.2,151,11.0,55848.600000000006,5164.200000000001,0,1,0
298.0,308.7,1443,49.3,52,10.699999999999989,71139.9,2563.6,1,0,0
302.6,310.4,1649,30.1,62,7.7999999999999545,49634.9,1866.2,0,0,0
299.8,310.9,2084,17.6,175,11.099999999999966,36678.4,3080.0000000000005,1,0,0
298.8,310.6,1640,33.8,9,11.800000000000011,55431.99999999999,304.2,0,1,0
297.5,309.1,1611,30.2,211,11.600000000000023,48652.2,6372.2,1,0,0
300.7,309.3,1580,38.3,102,8.600000000000023,60513.99999999999,3906.6,1,0,0
297.0,307.8,1316,61.2,200,10.800000000000011,80539.2,12240.0,1,0,1
300.2,309.8,1353,59.4,26,9.600000000000023,80368.2,1544.3999999999999,1,0,0
299.1,308.9,1445,43.4,197,9.799999999999955,62713.0,8549.8,1,0,0
296.7,307.7,1524,36.8,82,11.0,56083.2,3017.6,1,0,0
297.4,308.3,1405,51.7,108,10.900000000000034,72638.5,5583.6,0,1,0
298.2,307.8,1566,33.8,100,9.600000000000023,52930.799999999996,3379.9999999999995,0,1,0
299.7,308.9,1551,35.4,82,9.199999999999989,54905.399999999994,2902.7999999999997,0,1,0
297.9,307.4,1435,42.9,18,9.5,61561.5,772.1999999999999,0,1,0
300.8,311.2,1612,32.5,143,10.399999999999977,52390.0,4647.5,0,0,0
296.3,307.3,1368,49.5,10,11.0,67716.0,495.0,0,1,0
298.2,309.0,1413,47.9,97,10.800000000000011,67682.7,4646.3,0,1,0
296.0,306.7,1917,21.0,127,10.699999999999989,40257.0,2667.0,1,0,0
297.7,307.2,1668,32.7,31,9.5,54543.600000000006,1013.7,1,0,0
299.3,308.8,1341,47.7,199,9.5,63965.700000000004,9492.300000000001,1,0,0
302.1,311.2,1598,37.9,148,9.099999999999966,60564.2,5609.2,0,0,0
302.2,311.1,1394,53.7,140,8.900000000000034,74857.8,7518.0,1,0,0
297.4,308.7,1798,23.0,135,11.300000000000011,41354.0,3105.0,0,1,0
299.5,310.7,1424,41.3,101,11.199999999999989,58811.2,4171.299999999999,0,1,0
298.7,308.4,1560,33.3,53,9.699999999999989,51947.99999999999,1764.8999999999999,0,0,0
301.6,310.9,1632,31.6,189,9.299999999999955,51571.200000000004,5972.400000000001,1,0,0
297.5,309.0,1320,54.7,179,11.5,72204.0,9791.300000000001,1,0,0
300.5,309.5,1635,34.2,62,9.0,55917.00000000001,2120.4,0,0,0
300.5,311.7,1269,64.0,87,11.199999999999989,81216.0,5568.0,0,1,0
301.8,311.2,1822,26.2,204,9.399999999999977,47736.4,5344.8,1,0,0
297.7,308.2,2007,19.3,181,10.5,38735.1,3493.3,1,0,0
297.1,307.9,1420,39.8,192,10.799999999999955,56515.99999999999,7641.599999999999,0,0,0
297.7,308.4,1487,41.4,84,10.699999999999989,61561.799999999996,3477.6,1,0,0
303.5,311.6,1465,48.7,60,8.100000000000023,71345.5,2922.0,1,0,0
297.7,309.2,1365,58.6,170,11.5,79989.0,9962.0,1,0,0
302.6,311.0,1542,39.7,141,8.399999999999977,61217.4,5597.700000000001,0,1,0
300.2,311.8,1436,48.2,175,11.600000000000023,69215.2,8435.0,1,0,0
298.5,309.7,2617,12.1,102,11.199999999999989,31665.7,1234.2,1,0,1
300.5,311.9,1546,39.4,203,11.399999999999977,60912.399999999994,7998.2,1,0,0
298.3,308.4,1486,44.2,196,10.099999999999966,65681.2,8663.2,0,1,0
298.4,309.1,1467,39.6,78,10.700000000000045,58093.200000000004,3088.8,0,1,0
300.6,310.9,1471,37.9,86,10.299999999999955,55750.9,3259.4,1,0,0
302.5,312.0,1383,51.3,190,9.5,70947.9,9747.0,1,0,0
301.8,309.6,1436,49.0,214,7.800000000000011,70364.0,10486.0,0,1,0
298.9,310.1,1313,56.8,171,11.200000000000045,74578.4,9712.8,0,1,0
302.6,311.4,1718,31.2,154,8.799999999999955,53601.6,4804.8,0,1,0
300.4,309.4,1412,51.6,153,9.0,72859.2,7894.8,1,0,0
296.9,308.0,1521,34.5,84,11.100000000000023,52474.5,2898.0,1,0,0
302.5,310.9,1356,55.5,101,8.399999999999977,75258.0,5605.5,0,0,1
301.5,310.7,1408,47.3,79,9.199999999999989,66598.4,3736.7,1,0,0
303.4,312.9,1389,54.1,109,9.5,75144.90000000001,5896.900000000001,1,0,0
298.5,307.9,1260,54.2,141,9.399999999999977,68292.0,7642.200000000001,0,0,0
302.6,311.5,1427,38.9,213,8.899999999999977,55510.299999999996,8285.699999999999,1,0,0
302.6,312.1,1420,51.6,182,9.5,73272.0,9391.2,1,0,0
301.3,311.0,1542,35.1,204,9.699999999999989,54124.200000000004,7160.400000000001,1,0,0
297.5,308.3,1435,40.3,197,10.800000000000011,57830.49999999999,7939.099999999999,1,0,0
300.8,310.6,1663,30.6,139,9.800000000000011,50887.8,4253.400000000001,1,0,0
296.6,307.6,1671,28.8,108,11.0,48124.8,3110.4,1,0,0
299.2,310.7,1737,27.0,225,11.5,46899.0,6075.0,1,0,1
297.4,309.1,1380,41.1,152,11.700000000000045,56718.0,6247.2,1,0,0
297.7,309.1,1479,42.1,58,11.400000000000034,62265.9,2441.8,1,0,0
300.3,310.3,2158,16.8,32,10.0,36254.4,537.6,1,0,0
298.1,307.9,1517,40.8,50,9.799999999999955,61893.6,2039.9999999999998,1,0,0
297.4,308.1,1348,57.4,66,10.700000000000045,77375.2,3788.4,1,0,0
298.4,308.6,1591,36.7,122,10.200000000000045,58389.700000000004,4477.400000000001,1,0,0
297.9,309.9,1410,55.4,188,12.0,78114.0,10415.199999999999,0,1,0
299.9,310.3,1535,43.9,154,10.400000000000034,67386.5,6760.599999999999,0,0,0
301.8,310.0,1642,32.6,201,8.199999999999989,53529.200000000004,6552.6,1,0,0
297.7,308.7,1694,29.1,102,11.0,49295.4,2968.2000000000003,1,0,0
297.4,308.4,1394,50.1,213,11.0,69839.40000000001,10671.300000000001,1,0,0
301.0,311.4,1573,37.6,103,10.399999999999977,59144.8,3872.8,1,0,0
298.0,307.7,1387,50.8,204,9.699999999999989,70459.59999999999,10363.199999999999,1,0,0
298.4,310.1,1533,35.2,92,11.700000000000045,53961.600000000006,3238.4,1,0,0
301.1,310.6,1410,43.9,73,9.5,61899.0,3204.7,0,1,0
300.2,309.8,1466,45.7,41,9.600000000000023,66996.2,1873.7,0,1,0
301.0,310.8,1527,45.3,8,9.800000000000011,69173.09999999999,362.4,1,0,0
298.4,308.3,1422,42.7,186,9.900000000000034,60719.4,7942.200000000001,1,0,0
300.0,311.4,1483,45.6,187,11.399999999999977,67624.8,8527.2,1,0,0
300.7,309.5,1633,31.3,90,8.800000000000011,51112.9,2817.0,0,1,0
301.4,311.3,2323,15.9,50,9.900000000000034,36935.700000000004,795.0,1,0,0
298.5,309.3,1630,33.3,116,10.800000000000011,54278.99999999999,3862.7999999999997,1,0,0
297.5,308.2,2448,13.8,29,10.699999999999989,33782.4,400.20000000000005,0,1,0
302.0,311.0,1632,34.2,18,9.0,55814.4,615.6,1,0,0
300.6,310.8,1389,48.1,88,10.199999999999989,66810.90000000001,4232.8,0,1,0
300.4,311.4,1445,52.4,105,11.0,75718.0,5502.0,0,0,0
303.5,312.7,1694,27.3,40,9.199999999999989,46246.200000000004,1092.0,1,0,0
299.1,310.1,1894,20.1,106,11.0,38069.4,2130.6000000000004,1,0,0
302.3,311.5,1543,33.1,39,9.199999999999989,51073.3,1290.9,1,0,0
297.3,308.7,1478,47.6,98,11.399999999999977,70352.8,4664.8,0,0,0
300.8,309.7,1519,35.8,14,8.899999999999977,54380.2,501.19999999999993,1,0,0
300.3,309.5,1551,37.9,42,9.199999999999989,58782.899999999994,1591.8,1,0,0
299.5,309.1,1422,45.3,103,9.600000000000023,64416.6,4665.9,0,1,0
302.3,311.4,1609,32.3,49,9.099999999999966,51970.7,1582.6999999999998,1,0,0
297.5,308.6,1536,39.0,202,11.100000000000023,59904.0,7878.0,1,0,0
299.5,308.7,1446,45.7,173,9.199999999999989,66082.2,7906.1,1,0,0
300.4,310.4,1486,46.3,48,10.0,68801.8,2222.3999999999996,1,0,0
300.5,310.5,1409,60.9,73,10.0,85808.09999999999,4445.7,1,0,0
299.5,308.9,1448,42.9,74,9.399999999999977,62119.2,3174.6,0,1,0
301.6,310.6,1455,43.9,0,9.0,63874.5,0.0,1,0,0
298.5,308.8,1305,58.7,26,10.300000000000011,76603.5,1526.2,1,0,0
299.4,308.6,1542,41.8,166,9.200000000000045,64455.6,6938.799999999999,0,0,0
301.4,310.0,1651,29.8,44,8.600000000000023,49199.8,1311.2,0,1,0
300.4,310.0,1581,30.3,42,9.600000000000023,47904.3,1272.6000000000001,1,0,0
300.6,310.2,1378,47.3,71,9.599999999999966,65179.399999999994,3358.2999999999997,1,0,0
300.3,309.6,1597,31.8,73,9.300000000000011,50784.6,2321.4,1,0,0
299.9,309.2,1598,34.6,111,9.300000000000011,55290.8,3840.6000000000004,1,0,0
297.2,308.5,1471,41.7,41,11.300000000000011,61340.700000000004,1709.7,1,0,0
299.3,308.8,1648,28.4,188,9.5,46803.2,5339.2,0,1,0
299.0,310.3,1577,40.0,181,11.300000000000011,63080.0,7240.0,1,0,0
299.3,308.7,1289,51.5,185,9.399999999999977,66383.5,9527.5,0,1,0
302.3,311.8,1475,42.8,38,9.5,63129.99999999999,1626.3999999999999,0,0,0
298.7,310.2,1566,33.1,68,11.5,51834.600000000006,2250.8,1,0,0
300.6,309.4,1380,47.6,246,8.799999999999955,65688.0,11709.6,0,0,1
303.8,312.6,1406,47.1,162,8.800000000000011,66222.6,7630.2,0,1,0
298.8,310.1,1574,36.2,181,11.300000000000011,56978.8,6552.200000000001,1,0,0
297.4,308.2,1639,33.8,39,10.800000000000011,55398.2,1318.1999999999998,1,0,0
298.2,309.2,1332,60.2,147,11.0,80186.40000000001,8849.4,0,1,0
298.0,308.2,1459,42.1,146,10.199999999999989,61423.9,6146.6,1,0,0
296.8,307.5,1516,36.7,135,10.699999999999989,55637.200000000004,4954.5,0,1,0
298.0,308.8,1581,36.1,73,10.800000000000011,57074.100000000006,2635.3,1,0,0
298.7,310.1,1506,50.7,53,11.400000000000034,76354.2,2687.1000000000004,0,1,0
298.9,309.9,1365,46.5,75,11.0,63472.5,3487.5,1,0,0
298.1,307.5,1391,57.4,161,9.399999999999977,79843.4,9241.4,1,0,0
301.3,310.5,1406,47.1,83,9.199999999999989,66222.6,3909.3,1,0,0
298.0,308.6,1453,44.1,165,10.600000000000023,64077.3,7276.5,0,1,0
297.9,307.7,1618,35.9,92,9.800000000000011,58086.2,3302.7999999999997,0,0,0
298.1,307.6,1950,20.3,202,9.5,39585.0,4100.6,1,0,0
302.3,310.9,1742,29.7,137,8.599999999999966,51737.4,4068.9,0,1,0
298.7,309.9,1404,47.1,64,11.199999999999989,66128.40000000001,3014.4,1,0,0
299.0,308.9,1615,30.6,14,9.899999999999977,49419.0,428.40000000000003,1,0,0
301.1,311.6,1417,53.4,0,10.5,75667.8,0.0,0,0,0
300.9,310.7,1268,56.3,161,9.800000000000011,71388.4,9064.3,0,1,0
298.8,309.7,1609,40.4,169,10.899999999999977,65003.6,6827.599999999999,1,0,0
301.3,310.9,1509,41.7,16,9.599999999999966,62925.3,667.2,1,0,0
296.9,307.7,1550,39.7,124,10.800000000000011,61535.00000000001,4922.8,1,0,0
302.7,310.5,1398,47.3,70,7.800000000000011,66125.4,3311.0,0,1,0
298.9,308.7,1729,26.6,73,9.800000000000011,45991.4,1941.8000000000002,1,0,0
295.6,306.2,1329,55.3,135,10.599999999999966,73493.7,7465.5,0,0,0
297.9,307.5,1574,35.8,153,9.600000000000023,56349.2,5477.4,1,0,0
299.7,309.6,1553,41.0,179,9.900000000000034,63673.0,7339.0,0,0,0
298.9,310.0,2231,17.4,151,11.100000000000023,38819.399999999994,2627.3999999999996,1,0,0
296.6,307.4,1389,42.7,48,10.799999999999955,59310.3,2049.6000000000004,1,0,0
302.9,312.3,1530,34.9,185,9.400000000000034,53397.0,6456.5,1,0,0
302.8,312.4,1590,34.4,64,9.599999999999966,54696.0,2201.6,1,0,0
303.0,311.1,1597,36.7,191,8.100000000000023,58609.9,7009.700000000001,0,1,0
296.7,307.4,1661,34.2,109,10.699999999999989,56806.200000000004,3727.8,0,0,0
299.7,309.3,1779,25.5,129,9.600000000000023,45364.5,3289.5,1,0,0
302.1,311.2,1550,34.8,177,9.099999999999966,53939.99999999999,6159.599999999999,1,0,0
302.0,310.8,1447,42.7,229,8.800000000000011,61786.9,9778.300000000001,1,0,0
297.4,308.9,1809,23.8,131,11.5,43054.200000000004,3117.8,1,0,0
300.1,309.4,1569,31.6,124,9.299999999999955,49580.4,3918.4,0,1,0
299.0,310.1,1432,50.0,45,11.100000000000023,71600.0,2250.0,0,0,0
298.4,308.0,1515,42.8,125,9.600000000000023,64841.99999999999,5350.0,1,0,0
298.4,310.1,1335,57.8,96,11.700000000000045,77163.0,5548.799999999999,0,1,0
297.4,308.0,1423,38.0,154,10.600000000000023,54074.0,5852.0,1,0,0
297.7,309.3,1400,48.9,147,11.600000000000023,68460.0,7188.3,0,0,0
301.3,311.1,1492,41.2,223,9.800000000000011,61470.4,9187.6,0,1,0
302.9,312.5,1550,45.5,72,9.600000000000023,70525.0,3276.0,1,0,0
303.4,312.1,1499,39.4,197,8.700000000000045,59060.6,7761.799999999999,0,1,0
301.1,311.0,1413,46.6,30,9.899999999999977,65845.8,1398.0,0,1,0
302.4,310.2,1578,31.2,139,7.800000000000011,49233.6,4336.8,1,0,0
300.3,310.5,1522,39.1,217,10.199999999999989,59510.200000000004,8484.7,1,0,0
302.5,311.3,1393,47.5,130,8.800000000000011,66167.5,6175.0,0,0,0
299.8,310.4,1579,36.4,0,10.599999999999966,57475.6,0.0,1,0,0
304.0,313.3,1530,34.8,211,9.300000000000011,53243.99999999999,7342.799999999999,1,0,0
298.4,308.6,1609,35.0,103,10.200000000000045,56315.0,3605.0,1,0,0
301.8,310.2,2825,5.8,215,8.399999999999977,16385.0,1247.0,1,0,1
298.0,308.6,1507,37.3,217,10.600000000000023,56211.1,8094.099999999999,0,1,0
303.7,313.0,1303,54.4,2,9.300000000000011,70883.2,108.8,0,1,0
299.7,309.3,1399,41.9,221,9.600000000000023,58618.1,9259.9,0,1,1
301.4,310.4,1610,38.6,16,9.0,62146.0,617.6,0,0,0
298.2,307.7,1608,33.8,106,9.5,54350.399999999994,3582.7999999999997,0,1,0
302.7,312.4,1360,47.8,11,9.699999999999989,65007.99999999999,525.8,1,0,0
302.2,310.9,1465,43.5,140,8.699999999999989,63727.5,6090.0,0,1,0
299.3,308.5,1304,60.6,8,9.199999999999989,79022.40000000001,484.8,0,1,0
296.9,307.9,1626,29.9,177,11.0,48617.399999999994,5292.3,1,0,0
298.7,309.7,1547,37.4,0,11.0,57857.799999999996,0.0,1,0,0
300.9,310.7,1740,25.3,164,9.800000000000011,44022.0,4149.2,1,0,0
303.2,311.5,1507,39.2,225,8.300000000000011,59074.4,8820.0,1,0,0
298.7,309.6,1800,24.8,78,10.900000000000034,44640.0,1934.4,0,1,0
302.4,311.8,1451,42.0,110,9.400000000000034,60942.0,4620.0,1,0,0
299.5,309.2,1816,23.0,15,9.699999999999989,41768.0,345.0,1,0,0
297.3,308.4,1513,40.5,25,11.099999999999966,61276.5,1012.5,1,0,0
298.5,309.4,1573,36.0,97,10.899999999999977,56628.0,3492.0,0,0,0
298.3,307.9,1507,41.2,149,9.599999999999966,62088.4,6138.8,1,0,0
304.0,313.1,1564,50.9,119,9.100000000000023,79607.59999999999,6057.099999999999,1,0,0
299.1,310.6,1326,49.7,78,11.5,65902.2,3876.6000000000004,1,0,0
297.3,308.3,1657,31.1,8,11.0,51532.700000000004,248.8,0,1,0
301.4,310.6,1550,36.8,159,9.200000000000045,57039.99999999999,5851.2,1,0,0
298.1,308.4,1436,46.7,103,10.299999999999955,67061.2,4810.1,1,0,0
299.8,309.6,1346,53.2,95,9.800000000000011,71607.2,5054.0,0,1,0
302.8,310.9,1312,52.2,40,8.099999999999966,68486.40000000001,2088.0,1,0,1
303.3,312.6,1692,29.0,125,9.300000000000011,49068.0,3625.0,0,0,0
298.6,309.7,1672,27.5,54,11.099999999999966,45980.0,1485.0,0,0,0
302.4,311.8,1543,31.1,96,9.400000000000034,47987.3,2985.6000000000004,1,0,0
299.1,310.3,1411,42.1,74,11.199999999999989,59403.1,3115.4,1,0,0
299.2,308.9,1430,39.1,117,9.699999999999989,55913.0,4574.7,1,0,0
302.1,311.3,1477,43.6,196,9.199999999999989,64397.200000000004,8545.6,1,0,0
300.4,310.6,1545,35.6,16,10.200000000000045,55002.0,569.6,0,1,0
300.5,311.4,1556,45.3,58,10.899999999999977,70486.79999999999,2627.3999999999996,1,0,0
301.3,310.6,1521,36.3,166,9.300000000000011,55212.299999999996,6025.799999999999,1,0,0
302.3,311.3,1682,34.4,127,9.0,57860.799999999996,4368.8,1,0,0
303.0,311.3,1335,53.6,164,8.300000000000011,71556.0,8790.4,0,1,1
297.9,308.6,1757,27.5,118,10.700000000000045,48317.5,3245.0,1,0,0
297.5,308.7,1456,44.7,29,11.199999999999989,65083.200000000004,1296.3000000000002,1,0,0
300.6,309.4,1425,40.3,103,8.799999999999955,57427.49999999999,4150.9,1,0,0
299.3,309.0,1473,46.3,146,9.699999999999989,68199.9,6759.799999999999,1,0,0
299.1,310.1,1486,40.7,39,11.0,60480.200000000004,1587.3000000000002,1,0,0
300.3,310.4,1742,25.9,7,10.099999999999966,45117.799999999996,181.29999999999998,1,0,0
298.8,309.6,1523,41.9,165,10.800000000000011,63813.7,6913.5,1,0,0
301.3,311.0,1418,41.9,208,9.699999999999989,59414.2,8715.199999999999,1,0,0
301.7,310.2,1620,30.8,42,8.5,49896.0,1293.6000000000001,0,0,0
300.4,310.2,1431,43.2,0,9.800000000000011,61819.200000000004,0.0,0,0,0
298.7,308.5,1420,45.7,143,9.800000000000011,64894.00000000001,6535.1,0,0,0
303.8,312.8,1416,58.7,156,9.0,83119.2,9157.2,1,0,0
301.9,310.7,1511,37.6,70,8.800000000000011,56813.6,2632.0,0,1,0
298.1,308.6,1527,40.2,16,10.5,61385.4,643.2,1,0,0
301.0,311.2,1511,42.9,26,10.199999999999989,64821.9,1115.3999999999999,1,0,0
301.1,310.6,1479,41.1,72,9.5,60786.9,2959.2000000000003,0,1,0
302.3,311.7,1482,39.0,127,9.399999999999977,57798.0,4953.0,0,0,0
300.7,311.0,1413,44.3,72,10.300000000000011,62595.899999999994,3189.6,0,1,0
298.3,307.8,1392,50.4,101,9.5,70156.8,5090.4,0,1,0
299.3,309.0,1732,29.7,141,9.699999999999989,51440.4,4187.7,0,0,0
303.5,311.9,1515,39.2,24,8.399999999999977,59388.00000000001,940.8000000000001,1,0,0
303.3,312.7,1642,33.6,104,9.399999999999977,55171.200000000004,3494.4,0,1,0
300.4,310.6,1384,48.7,24,10.200000000000045,67400.8,1168.8000000000002,1,0,0
299.2,308.4,1402,47.7,24,9.199999999999989,66875.40000000001,1144.8000000000002,1,0,0
295.8,306.6,1508,46.5,99,10.800000000000011,70122.0,4603.5,1,0,0
297.8,307.8,1597,38.2,11,10.0,61005.4,420.20000000000005,1,0,0
297.5,308.4,1633,33.3,213,10.899999999999977,54378.899999999994,7092.9,1,0,0
300.0,309.5,1717,28.3,48,9.5,48591.1,1358.4,1,0,0
297.2,308.1,1662,31.3,0,10.900000000000034,52020.6,0.0,1,0,0
298.9,308.5,1534,42.9,121,9.600000000000023,65808.59999999999,5190.9,0,1,0
298.3,309.1,1395,49.8,133,10.800000000000011,69471.0,6623.4,1,0,0
298.9,310.2,1603,36.1,126,11.300000000000011,57868.3,4548.6,0,1,0
297.7,308.2,1334,53.0,156,10.5,70702.0,8268.0,1,0,0
299.7,309.3,1546,37.2,4,9.600000000000023,57511.200000000004,148.8,1,0,0
300.0,311.4,1537,35.4,120,11.399999999999977,54409.799999999996,4248.0,0,1,0
302.3,310.2,1443,54.6,120,7.899999999999977,78787.8,6552.0,0,0,0
301.0,311.6,1440,43.3,131,10.600000000000023,62351.99999999999,5672.299999999999,1,0,0
300.2,311.5,1492,41.8,128,11.300000000000011,62365.6,5350.4,1,0,0
298.4,309.6,1655,30.2,146,11.200000000000045,49981.0,4409.2,1,0,0
298.7,310.1,1433,54.6,66,11.400000000000034,78241.8,3603.6,1,0,0
298.7,309.8,1354,53.3,212,11.100000000000023,72168.2,11299.599999999999,1,0,1
302.0,311.2,1270,65.3,182,9.199999999999989,82931.0,11884.6,1,0,1
301.0,309.6,1588,32.7,138,8.600000000000023,51927.600000000006,4512.6,0,1,0
297.4,308.7,1392,46.4,174,11.300000000000011,64588.799999999996,8073.599999999999,0,1,0
300.3,311.8,1551,37.2,9,11.5,57697.200000000004,334.8,1,0,0
299.7,309.2,1468,49.6,132,9.5,72812.8,6547.2,0,0,0
301.1,310.7,1367,43.4,111,9.599999999999966,59327.799999999996,4817.4,0,1,0
298.8,308.5,1395,44.4,33,9.699999999999989,61938.0,1465.2,1,0,0
300.7,310.4,1543,47.3,203,9.699999999999989,72983.9,9601.9,1,0,0
300.3,311.7,1655,29.9,193,11.399999999999977,49484.5,5770.7,0,0,0
298.1,308.7,1362,49.6,158,10.599999999999966,67555.2,7836.8,0,1,0
299.2,310.5,1548,33.5,35,11.300000000000011,51858.0,1172.5,0,1,0
296.8,307.8,1480,39.4,122,11.0,58312.0,4806.8,1,0,0
297.7,308.9,1838,27.3,99,11.199999999999989,50177.4,2702.7000000000003,1,0,0
299.7,309.6,1321,53.4,166,9.900000000000034,70541.4,8864.4,1,0,0
302.9,312.4,1698,33.8,202,9.5,57392.399999999994,6827.599999999999,1,0,0
299.2,308.6,1267,68.2,76,9.400000000000034,86409.40000000001,5183.2,1,0,1
300.6,310.4,1494,47.3,118,9.799999999999955,70666.2,5581.4,1,0,0
300.3,309.9,1447,46.5,28,9.599999999999966,67285.5,1302.0,0,1,0
300.1,309.7,1441,40.1,46,9.599999999999966,57784.1,1844.6000000000001,1,0,0
301.4,310.7,1376,50.6,25,9.300000000000011,69625.6,1265.0,1,0,0
300.0,309.3,1558,29.7,168,9.300000000000011,46272.6,4989.599999999999,1,0,0
300.7,310.6,1609,27.6,108,9.900000000000034,44408.4,2980.8,0,1,0
301.0,311.0,1634,31.2,182,10.0,50980.799999999996,5678.4,1,0,0
297.4,308.4,1478,46.2,95,11.0,68283.6,4389.0,0,1,0
302.2,310.5,1832,23.7,129,8.300000000000011,43418.4,3057.2999999999997,0,1,0
298.7,310.2,1402,45.9,30,11.5,64351.799999999996,1377.0,1,0,0
297.5,308.9,1596,30.7,5,11.399999999999977,48997.2,153.5,1,0,0
304.0,313.2,1437,53.9,7,9.199999999999989,77454.3,377.3,0,1,0
301.3,310.8,1628,32.2,43,9.5,52421.600000000006,1384.6000000000001,1,0,0
297.0,307.9,1569,33.3,141,10.899999999999977,52247.7,4695.299999999999,0,1,0
300.2,311.6,1547,37.7,217,11.400000000000034,58321.9,8180.900000000001,0,0,0
296.7,307.9,1420,50.1,138,11.199999999999989,71142.0,6913.8,1,0,0
302.5,310.4,1509,37.6,45,7.899999999999977,56738.4,1692.0,0,1,0
302.3,310.9,1558,31.9,207,8.599999999999966,49700.2,6603.299999999999,0,1,0
298.2,308.2,1407,47.1,153,10.0,66269.7,7206.3,1,0,0
297.4,308.4,1441,46.8,116,11.0,67438.8,5428.799999999999,0,1,0
303.9,313.3,1526,40.7,164,9.400000000000034,62108.200000000004,6674.8,1,0,0
300.8,311.8,1427,43.3,180,11.0,61789.1,7793.999999999999,1,0,0
297.9,309.0,1562,35.8,40,11.100000000000023,55919.6,1432.0,1,0,0
299.4,308.7,1459,47.6,96,9.300000000000011,69448.40000000001,4569.6,1,0,0
295.5,306.1,1573,35.1,129,10.600000000000023,55212.3,4527.900000000001,1,0,0
298.2,310.0,1433,44.2,68,11.800000000000011,63338.600000000006,3005.6000000000004,0,0,0
295.3,305.7,1475,51.0,187,10.399999999999977,75225.0,9537.0,1,0,0
300.7,310.2,1569,32.8,31,9.5,51463.2,1016.8,1,0,0
302.3,311.7,1414,47.0,11,9.399999999999977,66458.0,517.0,1,0,0
301.5,310.6,1481,46.8,20,9.100000000000023,69310.8,936.0,1,0,0
299.2,309.0,1597,30.3,115,9.800000000000011,48389.1,3484.5,0,1,0
298.8,310.0,1530,38.3,53,11.199999999999989,58598.99999999999,2029.8999999999999,0,0,0
303.5,312.7,2116,16.7,45,9.199999999999989,35337.2,751.5,0,1,0
298.2,309.5,1478,36.5,182,11.300000000000011,53947.0,6643.0,0,1,0
297.5,308.4,1793,23.9,28,10.899999999999977,42852.7,669.1999999999999,0,0,0
299.2,309.1,1410,47.1,9,9.900000000000034,66411.0,423.90000000000003,0,0,0
298.7,310.2,1363,45.5,28,11.5,62016.5,1274.0,1,0,0
297.4,308.5,1399,61.5,61,11.100000000000023,86038.5,3751.5,1,0,1
300.4,311.6,1332,54.6,111,11.200000000000045,72727.2,6060.6,1,0,0
300.1,311.4,1342,48.5,203,11.299999999999955,65087.0,9845.5,0,1,0
296.4,307.4,2833,5.6,213,11.0,15864.8,1192.8,1,0,1
298.4,308.1,1598,32.7,94,9.700000000000045,52254.600000000006,3073.8,1,0,0
302.2,310.6,1462,43.6,0,8.400000000000034,63743.200000000004,0.0,1,0,0
300.8,312.0,1496,40.0,175,11.199999999999989,59840.0,7000.0,1,0,0
297.1,307.9,1456,50.0,166,10.799999999999955,72800.0,8300.0,1,0,0
303.7,312.3,1756,26.4,190,8.600000000000023,46358.399999999994,5016.0,0,1,0
296.9,308.1,1483,44.3,219,11.200000000000045,65696.9,9701.699999999999,0,1,0
297.8,309.2,1372,47.3,15,11.399999999999977,64895.6,709.5,1,0,0
298.1,307.6,1764,27.7,23,9.5,48862.799999999996,637.1,0,1,0
300.3,309.8,1523,39.2,24,9.5,59701.600000000006,940.8000000000001,1,0,0
299.9,309.5,1567,35.5,171,9.600000000000023,55628.5,6070.5,1,0,0
302.3,311.2,1297,62.5,109,8.899999999999977,81062.5,6812.5,1,0,0
299.1,310.0,1431,49.5,205,10.899999999999977,70834.5,10147.5,0,0,0
301.6,309.9,1440,43.4,100,8.299999999999955,62496.0,4340.0,1,0,0
298.7,308.5,1616,30.2,34,9.800000000000011,48803.2,1026.8,1,0,0
302.3,311.7,1486,39.6,147,9.399999999999977,58845.6,5821.2,0,1,0
304.0,312.9,1363,62.5,200,8.899999999999977,85187.5,12500.0,1,0,1
297.8,309.8,1533,36.8,198,12.0,56414.399999999994,7286.4,1,0,0
301.7,310.2,1471,51.1,8,8.5,75168.1,408.8,1,0,0
302.9,312.4,1659,33.1,152,9.5,54912.9,5031.2,0,1,0
303.7,312.4,1474,38.8,139,8.699999999999989,57191.2,5393.2,0,1,0
302.6,311.6,1518,39.0,184,9.0,59202.0,7176.0,0,1,0
297.3,308.7,1506,39.3,187,11.399999999999977,59185.799999999996,7349.099999999999,1,0,0
301.7,311.3,1584,38.8,132,9.600000000000023,61459.2,5121.599999999999,1,0,0
297.4,308.4,1343,40.0,61,11.0,53720.0,2440.0,1,0,0
299.6,310.1,1384,49.8,11,10.5,68923.2,547.8,1,0,0
301.6,310.5,1593,34.5,102,8.899999999999977,54958.5,3519.0,1,0,0
299.0,310.1,1362,59.5,46,11.100000000000023,81039.0,2737.0,1,0,0
298.6,309.4,1407,45.1,176,10.799999999999955,63455.700000000004,7937.6,0,1,0
295.6,306.2,1612,31.2,131,10.599999999999966,50294.4,4087.2,1,0,0
298.1,308.7,1691,30.3,49,10.599999999999966,51237.3,1484.7,1,0,0
300.2,309.7,1771,27.1,104,9.5,47994.100000000006,2818.4,1,0,0
302.1,311.4,1549,44.6,31,9.299999999999955,69085.40000000001,1382.6000000000001,1,0,0
300.2,311.5,1528,36.1,125,11.300000000000011,55160.8,4512.5,1,0,0
298.8,309.6,1442,50.0,104,10.800000000000011,72100.0,5200.0,1,0,0
299.0,308.7,1583,32.5,25,9.699999999999989,51447.5,812.5,1,0,0
303.9,313.0,1475,41.0,11,9.100000000000023,60475.0,451.0,0,1,0
303.9,313.1,1514,41.1,121,9.200000000000045,62225.4,4973.1,0,1,0
303.7,312.7,1564,40.2,150,9.0,62872.8,6030.0,0,0,0
298.2,309.0,1360,56.8,107,10.800000000000011,77248.0,6077.599999999999,0,0,0
302.4,311.8,1433,42.2,134,9.400000000000034,60472.600000000006,5654.8,1,0,0
298.3,308.6,1589,37.1,137,10.300000000000011,58951.9,5082.7,0,1,0
300.7,311.1,1438,46.6,103,10.400000000000034,67010.8,4799.8,0,1,0
297.2,308.0,1869,25.4,163,10.800000000000011,47472.6,4140.2,1,0,0
302.3,311.0,1546,35.5,70,8.699999999999989,54883.0,2485.0,0,1,0
300.0,309.0,1368,45.8,81,9.0,62654.399999999994,3709.7999999999997,0,1,0
301.7,310.1,1402,50.1,3,8.400000000000034,70240.2,150.3,1,0,0
298.6,308.4,1397,46.4,36,9.799999999999955,64820.799999999996,1670.3999999999999,1,0,0
298.9,308.9,1450,47.5,9,10.0,68875.0,427.5,1,0,0
298.9,308.4,1301,51.1,138,9.5,66481.1,7051.8,1,0,0
296.2,307.2,1385,44.0,5,11.0,60940.0,220.0,0,1,0
300.2,311.4,1570,35.3,138,11.199999999999989,55420.99999999999,4871.4,0,1,0
302.8,312.3,1764,29.9,162,9.5,52743.6,4843.8,1,0,0
304.0,313.2,1517,43.1,96,9.199999999999989,65382.700000000004,4137.6,0,0,0
298.7,308.5,1353,47.0,190,9.800000000000011,63591.0,8930.0,1,0,0
300.6,309.4,1471,44.1,244,8.799999999999955,64871.1,10760.4,1,0,0
303.5,312.5,1380,46.1,166,9.0,63618.0,7652.6,1,0,0
298.9,310.2,1409,54.8,140,11.300000000000011,77213.2,7672.0,1,0,0
299.4,309.2,1552,37.4,37,9.800000000000011,58044.799999999996,1383.8,1,0,0
296.3,307.3,1398,52.7,31,11.0,73674.6,1633.7,1,0,0
300.8,311.6,1568,36.0,23,10.800000000000011,56448.0,828.0,1,0,0
300.2,310.2,1429,43.8,54,10.0,62590.2,2365.2,0,1,0
300.7,310.6,1447,40.7,82,9.900000000000034,58892.9,3337.4,1,0,0
300.5,311.4,1312,51.4,60,10.899999999999977,67436.8,3084.0,0,1,0
297.4,308.6,1680,32.8,200,11.200000000000045,55103.99999999999,6559.999999999999,1,0,0
300.4,310.5,1578,32.8,26,10.100000000000023,51758.399999999994,852.8,1,0,0
298.8,308.4,1737,27.7,130,9.599999999999966,48114.9,3601.0,1,0,0
302.7,312.2,1611,34.1,186,9.5,54935.100000000006,6342.6,1,0,0
297.9,307.8,1303,59.3,75,9.900000000000034,77267.9,4447.5,0,1,0
301.9,310.8,1735,31.5,66,8.900000000000034,54652.5,2079.0,1,0,0
297.4,308.2,1419,50.0,52,10.800000000000011,70950.0,2600.0,1,0,0
298.8,309.1,1512,40.7,156,10.300000000000011,61538.4,6349.200000000001,1,0,0
299.1,308.3,1424,43.4,16,9.199999999999989,61801.6,694.4,0,0,0
296.7,307.7,1502,43.9,84,11.0,65937.8,3687.6,1,0,0
301.8,310.6,1441,46.3,100,8.800000000000011,66718.3,4630.0,0,0,0
300.6,310.5,1509,43.1,31,9.899999999999977,65037.9,1336.1000000000001,1,0,0
302.5,310.3,1523,36.0,72,7.800000000000011,54828.0,2592.0,1,0,0
301.8,310.5,1593,34.9,139,8.699999999999989,55595.7,4851.099999999999,1,0,0
301.2,310.3,1497,45.7,76,9.100000000000023,68412.90000000001,3473.2000000000003,1,0,0
298.9,310.0,1456,43.8,15,11.100000000000023,63772.799999999996,657.0,0,1,0
300.5,310.3,1336,57.1,29,9.800000000000011,76285.6,1655.9,1,0,0
298.7,309.6,1738,27.3,79,10.900000000000034,47447.4,2156.7000000000003,0,1,0
301.6,310.6,1691,30.1,40,9.0,50899.100000000006,1204.0,0,1,0
298.1,308.0,1426,46.0,61,9.899999999999977,65596.0,2806.0,1,0,0
299.4,310.9,1751,27.8,10,11.5,48677.8,278.0,1,0,0
299.3,309.1,1388,45.5,123,9.800000000000011,63154.0,5596.5,1,0,0
299.3,308.8,1636,29.9,201,9.5,48916.399999999994,6009.9,1,0,0
299.5,309.3,1675,29.2,132,9.800000000000011,48910.0,3854.4,0,1,0
295.5,306.2,1448,48.9,65,10.699999999999989,70807.2,3178.5,1,0,0
300.2,310.2,1378,43.9,193,10.0,60494.2,8472.699999999999,1,0,0
297.4,308.2,1297,52.1,211,10.800000000000011,67573.7,10993.1,1,0,0
298.6,309.2,1742,30.0,37,10.599999999999966,52260.0,1110.0,0,1,0
297.8,309.2,1295,61.2,12,11.399999999999977,79254.0,734.4000000000001,0,1,0
299.5,309.3,1409,44.7,46,9.800000000000011,62982.3,2056.2000000000003,1,0,0
299.0,310.0,1360,48.1,37,11.0,65416.0,1779.7,1,0,0
301.7,310.6,1417,45.2,185,8.900000000000034,64048.4,8362.0,0,1,0
298.8,310.1,1567,36.8,197,11.300000000000011,57665.6,7249.599999999999,0,0,0
297.4,308.8,1325,62.4,204,11.400000000000034,82680.0,12729.6,0,1,1
302.4,310.2,1400,53.7,175,7.800000000000011,75180.0,9397.5,1,0,0
300.5,309.4,1502,34.3,40,8.899999999999977,51518.6,1372.0,0,0,0
302.2,310.6,1355,51.5,126,8.400000000000034,69782.5,6489.0,0,1,1
297.7,309.0,1531,42.4,38,11.300000000000011,64914.4,1611.2,0,1,0
302.4,311.1,1887,22.4,197,8.700000000000045,42268.799999999996,4412.799999999999,0,1,0
297.4,308.3,1336,53.7,61,10.900000000000034,71743.2,3275.7000000000003,1,0,0
302.6,312.0,1781,28.5,196,9.399999999999977,50758.5,5586.0,1,0,0
300.0,309.1,1401,44.5,0,9.100000000000023,62344.5,0.0,1,0,0
297.6,309.5,1617,36.2,42,11.899999999999977,58535.4,1520.4,1,0,0
300.1,310.5,1500,39.8,107,10.399999999999977,59699.99999999999,4258.599999999999,1,0,0
298.7,308.5,1480,42.2,58,9.800000000000011,62456.00000000001,2447.6000000000004,1,0,0
299.8,310.9,1545,40.7,166,11.099999999999966,62881.50000000001,6756.200000000001,1,0,0
299.3,310.4,1510,45.5,27,11.099999999999966,68705.0,1228.5,0,0,0
298.8,309.0,1592,38.2,169,10.199999999999989,60814.4,6455.8,0,1,0
299.9,309.4,1889,26.0,6,9.5,49114.0,156.0,0,1,0
297.6,309.4,1628,33.4,229,11.799999999999955,54375.2,7648.599999999999,1,0,0
303.8,313.2,1381,52.4,140,9.399999999999977,72364.4,7336.0,0,0,0
297.8,309.0,1340,56.9,6,11.199999999999989,76246.0,341.4,1,0,0
301.0,310.9,1575,34.6,150,9.899999999999977,54495.0,5190.0,0,1,0
304.0,313.3,1519,36.7,117,9.300000000000011,55747.3,4293.900000000001,1,0,0
302.2,310.4,1743,28.1,170,8.199999999999989,48978.3,4777.0,1,0,0
301.7,310.1,1500,39.6,56,8.400000000000034,59400.0,2217.6,1,0,0
300.4,311.5,1596,32.5,154,11.100000000000023,51870.0,5005.0,1,0,0
300.4,309.7,1367,51.2,143,9.300000000000011,69990.40000000001,7321.6,0,1,0
302.2,311.1,1728,34.0,179,8.900000000000034,58752.0,6086.0,0,1,0
297.9,307.5,1642,32.4,126,9.600000000000023,53200.799999999996,4082.3999999999996,0,1,0
295.6,306.2,1428,44.5,51,10.599999999999966,63546.0,2269.5,1,0,0
299.2,308.4,1529,43.0,50,9.199999999999989,65747.0,2150.0,0,1,0
300.7,312.3,1548,37.9,58,11.600000000000023,58669.2,2198.2,1,0,0
300.1,309.1,1551,33.7,214,9.0,52268.700000000004,7211.8,1,0,0
301.9,310.6,1412,46.5,89,8.700000000000045,65658.0,4138.5,0,1,0
297.4,309.2,1420,45.6,193,11.800000000000011,64752.0,8800.800000000001,1,0,0
300.6,310.4,2514,13.4,215,9.799999999999955,33687.6,2881.0,1,0,0
298.3,309.1,1904,20.3,140,10.800000000000011,38651.200000000004,2842.0,1,0,0
298.4,309.2,1399,45.2,125,10.800000000000011,63234.8,5650.0,0,1,0
301.8,311.0,1756,26.7,33,9.199999999999989,46885.2,881.1,0,1,0
300.3,311.6,1374,47.4,197,11.300000000000011,65127.6,9337.8,1,0,0
302.0,309.9,1308,57.6,197,7.899999999999977,75340.8,11347.2,1,0,1
304.1,313.4,1696,29.6,65,9.299999999999955,50201.600000000006,1924.0,0,0,0
297.9,307.9,1540,39.8,38,10.0,61291.99999999999,1512.3999999999999,0,1,0
299.1,310.1,1435,48.8,229,11.0,70028.0,11175.199999999999,1,0,1
300.1,311.5,1383,49.1,33,11.399999999999977,67905.3,1620.3,0,0,0
302.7,312.4,1477,46.3,251,9.699999999999989,68385.09999999999,11621.3,1,0,1
300.6,311.7,1556,34.9,76,11.099999999999966,54304.399999999994,2652.4,1,0,0
303.1,311.2,1394,45.3,144,8.099999999999966,63148.2,6523.2,1,0,0
297.7,307.4,1432,40.2,132,9.699999999999989,57566.4,5306.400000000001,0,0,0
299.7,310.6,1737,26.1,144,10.900000000000034,45335.700000000004,3758.4,1,0,0
299.0,308.6,1297,54.2,110,9.600000000000023,70297.40000000001,5962.0,1,0,0
298.6,309.7,1429,45.8,113,11.099999999999966,65448.2,5175.4,1,0,0
297.4,308.4,2151,17.7,0,11.0,38072.7,0.0,1,0,0
300.8,310.4,1368,46.8,21,9.599999999999966,64022.399999999994,982.8,1,0,0
299.0,310.2,1477,37.9,60,11.199999999999989,55978.299999999996,2274.0,1,0,0
297.4,308.3,1632,33.5,39,10.900000000000034,54672.0,1306.5,1,0,0
300.7,309.6,1329,54.3,80,8.900000000000034,72164.7,4344.0,1,0,0
303.0,312.7,1553,35.8,122,9.699999999999989,55597.399999999994,4367.599999999999,0,1,0
298.5,309.6,1582,40.3,103,11.100000000000023,63754.6,4150.9,1,0,0
297.2,308.6,1486,46.6,98,11.400000000000034,69247.6,4566.8,0,0,0
303.3,311.5,1384,54.8,48,8.199999999999989,75843.2,2630.3999999999996,0,1,0
303.7,312.6,1711,27.6,170,8.900000000000034,47223.600000000006,4692.0,0,0,0
298.0,307.5,1431,52.9,92,9.5,75699.9,4866.8,0,1,0
300.1,311.2,1489,39.1,188,11.099999999999966,58219.9,7350.8,1,0,0
299.4,309.3,1401,59.0,38,9.900000000000034,82659.0,2242.0,1,0,0
298.2,308.6,1353,54.1,38,10.400000000000034,73197.3,2055.8,1,0,0
299.6,310.8,1498,46.9,116,11.199999999999989,70256.2,5440.4,1,0,0
297.2,308.3,1379,52.1,21,11.100000000000023,71845.90000000001,1094.1000000000001,1,0,0
302.1,311.0,1351,60.3,207,8.899999999999977,81465.3,12482.099999999999,0,1,1
299.7,311.2,1616,42.3,180,11.5,68356.79999999999,7613.999999999999,0,1,0
299.7,309.3,1417,54.6,131,9.600000000000023,77368.2,7152.6,1,0,0
302.1,310.5,1559,36.0,124,8.399999999999977,56124.0,4464.0,1,0,0
297.8,308.3,1435,50.1,189,10.5,71893.5,9468.9,1,0,0
297.3,308.3,1538,38.5,47,11.0,59213.0,1809.5,1,0,0
299.2,308.5,1515,39.8,141,9.300000000000011,60296.99999999999,5611.799999999999,1,0,0
303.5,312.3,1946,21.1,112,8.800000000000011,41060.600000000006,2363.2000000000003,1,0,0
300.6,309.6,1290,57.4,119,9.0,74046.0,6830.599999999999,1,0,0
299.0,310.3,1657,31.0,70,11.300000000000011,51367.0,2170.0,0,1,0
298.0,307.6,1569,35.6,173,9.600000000000023,55856.4,6158.8,0,1,0
302.1,311.0,1574,34.1,215,8.899999999999977,53673.4,7331.5,0,1,0
299.4,309.1,1373,44.1,81,9.700000000000045,60549.3,3572.1,0,0,0
297.4,308.2,1401,51.9,117,10.800000000000011,72711.9,6072.3,0,1,0
301.0,310.5,1317,50.9,75,9.5,67035.3,3817.5,1,0,0
299.3,310.8,1523,40.9,141,11.5,62290.7,5766.9,0,1,0
298.1,308.7,1315,56.8,59,10.599999999999966,74692.0,3351.2,0,1,0
301.1,311.2,1910,20.2,41,10.099999999999966,38582.0,828.1999999999999,1,0,0
297.5,309.4,1650,34.6,142,11.899999999999977,57090.0,4913.2,1,0,0
300.6,311.9,1472,44.2,126,11.299999999999955,65062.4,5569.200000000001,1,0,0
301.9,310.5,1425,51.1,173,8.600000000000023,72817.5,8840.300000000001,1,0,0
300.1,309.3,1469,43.9,20,9.199999999999989,64489.1,878.0,0,1,0
302.0,309.7,1551,34.8,207,7.699999999999989,53974.799999999996,7203.599999999999,1,0,0
300.2,310.2,1530,48.5,15,10.0,74205.0,727.5,1,0,0
299.4,309.1,1957,22.1,55,9.700000000000045,43249.700000000004,1215.5,1,0,0
298.3,308.4,1444,47.5,178,10.099999999999966,68590.0,8455.0,0,1,0
298.0,307.8,1483,50.9,26,9.800000000000011,75484.7,1323.3999999999999,0,1,0
302.0,310.1,1409,50.4,172,8.100000000000023,71013.59999999999,8668.8,1,0,0
301.6,310.4,1455,39.0,118,8.799999999999955,56745.0,4602.0,0,1,0
298.8,310.5,1678,32.8,4,11.699999999999989,55038.399999999994,131.2,0,1,0
301.2,310.4,1390,49.9,74,9.199999999999989,69361.0,3692.6,1,0,0
297.5,308.8,1471,52.3,152,11.300000000000011,76933.3,7949.599999999999,0,1,0
300.8,311.0,1578,44.4,86,10.199999999999989,70063.2,3818.4,1,0,0
303.7,312.6,1621,38.8,182,8.900000000000034,62894.799999999996,7061.599999999999,1,0,0
298.0,307.6,1459,44.4,163,9.600000000000023,64779.6,7237.2,0,1,0
302.4,311.4,1831,26.9,121,9.0,49253.899999999994,3254.8999999999996,1,0,0
299.3,310.6,1480,45.1,107,11.300000000000011,66748.0,4825.7,1,0,0
298.0,308.3,1544,34.7,213,10.300000000000011,53576.8,7391.1,1,0,0
295.7,306.3,1347,50.4,46,10.600000000000023,67888.8,2318.4,0,1,0
296.3,307.3,1566,35.8,175,11.0,56062.799999999996,6264.999999999999,1,0,0
299.9,309.6,1280,59.3,163,9.700000000000045,75904.0,9665.9,1,0,0
299.1,308.8,1502,38.3,88,9.699999999999989,57526.6,3370.3999999999996,1,0,0
298.5,308.6,1384,54.4,44,10.100000000000023,75289.59999999999,2393.6,0,1,0
302.2,311.4,1449,46.5,60,9.199999999999989,67378.5,2790.0,1,0,0
298.8,309.1,1362,45.4,113,10.300000000000011,61834.799999999996,5130.2,1,0,0
298.0,309.1,1574,34.8,40,11.100000000000023,54775.2,1392.0,0,1,0
302.7,312.2,1336,46.8,179,9.5,62524.799999999996,8377.199999999999,1,0,0
299.2,308.2,1674,28.2,14,9.0,47206.799999999996,394.8,0,1,0
299.7,309.2,1608,34.4,68,9.5,55315.2,2339.2,0,1,0
298.0,308.7,1629,34.3,191,10.699999999999989,55874.7,6551.299999999999,1,0,0
302.5,311.9,1265,59.8,119,9.399999999999977,75647.0,7116.2,1,0,0
298.3,309.4,1546,36.1,94,11.099999999999966,55810.600000000006,3393.4,1,0,0
301.8,310.7,1461,44.2,49,8.899999999999977,64576.200000000004,2165.8,1,0,0
304.2,313.5,1557,37.3,164,9.300000000000011,58076.1,6117.2,0,1,0
298.0,308.7,1392,53.4,104,10.699999999999989,74332.8,5553.599999999999,0,1,0
302.2,311.5,1567,33.1,168,9.300000000000011,51867.700000000004,5560.8,1,0,0
301.5,310.7,1423,44.0,222,9.199999999999989,62612.0,9768.0,1,0,0
302.0,311.2,1420,45.8,192,9.199999999999989,65035.99999999999,8793.599999999999,1,0,0
301.9,310.9,1486,40.3,6,9.0,59885.799999999996,241.79999999999998,1,0,0
300.7,310.9,1486,38.9,106,10.199999999999989,57805.4,4123.4,0,1,0
299.7,310.3,1661,34.5,6,10.600000000000023,57304.5,207.0,0,1,0
297.3,308.3,1459,59.6,207,11.0,86956.40000000001,12337.2,0,1,1
297.4,309.4,1539,42.2,134,12.0,64945.8,5654.8,0,1,0
297.1,307.8,1454,50.6,94,10.699999999999989,73572.40000000001,4756.400000000001,1,0,0
299.3,310.8,1391,46.9,21,11.5,65237.9,984.9,1,0,0
300.3,309.1,1699,30.3,178,8.800000000000011,51479.700000000004,5393.400000000001,1,0,0
298.5,309.3,1692,26.7,118,10.800000000000011,45176.4,3150.6,0,1,0
300.9,310.8,1390,40.6,131,9.900000000000034,56434.0,5318.6,0,0,0
302.9,312.3,1417,48.7,26,9.400000000000034,69007.90000000001,1266.2,0,0,0
297.4,308.8,1651,34.1,163,11.400000000000034,56299.100000000006,5558.3,1,0,0
302.9,312.2,1340,57.8,90,9.300000000000011,77452.0,5202.0,1,0,0
300.5,310.2,1386,48.2,225,9.699999999999989,66805.2,10845.0,0,1,0
303.7,312.3,1511,38.9,117,8.600000000000023,58777.9,4551.3,1,0,0
300.5,309.7,1616,34.5,155,9.199999999999989,55752.0,5347.5,1,0,0
302.4,312.1,1492,47.7,7,9.700000000000045,71168.40000000001,333.90000000000003,0,1,0
302.6,311.6,1311,53.2,0,9.0,69745.2,0.0,1,0,0
302.5,311.9,1306,59.7,172,9.399999999999977,77968.2,10268.4,1,0,0
300.6,311.9,1629,35.3,0,11.299999999999955,57503.7,0.0,0,1,0
300.3,311.6,1560,37.7,107,11.300000000000011,58812.00000000001,4033.9,1,0,0
300.0,310.1,1714,28.7,55,10.100000000000023,49191.799999999996,1578.5,0,0,0
299.1,310.3,1459,46.7,84,11.199999999999989,68135.3,3922.8,1,0,0
299.4,310.4,1582,31.7,181,11.0,50149.4,5737.7,1,0,0
300.1,309.5,1450,40.1,100,9.399999999999977,58145.0,4010.0,1,0,0
299.3,310.5,1563,42.1,19,11.199999999999989,65802.3,799.9,0,1,0
298.1,308.6,1354,53.9,207,10.5,72980.59999999999,11157.3,1,0,1
297.6,308.7,1319,50.9,141,11.099999999999966,67137.09999999999,7176.9,1,0,0
297.0,307.9,1846,27.3,179,10.899999999999977,50395.8,4886.7,0,0,0
301.5,310.7,1618,35.5,218,9.199999999999989,57439.0,7739.0,1,0,0
300.0,310.1,1314,53.5,199,10.100000000000023,70299.0,10646.5,0,1,0
298.2,308.4,1424,47.6,179,10.199999999999989,67782.40000000001,8520.4,1,0,0
297.4,308.4,1573,34.5,205,11.0,54268.5,7072.5,1,0,0
300.5,309.8,1379,54.2,207,9.300000000000011,74741.8,11219.400000000001,1,0,1
297.9,309.2,1478,39.7,10,11.300000000000011,58676.600000000006,397.0,1,0,0
300.3,309.9,1494,38.5,33,9.599999999999966,57519.0,1270.5,0,1,0
302.1,310.1,1753,28.9,176,8.0,50661.7,5086.4,1,0,0
299.0,310.1,1487,47.5,123,11.100000000000023,70632.5,5842.5,0,1,0
301.4,310.8,1543,36.9,97,9.400000000000034,56936.7,3579.2999999999997,1,0,0
301.8,309.5,1732,30.1,220,7.699999999999989,52133.200000000004,6622.0,0,1,0
300.8,311.4,1492,40.6,20,10.599999999999966,60575.200000000004,812.0,1,0,0
302.5,311.9,1347,54.3,125,9.399999999999977,73142.09999999999,6787.5,0,1,0
298.8,309.8,1490,38.6,127,11.0,57514.0,4902.2,0,1,0
296.2,306.8,1389,53.3,132,10.600000000000023,74033.7,7035.599999999999,1,0,0
299.2,310.3,1610,33.3,233,11.100000000000023,53612.99999999999,7758.9,1,0,0
298.8,309.7,2098,19.0,133,10.899999999999977,39862.0,2527.0,0,1,0
304.0,313.1,1720,28.7,106,9.100000000000023,49364.0,3042.2,1,0,0
302.3,310.1,1731,33.4,112,7.800000000000011,57815.399999999994,3740.7999999999997,0,1,0
300.4,311.8,1405,47.9,58,11.400000000000034,67299.5,2778.2,1,0,0
296.6,307.6,1498,41.1,80,11.0,61567.8,3288.0,1,0,0
300.3,311.6,1515,44.9,69,11.300000000000011,68023.5,3098.1,1,0,0
297.9,307.9,1412,44.5,85,10.0,62834.0,3782.5,1,0,0
303.5,312.4,1340,44.5,76,8.899999999999977,59630.0,3382.0,1,0,0
301.3,310.7,1761,24.3,174,9.399999999999977,42792.3,4228.2,1,0,0
301.1,311.7,1816,24.5,7,10.599999999999966,44492.0,171.5,1,0,0
299.0,308.5,1604,34.7,159,9.5,55658.8,5517.3,1,0,0
298.8,309.7,1529,44.0,136,10.899999999999977,67276.0,5984.0,1,0,0
303.3,311.8,1842,24.5,67,8.5,45129.0,1641.5,1,0,0
300.1,311.4,1913,21.9,15,11.299999999999955,41894.7,328.5,0,1,0
297.5,308.6,1497,43.9,91,11.100000000000023,65718.3,3994.9,1,0,0
300.8,310.8,1634,29.2,149,10.0,47712.799999999996,4350.8,1,0,0
299.6,309.3,1387,48.3,25,9.699999999999989,66992.09999999999,1207.5,0,1,0
298.6,309.6,1472,39.1,14,11.0,57555.200000000004,547.4,1,0,0
297.3,308.7,1556,36.7,114,11.399999999999977,57105.200000000004,4183.8,1,0,0
297.9,309.0,1456,46.5,52,11.100000000000023,67704.0,2418.0,1,0,0
297.3,308.4,1599,32.9,58,11.099999999999966,52607.1,1908.1999999999998,0,1,0
298.2,308.4,1678,34.6,81,10.199999999999989,58058.8,2802.6,0,0,0
298.0,309.4,1276,65.9,50,11.399999999999977,84088.40000000001,3295.0000000000005,0,1,0
300.2,309.9,1569,31.2,176,9.699999999999989,48952.799999999996,5491.2,0,1,0
298.2,308.7,1408,40.0,9,10.5,56320.0,360.0,1,0,0
302.4,310.1,1597,28.9,179,7.7000000000000455,46153.299999999996,5173.099999999999,0,0,0
300.6,309.4,1442,43.2,96,8.799999999999955,62294.4,4147.200000000001,1,0,0
298.2,309.0,1601,35.8,43,10.800000000000011,57315.799999999996,1539.3999999999999,1,0,0
299.1,310.5,1428,43.0,53,11.399999999999977,61404.0,2279.0,0,1,0
301.9,309.6,1446,43.2,225,7.7000000000000455,62467.200000000004,9720.0,1,0,0
300.5,310.6,1448,46.3,173,10.100000000000023,67042.4,8009.9,1,0,0
300.1,309.6,1565,34.8,32,9.5,54461.99999999999,1113.6,1,0,0
299.6,309.5,1803,27.7,159,9.899999999999977,49943.1,4404.3,1,0,0
298.9,309.6,1472,46.0,199,10.700000000000045,67712.0,9154.0,0,1,0
302.5,311.9,1497,41.6,123,9.399999999999977,62275.200000000004,5116.8,1,0,0
301.0,309.9,1507,41.8,19,8.899999999999977,62992.6,794.1999999999999,1,0,0
304.1,313.6,1382,46.7,134,9.5,64539.4,6257.8,1,0,0
301.7,311.0,1505,44.0,187,9.300000000000011,66220.0,8228.0,0,1,0
300.3,309.9,1677,30.1,130,9.599999999999966,50477.700000000004,3913.0,0,0,0
299.8,310.5,1375,53.9,110,10.699999999999989,74112.5,5929.0,0,1,0
298.8,308.6,1500,37.1,210,9.800000000000011,55650.0,7791.0,0,1,0
297.5,308.5,1699,30.1,40,11.0,51139.9,1204.0,0,1,0
297.6,309.2,1611,33.1,155,11.599999999999966,53324.100000000006,5130.5,1,0,0
299.2,310.3,1429,40.1,23,11.100000000000023,57302.9,922.3000000000001,1,0,0
300.2,311.5,1495,38.5,69,11.300000000000011,57557.5,2656.5,1,0,0
301.6,310.7,1421,44.4,94,9.099999999999966,63092.4,4173.599999999999,0,1,0
298.8,310.5,1384,52.8,200,11.699999999999989,73075.2,10560.0,1,0,0
302.4,310.9,1349,46.1,148,8.5,62188.9,6822.8,1,0,1
301.9,310.6,1475,47.8,179,8.700000000000045,70505.0,8556.199999999999,0,1,0
299.1,310.3,1619,31.1,242,11.199999999999989,50350.9,7526.200000000001,1,0,0
304.2,313.7,2113,18.4,139,9.5,38879.2,2557.6,0,1,0
298.5,308.1,1662,28.6,48,9.600000000000023,47533.200000000004,1372.8000000000002,1,0,0
304.1,313.3,1689,32.5,134,9.199999999999989,54892.5,4355.0,0,0,0
299.0,310.3,1428,46.3,175,11.300000000000011,66116.4,8102.499999999999,1,0,0
299.3,308.9,1858,24.7,101,9.599999999999966,45892.6,2494.7,0,1,0
300.9,311.0,1567,34.3,130,10.100000000000023,53748.1,4459.0,0,1,0
303.7,313.1,1683,28.4,46,9.400000000000034,47797.2,1306.3999999999999,1,0,0
300.8,310.8,1460,53.8,41,10.0,78548.0,2205.7999999999997,1,0,0
302.7,312.2,1572,34.4,228,9.5,54076.799999999996,7843.2,1,0,0
303.7,312.0,1892,22.5,79,8.300000000000011,42570.0,1777.5,1,0,0
300.9,311.9,1310,56.1,35,11.0,73491.0,1963.5,0,1,0
300.6,310.6,1463,45.5,196,10.0,66566.5,8918.0,0,1,0
301.7,311.2,1589,37.9,75,9.5,60223.1,2842.5,1,0,0
296.9,307.6,1685,32.0,10,10.700000000000045,53920.0,320.0,0,1,0
302.0,311.1,1406,50.5,187,9.100000000000023,71003.0,9443.5,1,0,0
299.8,309.0,1614,30.8,100,9.199999999999989,49711.200000000004,3080.0,1,0,0
303.4,311.8,1306,61.0,215,8.400000000000034,79666.0,13115.0,1,0,1
300.2,311.8,1748,28.5,184,11.600000000000023,49818.0,5244.0,0,1,0
298.8,309.8,1508,36.3,69,11.0,54740.399999999994,2504.7,1,0,0
300.1,310.1,1569,43.5,17,10.0,68251.5,739.5,1,0,0
301.3,310.7,1608,31.4,86,9.399999999999977,50491.2,2700.4,1,0,0
302.6,311.8,1627,31.8,23,9.199999999999989,51738.6,731.4,1,0,0
300.9,310.8,1490,38.1,125,9.900000000000034,56769.0,4762.5,1,0,0
298.3,310.1,1509,37.6,85,11.800000000000011,56738.4,3196.0,0,0,0
301.6,310.9,1706,29.5,193,9.299999999999955,50327.0,5693.5,1,0,0
297.6,308.6,1491,38.1,152,11.0,56807.1,5791.2,1,0,0
300.8,312.0,1274,67.3,159,11.199999999999989,85740.2,10700.699999999999,0,1,0
301.0,312.0,1499,34.6,207,11.0,51865.4,7162.200000000001,0,1,0
300.1,309.6,1546,36.7,77,9.5,56738.200000000004,2825.9,1,0,0
303.6,312.6,1699,27.9,160,9.0,47402.1,4464.0,1,0,0
297.9,307.8,1286,59.5,55,9.900000000000034,76517.0,3272.5,1,0,0
302.0,310.6,1583,38.9,94,8.600000000000023,61578.7,3656.6,1,0,0
301.0,312.3,1424,43.5,136,11.300000000000011,61944.0,5916.0,1,0,0
298.6,309.2,1311,46.6,44,10.599999999999966,61092.6,2050.4,0,1,0
303.7,312.1,1363,51.8,90,8.400000000000034,70603.4,4662.0,1,0,1
298.6,309.4,1447,40.2,173,10.799999999999955,58169.4,6954.6,1,0,0
299.3,310.5,1281,59.8,15,11.199999999999989,76603.8,897.0,1,0,0
298.1,308.0,2129,18.4,45,9.899999999999977,39173.6,827.9999999999999,0,1,0
298.2,308.0,1658,30.0,3,9.800000000000011,49740.0,90.0,1,0,0
302.0,310.4,1464,47.2,159,8.399999999999977,69100.8,7504.8,1,0,0
303.7,312.5,1433,53.6,185,8.800000000000011,76808.8,9916.0,1,0,0
298.9,308.2,1335,47.8,40,9.300000000000011,63812.99999999999,1912.0,0,1,0
301.3,311.2,1438,42.4,7,9.899999999999977,60971.2,296.8,0,1,0
297.5,308.7,1352,53.0,171,11.199999999999989,71656.0,9063.0,0,1,0
302.4,310.2,1642,28.3,88,7.800000000000011,46468.6,2490.4,1,0,0
300.5,311.9,1383,50.5,35,11.399999999999977,69841.5,1767.5,1,0,0
296.9,308.1,1741,28.8,60,11.200000000000045,50140.8,1728.0,1,0,0
301.4,311.1,1758,25.4,88,9.700000000000045,44653.2,2235.2,0,1,0
298.2,309.0,1694,28.0,5,10.800000000000011,47432.0,140.0,0,1,0
300.6,310.3,1794,24.4,211,9.699999999999989,43773.6,5148.4,1,0,0
300.7,309.6,1439,43.0,61,8.900000000000034,61877.0,2623.0,0,1,0
300.6,309.8,1447,42.9,12,9.199999999999989,62076.299999999996,514.8,0,1,0
297.5,308.5,1530,38.5,93,11.0,58905.0,3580.5,1,0,0
302.9,312.5,1903,21.2,23,9.600000000000023,40343.6,487.59999999999997,0,1,0
298.4,309.5,1514,38.8,128,11.100000000000023,58743.2,4966.4,0,1,0
303.6,313.1,1405,38.3,58,9.5,53811.49999999999,2221.3999999999996,1,0,0
300.2,310.6,1983,20.8,83,10.400000000000034,41246.4,1726.4,0,1,0
303.9,313.1,1586,31.9,108,9.200000000000045,50593.399999999994,3445.2,1,0,0
298.7,309.8,1394,40.3,11,11.100000000000023,56178.2,443.29999999999995,1,0,0
297.4,308.6,1476,42.3,107,11.200000000000045,62434.799999999996,4526.099999999999,1,0,0
299.9,311.4,1337,54.8,32,11.5,73267.59999999999,1753.6,0,1,0
300.3,310.6,1806,24.4,88,10.300000000000011,44066.399999999994,2147.2,1,0,0
303.6,311.8,1627,30.8,104,8.199999999999989,50111.6,3203.2000000000003,0,1,0
300.0,310.4,1333,49.1,131,10.399999999999977,65450.3,6432.1,1,0,0
297.9,307.3,1502,36.7,12,9.400000000000034,55123.4,440.40000000000003,1,0,0
298.0,309.1,1557,36.4,65,11.100000000000023,56674.799999999996,2366.0,0,0,0
299.8,309.2,1491,47.5,216,9.399999999999977,70822.5,10260.0,1,0,0
297.5,308.8,1824,24.0,179,11.300000000000011,43776.0,4296.0,0,0,0
298.6,308.4,1407,50.5,164,9.799999999999955,71053.5,8282.0,0,0,0
297.2,307.9,1530,35.9,197,10.699999999999989,54927.0,7072.299999999999,0,1,0
298.1,309.9,1642,30.4,58,11.799999999999955,49916.799999999996,1763.1999999999998,1,0,0
300.0,311.5,1451,49.0,115,11.5,71099.0,5635.0,0,1,0
300.0,309.4,2010,20.0,55,9.399999999999977,40200.0,1100.0,1,0,0
300.6,309.5,1516,39.0,142,8.899999999999977,59124.0,5538.0,1,0,0
296.2,307.3,1711,29.9,42,11.100000000000023,51158.899999999994,1255.8,1,0,0
301.0,311.5,1444,39.8,197,10.5,57471.2,7840.599999999999,1,0,0
297.6,308.4,1398,41.9,215,10.799999999999955,58576.2,9008.5,0,1,0
296.6,307.4,1616,28.0,175,10.799999999999955,45248.0,4900.0,1,0,0
300.0,310.4,1385,52.1,128,10.399999999999977,72158.5,6668.8,0,1,0
300.6,310.5,1644,33.8,148,9.899999999999977,55567.2,5002.4,1,0,0
298.4,309.3,1409,43.1,166,10.900000000000034,60727.9,7154.6,1,0,0
298.0,307.7,1487,41.3,160,9.699999999999989,61413.1,6608.0,0,1,0
298.7,309.7,1881,21.7,29,11.0,40817.7,629.3,1,0,0
297.2,308.5,1584,40.0,4,11.300000000000011,63360.0,160.0,0,1,0
297.8,307.8,1563,34.3,53,10.0,53610.899999999994,1817.8999999999999,1,0,0
300.8,311.7,1753,29.0,8,10.899999999999977,50837.0,232.0,1,0,0
298.8,309.1,1368,49.1,117,10.300000000000011,67168.8,5744.7,0,1,0
300.8,310.1,1686,26.9,128,9.300000000000011,45353.399999999994,3443.2,0,1,0
296.8,307.9,1611,35.4,72,11.099999999999966,57029.399999999994,2548.7999999999997,1,0,0
300.9,309.5,1612,35.2,124,8.600000000000023,56742.4,4364.8,1,0,0
301.9,310.9,1641,33.2,3,9.0,54481.200000000004,99.60000000000001,0,1,0
299.7,309.1,1713,33.5,141,9.400000000000034,57385.5,4723.5,1,0,0
298.7,310.2,1613,36.0,0,11.5,58068.0,0.0,0,0,0
298.4,309.2,1692,29.8,137,10.800000000000011,50421.6,4082.6,1,0,0
301.0,310.7,1493,48.1,145,9.699999999999989,71813.3,6974.5,0,1,0
299.5,310.8,1356,54.9,72,11.300000000000011,74444.4,3952.7999999999997,1,0,0
299.4,309.1,1352,44.7,172,9.700000000000045,60434.4,7688.400000000001,0,1,0
298.0,308.2,2090,19.0,143,10.199999999999989,39710.0,2717.0,0,1,0
298.5,308.0,1519,37.3,29,9.5,56658.7,1081.6999999999998,0,1,0
298.9,310.1,1394,42.7,179,11.200000000000045,59523.8,7643.3,1,0,0
298.1,308.4,1335,40.2,109,10.299999999999955,53667.00000000001,4381.8,1,0,0
297.9,307.6,1519,44.0,37,9.700000000000045,66836.0,1628.0,0,1,0
299.7,310.3,1386,46.6,2,10.600000000000023,64587.6,93.2,1,0,0
298.7,308.4,1430,49.6,135,9.699999999999989,70928.0,6696.0,0,1,0
302.3,311.9,1508,42.3,159,9.599999999999966,63788.399999999994,6725.7,0,1,0
298.3,308.1,1326,58.4,90,9.800000000000011,77438.4,5256.0,1,0,0
298.5,310.1,1809,28.9,20,11.600000000000023,52280.1,578.0,1,0,0
298.2,309.1,1539,36.5,134,10.900000000000034,56173.5,4891.0,1,0,0
300.6,309.8,1629,37.6,162,9.199999999999989,61250.4,6091.2,1,0,0
301.6,311.0,1431,42.3,129,9.399999999999977,60531.299999999996,5456.7,0,1,0
300.8,310.9,1522,41.7,115,10.099999999999966,63467.4,4795.5,0,1,0
301.7,310.1,1644,34.6,5,8.400000000000034,56882.4,173.0,0,1,0
300.7,309.5,1352,44.0,126,8.800000000000011,59488.0,5544.0,0,1,0
298.4,309.1,1579,36.1,123,10.700000000000045,57001.9,4440.3,1,0,0
302.4,311.4,1450,44.1,56,9.0,63945.0,2469.6,1,0,0
300.7,311.7,1532,40.0,0,11.0,61280.0,0.0,0,1,0
297.4,308.6,1524,43.1,73,11.200000000000045,65684.40000000001,3146.3,1,0,0
299.6,309.0,1539,36.1,76,9.399999999999977,55557.9,2743.6,0,1,0
298.8,310.0,1295,52.7,74,11.199999999999989,68246.5,3899.8,0,1,0
302.2,310.9,1415,48.4,185,8.699999999999989,68486.0,8954.0,0,0,0
297.7,308.8,1404,50.3,97,11.100000000000023,70621.2,4879.099999999999,0,0,0
297.9,307.4,1403,52.8,0,9.5,74078.4,0.0,0,1,0
300.5,311.4,1679,27.5,59,10.899999999999977,46172.5,1622.5,0,0,0
298.9,308.4,1827,26.1,5,9.5,47684.700000000004,130.5,0,1,0
301.3,311.1,1303,49.2,212,9.800000000000011,64107.600000000006,10430.400000000001,1,0,0
300.4,309.5,1525,51.3,4,9.100000000000023,78232.5,205.2,1,0,0
298.9,308.7,1433,44.7,108,9.800000000000011,64055.100000000006,4827.6,1,0,0
300.0,311.5,1591,32.0,79,11.5,50912.0,2528.0,1,0,0
301.4,310.6,1578,33.0,181,9.200000000000045,52074.0,5973.0,1,0,0
304.0,313.0,2354,15.0,117,9.0,35310.0,1755.0,1,0,0
300.9,310.7,1609,28.7,39,9.800000000000011,46178.299999999996,1119.3,0,0,0
299.6,310.2,1381,60.5,13,10.599999999999966,83550.5,786.5,1,0,0
297.2,307.9,1541,35.7,169,10.699999999999989,55013.700000000004,6033.3,0,1,0
300.7,310.3,1369,50.7,12,9.600000000000023,69408.3,608.4000000000001,0,0,0
298.1,307.8,1540,37.8,203,9.699999999999989,58211.99999999999,7673.4,1,0,0
303.6,311.8,1421,44.8,101,8.199999999999989,63660.799999999996,4524.799999999999,0,1,1
300.0,311.4,1692,29.0,216,11.399999999999977,49068.0,6264.0,0,1,1
300.6,309.6,1426,53.6,66,9.0,76433.6,3537.6,1,0,0
297.5,309.2,1804,27.4,215,11.699999999999989,49429.6,5891.0,0,1,0
300.1,311.6,1433,51.4,76,11.5,73656.2,3906.4,0,1,0
303.7,312.3,1606,37.4,103,8.600000000000023,60064.399999999994,3852.2,1,0,0
303.0,311.2,1387,41.4,100,8.199999999999989,57421.799999999996,4140.0,0,1,0
301.5,310.8,1385,47.5,30,9.300000000000011,65787.5,1425.0,0,1,0
296.9,307.8,1544,37.6,109,10.900000000000034,58054.4,4098.400000000001,0,1,0
297.2,308.4,1378,41.9,97,11.199999999999989,57738.2,4064.2999999999997,0,1,0
297.1,308.5,1323,44.4,207,11.399999999999977,58741.2,9190.8,1,0,1
297.8,308.9,1871,25.6,200,11.099999999999966,47897.600000000006,5120.0,1,0,1
300.1,309.7,1481,37.9,34,9.599999999999966,56129.9,1288.6,1,0,0
300.3,311.1,1605,37.1,160,10.800000000000011,59545.5,5936.0,1,0,0
299.1,309.4,1811,24.6,77,10.299999999999955,44550.600000000006,1894.2,0,0,0
303.0,312.7,1551,41.8,111,9.699999999999989,64831.799999999996,4639.799999999999,1,0,0
298.4,308.0,1380,47.6,130,9.600000000000023,65688.0,6188.0,1,0,0
302.0,309.9,1388,51.4,183,7.899999999999977,71343.2,9406.199999999999,1,0,0
298.9,310.2,1359,56.9,166,11.300000000000011,77327.09999999999,9445.4,1,0,0
298.6,309.6,1386,48.6,25,11.0,67359.6,1215.0,1,0,0
298.1,308.2,1654,32.1,25,10.099999999999966,53093.4,802.5,1,0,0
297.6,308.3,1623,36.9,61,10.699999999999989,59888.7,2250.9,1,0,0
301.3,310.3,1313,55.6,127,9.0,73002.8,7061.2,1,0,0
301.6,309.9,1397,43.7,102,8.299999999999955,61048.9,4457.400000000001,1,0,0
301.7,310.6,1876,22.1,99,8.900000000000034,41459.600000000006,2187.9,0,1,0
301.0,310.7,1497,37.6,116,9.699999999999989,56287.200000000004,4361.6,0,1,0
297.2,308.3,1796,23.8,61,11.100000000000023,42744.8,1451.8,1,0,0
299.3,309.1,1551,39.1,147,9.800000000000011,60644.100000000006,5747.7,1,0,0
300.5,309.8,1939,21.4,164,9.300000000000011,41494.6,3509.6,1,0,0
300.9,310.7,1427,44.1,141,9.800000000000011,62930.700000000004,6218.1,1,0,0
302.2,311.5,1734,25.0,116,9.300000000000011,43350.0,2900.0,0,1,0
300.6,310.4,1407,51.1,157,9.799999999999955,71897.7,8022.7,0,1,0
303.9,313.0,1551,36.8,140,9.100000000000023,57076.799999999996,5152.0,1,0,0
297.9,307.7,1308,55.2,87,9.800000000000011,72201.6,4802.400000000001,1,0,0
300.8,311.7,1432,45.8,6,10.899999999999977,65585.59999999999,274.79999999999995,1,0,0
297.9,308.5,1300,53.0,172,10.600000000000023,68900.0,9116.0,0,1,0
301.5,310.5,1372,44.0,203,9.0,60368.0,8932.0,1,0,0
302.5,310.3,1592,32.6,174,7.800000000000011,51899.200000000004,5672.400000000001,1,0,0
303.4,312.2,1554,36.8,85,8.800000000000011,57187.2,3127.9999999999995,0,0,0
303.7,312.1,1443,45.9,74,8.400000000000034,66233.7,3396.6,1,0,0
298.4,308.7,1344,52.9,130,10.300000000000011,71097.59999999999,6877.0,0,0,0
296.2,307.2,1633,31.1,0,11.0,50786.3,0.0,0,1,0
298.0,308.2,1514,37.9,9,10.199999999999989,57380.6,341.09999999999997,1,0,0
302.5,310.5,1436,36.5,43,8.0,52414.0,1569.5,1,0,0
297.5,308.7,1371,46.5,121,11.199999999999989,63751.5,5626.5,1,0,0
302.9,312.5,1679,30.9,79,9.600000000000023,51881.1,2441.1,0,1,0
301.4,310.4,1559,39.4,199,9.0,61424.6,7840.599999999999,1,0,0
300.6,310.6,1508,34.8,62,10.0,52478.399999999994,2157.6,1,0,0
303.9,312.6,1426,53.4,172,8.700000000000045,76148.4,9184.8,1,0,0
297.6,308.6,2384,14.4,171,11.0,34329.6,2462.4,1,0,0
299.0,310.1,1886,21.2,13,11.100000000000023,39983.2,275.59999999999997,1,0,0
301.9,310.9,1573,38.9,209,9.0,61189.7,8130.099999999999,0,1,0
297.4,308.5,1761,27.2,76,11.100000000000023,47899.2,2067.2,1,0,0
296.6,307.5,1557,35.1,60,10.899999999999977,54650.700000000004,2106.0,1,0,0
300.3,311.7,1989,22.3,121,11.399999999999977,44354.700000000004,2698.3,1,0,0
300.2,309.2,1667,29.9,75,9.0,49843.299999999996,2242.5,1,0,0
297.9,307.5,1602,38.3,21,9.600000000000023,61356.6,804.3,1,0,0
300.2,309.2,1431,51.3,57,9.0,73410.3,2924.1,1,0,0
298.4,309.2,1610,32.4,194,10.800000000000011,52164.0,6285.599999999999,1,0,0
301.4,310.4,1471,37.5,193,9.0,55162.5,7237.5,1,0,0
299.9,309.2,1389,51.2,185,9.300000000000011,71116.8,9472.0,0,1,0
300.9,311.3,1613,32.7,170,10.400000000000034,52745.100000000006,5559.000000000001,1,0,0
298.2,307.7,1503,38.3,87,9.5,57564.899999999994,3332.1,1,0,0
300.3,311.6,1359,54.1,81,11.300000000000011,73521.90000000001,4382.1,0,1,0
300.9,311.0,1438,49.0,61,10.100000000000023,70462.0,2989.0,1,0,0
297.7,309.0,1656,33.2,20,11.300000000000011,54979.200000000004,664.0,0,1,0
300.4,311.2,1530,32.0,169,10.800000000000011,48960.0,5408.0,1,0,0
298.5,309.4,1517,40.2,45,10.899999999999977,60983.4,1809.0000000000002,1,0,0
298.9,309.6,1663,33.7,195,10.700000000000045,56043.100000000006,6571.500000000001,1,0,0
301.3,311.1,1581,30.9,31,9.800000000000011,48852.899999999994,957.9,0,1,0
302.6,311.5,1609,36.0,162,8.899999999999977,57924.0,5832.0,1,0,0
295.5,306.0,1597,37.2,16,10.5,59408.4,595.2,1,0,0
300.4,310.2,1671,30.5,234,9.800000000000011,50965.5,7137.0,0,1,1
302.2,311.6,1592,37.7,79,9.400000000000034,60018.4,2978.3,0,1,0
299.9,311.3,1389,50.0,55,11.400000000000034,69450.0,2750.0,0,1,0
299.2,309.0,1881,23.9,137,9.800000000000011,44955.899999999994,3274.2999999999997,0,1,0
298.5,310.0,1804,26.1,22,11.5,47084.4,574.2,1,0,0
300.9,311.3,1953,19.4,107,10.400000000000034,37888.2,2075.7999999999997,1,0,0
301.4,310.7,1568,35.2,23,9.300000000000011,55193.600000000006,809.6,1,0,0
301.7,310.3,1397,44.6,57,8.600000000000023,62306.200000000004,2542.2000000000003,1,0,0
300.3,311.6,1312,53.4,151,11.300000000000011,70060.8,8063.4,0,1,0
301.9,310.4,1884,23.4,163,8.5,44085.6,3814.2,1,0,0
297.1,307.9,1980,20.3,159,10.799999999999955,40194.0,3227.7000000000003,0,1,0
298.9,309.9,1500,44.2,115,11.0,66300.0,5083.0,1,0,0
298.8,309.8,1534,37.0,47,11.0,56758.0,1739.0,0,1,0
299.4,308.9,1550,33.7,174,9.5,52235.00000000001,5863.8,1,0,0
295.5,306.0,1621,29.5,176,10.5,47819.5,5192.0,1,0,0
300.0,309.6,1587,32.6,152,9.600000000000023,51736.200000000004,4955.2,0,1,0
302.6,312.1,1611,39.9,210,9.5,64278.899999999994,8379.0,0,1,0
297.7,309.7,1440,51.1,191,12.0,73584.0,9760.1,0,0,0
302.2,311.4,1372,55.1,9,9.199999999999989,75597.2,495.90000000000003,0,1,0
298.4,309.6,1710,27.3,163,11.200000000000045,46683.0,4449.900000000001,1,0,1
297.9,308.7,1545,35.9,120,10.800000000000011,55465.5,4308.0,0,0,0
301.9,310.8,1465,44.3,57,8.900000000000034,64899.49999999999,2525.1,1,0,0
302.4,310.0,1426,46.6,102,7.600000000000023,66451.6,4753.2,1,0,0
298.5,309.4,1521,37.5,94,10.899999999999977,57037.5,3525.0,0,1,0
300.9,310.8,1519,34.9,73,9.900000000000034,53013.1,2547.7,0,1,0
300.2,309.8,1506,41.8,161,9.600000000000023,62950.799999999996,6729.799999999999,1,0,0
298.2,309.0,1651,31.5,197,10.800000000000011,52006.5,6205.5,1,0,0
301.8,311.0,1529,41.6,12,9.199999999999989,63606.4,499.20000000000005,1,0,0
300.6,311.9,1463,38.2,41,11.299999999999955,55886.600000000006,1566.2,1,0,0
300.5,309.4,1360,46.2,93,8.899999999999977,62832.00000000001,4296.6,0,0,0
302.0,311.0,1980,21.5,20,9.0,42570.0,430.0,0,1,0
299.6,309.0,1525,42.8,160,9.399999999999977,65269.99999999999,6848.0,1,0,0
300.5,309.9,1552,41.3,116,9.399999999999977,64097.6,4790.799999999999,0,1,0
300.2,311.5,1547,40.9,66,11.300000000000011,63272.299999999996,2699.4,0,1,0
302.2,310.8,1383,46.9,45,8.600000000000023,64862.7,2110.5,1,0,0
300.6,310.4,1446,49.7,155,9.799999999999955,71866.2,7703.5,1,0,0
300.3,309.5,1438,44.0,59,9.199999999999989,63272.0,2596.0,0,0,0
301.5,310.8,1785,25.5,120,9.300000000000011,45517.5,3060.0,1,0,0
303.9,313.4,1464,49.1,171,9.5,71882.40000000001,8396.1,0,1,0
300.8,310.4,1288,64.0,3,9.599999999999966,82432.0,192.0,0,1,0
300.7,310.6,1572,38.5,50,9.900000000000034,60522.0,1925.0,0,1,0
296.8,307.4,1472,43.9,30,10.599999999999966,64620.799999999996,1317.0,0,1,0
297.2,308.6,1924,22.1,163,11.400000000000034,42520.4,3602.3,1,0,0
299.0,308.7,1396,48.6,0,9.699999999999989,67845.6,0.0,1,0,0
297.2,308.6,1392,41.5,108,11.400000000000034,57768.0,4482.0,1,0,0
300.5,310.6,1411,47.2,201,10.100000000000023,66599.2,9487.2,0,0,0
297.9,309.0,1290,49.8,43,11.100000000000023,64241.99999999999,2141.4,1,0,0
296.9,307.9,1359,56.5,110,11.0,76783.5,6215.0,1,0,0
300.4,309.6,1523,38.5,124,9.200000000000045,58635.5,4774.0,1,0,0
302.0,309.9,1407,52.8,154,7.899999999999977,74289.59999999999,8131.2,1,0,0
297.2,307.9,1540,37.1,164,10.699999999999989,57134.0,6084.400000000001,1,0,0
297.0,308.3,1492,48.1,137,11.300000000000011,71765.2,6589.7,1,0,0
299.1,308.3,1325,46.9,28,9.199999999999989,62142.5,1313.2,1,0,0
297.9,307.6,1609,30.3,64,9.700000000000045,48752.700000000004,1939.2,0,1,0
302.2,310.8,1408,46.8,49,8.600000000000023,65894.4,2293.2,0,1,0
297.5,308.6,1352,52.6,12,11.100000000000023,71115.2,631.2,1,0,0
299.4,308.9,1440,42.5,87,9.5,61200.0,3697.5,1,0,0
297.0,307.7,1261,51.1,130,10.699999999999989,64437.1,6643.0,0,1,0
300.7,310.6,1474,37.0,33,9.900000000000034,54538.0,1221.0,0,1,0
297.4,308.8,1640,34.2,142,11.400000000000034,56088.00000000001,4856.400000000001,1,0,0
300.2,310.4,1202,61.7,74,10.199999999999989,74163.40000000001,4565.8,0,1,0
301.4,310.8,1477,50.4,90,9.400000000000034,74440.8,4536.0,1,0,0
296.1,306.9,1541,32.6,33,10.799999999999955,50236.600000000006,1075.8,0,0,0
299.5,309.3,1333,54.1,147,9.800000000000011,72115.3,7952.7,1,0,0
300.7,309.6,1996,19.8,203,8.900000000000034,39520.8,4019.4,0,1,1
298.8,309.8,1377,49.6,27,11.0,68299.2,1339.2,0,1,0
299.9,311.3,1371,52.3,167,11.400000000000034,71703.3,8734.1,1,0,0
298.9,310.5,1429,39.9,19,11.600000000000023,57017.1,758.1,0,0,0
299.5,310.7,1423,56.5,7,11.199999999999989,80399.5,395.5,0,1,0
298.7,308.4,1694,28.7,195,9.699999999999989,48617.799999999996,5596.5,1,0,0
301.0,312.1,1675,30.7,200,11.100000000000023,51422.5,6140.0,1,0,0
300.5,311.5,1370,56.1,7,11.0,76857.0,392.7,0,1,0
300.6,309.4,1367,63.2,45,8.799999999999955,86394.40000000001,2844.0,0,1,1
295.8,306.5,1505,35.2,86,10.699999999999989,52976.00000000001,3027.2000000000003,1,0,0
301.3,310.4,1635,32.5,110,9.099999999999966,53137.5,3575.0,0,1,0
302.9,311.2,2102,17.8,91,8.300000000000011,37415.6,1619.8,0,0,0
301.2,310.9,1416,53.3,66,9.699999999999989,75472.8,3517.7999999999997,1,0,0
303.7,312.9,1566,32.6,9,9.199999999999989,51051.600000000006,293.40000000000003,0,1,0
299.3,309.1,1531,37.9,127,9.800000000000011,58024.9,4813.3,1,0,0
298.3,307.9,1502,42.0,103,9.599999999999966,63084.0,4326.0,1,0,0
301.4,310.8,1530,39.9,107,9.400000000000034,61047.0,4269.3,0,1,0
299.3,310.6,1443,45.7,97,11.300000000000011,65945.1,4432.900000000001,1,0,0
303.4,312.6,1462,37.5,118,9.200000000000045,54825.0,4425.0,1,0,0
301.9,311.0,1353,43.8,130,9.100000000000023,59261.399999999994,5694.0,1,0,0
298.2,308.7,1605,29.4,47,10.5,47187.0,1381.8,1,0,0
296.4,307.4,1403,48.4,70,11.0,67905.2,3388.0,1,0,0
303.8,313.1,1422,42.4,152,9.300000000000011,60292.799999999996,6444.8,1,0,0
299.2,308.6,1582,38.8,156,9.400000000000034,61381.6,6052.799999999999,1,0,0
298.2,307.9,1544,31.4,192,9.699999999999989,48481.6,6028.799999999999,1,0,0
299.3,310.8,1483,43.5,15,11.5,64510.5,652.5,1,0,0
295.6,306.1,1372,55.6,215,10.5,76283.2,11954.0,1,0,1
300.6,310.6,1448,44.7,55,10.0,64725.600000000006,2458.5,0,0,0
298.3,310.0,1460,47.6,101,11.699999999999989,69496.0,4807.6,1,0,0
300.9,312.1,1297,48.6,76,11.200000000000045,63034.200000000004,3693.6,0,1,0
300.7,312.0,1550,32.4,5,11.300000000000011,50220.0,162.0,1,0,0
299.7,310.2,1440,42.8,30,10.5,61631.99999999999,1284.0,0,1,0
297.5,308.3,2564,12.8,127,10.800000000000011,32819.200000000004,1625.6000000000001,1,0,1
298.0,307.6,1281,50.8,122,9.600000000000023,65074.799999999996,6197.599999999999,1,0,0
298.6,309.7,1356,54.0,6,11.099999999999966,73224.0,324.0,1,0,0
299.3,309.1,1571,38.3,59,9.800000000000011,60169.299999999996,2259.7,0,1,0
302.5,311.0,1463,43.1,181,8.5,63055.3,7801.1,0,1,0
302.1,311.5,1635,31.6,23,9.399999999999977,51666.0,726.8000000000001,0,1,0
302.0,310.5,1978,22.0,106,8.5,43516.0,2332.0,1,0,0
297.9,307.6,1687,29.1,176,9.700000000000045,49091.700000000004,5121.6,1,0,0
300.6,309.7,1470,43.8,18,9.099999999999966,64385.99999999999,788.4,0,0,0
304.4,313.6,1569,38.4,11,9.200000000000045,60249.6,422.4,1,0,0
303.1,311.2,1628,35.2,23,8.099999999999966,57305.600000000006,809.6,1,0,0
298.2,308.9,1592,35.2,142,10.699999999999989,56038.4,4998.400000000001,0,1,0
300.7,310.6,1616,29.6,47,9.900000000000034,47833.600000000006,1391.2,1,0,0
301.1,312.3,1682,29.7,83,11.199999999999989,49955.4,2465.1,1,0,0
298.0,308.2,1620,35.8,5,10.199999999999989,57995.99999999999,179.0,1,0,0
300.5,309.3,1528,37.0,221,8.800000000000011,56536.0,8177.0,1,0,0
302.6,311.0,1591,33.9,119,8.399999999999977,53934.899999999994,4034.1,0,1,0
296.9,308.1,1435,45.3,62,11.200000000000045,65005.49999999999,2808.6,1,0,0
300.1,311.3,1518,40.2,130,11.199999999999989,61023.600000000006,5226.0,0,1,0
299.0,310.6,1787,22.2,192,11.600000000000023,39671.4,4262.4,0,1,0
303.8,312.9,1570,35.8,147,9.099999999999966,56205.99999999999,5262.599999999999,0,0,0
300.7,311.7,1864,23.6,47,11.0,43990.4,1109.2,0,0,0
298.9,310.1,1495,42.9,175,11.200000000000045,64135.5,7507.5,1,0,0
298.4,309.5,1484,41.7,119,11.100000000000023,61882.8,4962.3,0,1,0
300.3,310.3,1629,34.1,52,10.0,55548.9,1773.2,1,0,0
297.8,307.8,1543,43.7,8,10.0,67429.1,349.6,0,1,0
303.5,311.7,1584,32.7,143,8.199999999999989,51796.8,4676.1,0,0,0
300.4,311.8,1707,30.0,165,11.400000000000034,51210.0,4950.0,0,1,0
298.0,308.5,1429,37.7,220,10.5,53873.3,8294.0,1,0,1
298.9,308.6,1771,24.1,213,9.700000000000045,42681.100000000006,5133.3,1,0,0
302.4,310.4,1586,34.3,149,8.0,54399.799999999996,5110.7,0,1,0
300.4,311.7,1515,47.4,170,11.300000000000011,71811.0,8058.0,1,0,0
298.4,308.2,1499,40.0,211,9.800000000000011,59960.0,8440.0,0,1,0
302.2,311.4,1477,41.7,15,9.199999999999989,61590.9,625.5,1,0,0
298.8,309.6,1692,31.9,167,10.800000000000011,53974.799999999996,5327.3,0,1,0
300.0,309.7,1554,32.0,117,9.699999999999989,49728.0,3744.0,1,0,0
303.9,312.7,1339,62.3,156,8.800000000000011,83419.7,9718.8,1,0,0
297.4,308.7,1545,36.9,125,11.300000000000011,57010.5,4612.5,1,0,0
301.0,310.9,1296,54.9,69,9.899999999999977,71150.4,3788.1,1,0,0
295.8,306.4,1339,53.2,67,10.599999999999966,71234.8,3564.4,1,0,0
297.2,308.3,1429,42.0,6,11.100000000000023,60018.0,252.0,0,1,0
303.5,311.6,1573,34.0,134,8.100000000000023,53482.0,4556.0,0,1,0
298.3,308.4,1528,37.3,160,10.099999999999966,56994.399999999994,5968.0,1,0,0
302.4,310.1,1401,48.8,177,7.7000000000000455,68368.8,8637.6,1,0,0
297.3,308.4,1521,38.2,87,11.099999999999966,58102.200000000004,3323.4,0,1,0
298.7,308.5,1444,54.2,62,9.800000000000011,78264.8,3360.4,1,0,0
300.7,309.5,2007,19.7,2,8.800000000000011,39537.9,39.4,0,0,0
297.4,308.5,2100,16.9,176,11.100000000000023,35490.0,2974.3999999999996,1,0,0
297.0,307.8,1683,32.3,197,10.800000000000011,54360.899999999994,6363.099999999999,1,0,0
303.3,311.4,1651,30.6,50,8.099999999999966,50520.600000000006,1530.0,0,0,0
297.6,309.0,1885,25.2,24,11.399999999999977,47502.0,604.8,0,0,0
299.5,308.9,1520,38.3,122,9.399999999999977,58215.99999999999,4672.599999999999,1,0,0
298.2,308.1,1462,49.9,69,9.900000000000034,72953.8,3443.1,1,0,0
298.4,309.7,1530,38.6,161,11.300000000000011,59058.0,6214.6,1,0,0
302.0,311.1,1635,36.0,23,9.100000000000023,58860.0,828.0,1,0,0
298.7,310.3,1451,40.0,86,11.600000000000023,58040.0,3440.0,1,0,0
300.1,311.5,1659,31.1,203,11.399999999999977,51594.9,6313.3,1,0,0
298.7,308.5,1668,35.2,77,9.800000000000011,58713.600000000006,2710.4,1,0,0
302.3,311.0,1428,47.9,174,8.699999999999989,68401.2,8334.6,1,0,0
301.5,310.6,1962,20.2,124,9.100000000000023,39632.4,2504.7999999999997,1,0,0
298.3,308.9,1363,46.1,5,10.599999999999966,62834.3,230.5,0,1,0
298.6,310.1,1439,49.9,17,11.5,71806.09999999999,848.3,1,0,0
304.2,313.5,1739,28.1,80,9.300000000000011,48865.9,2248.0,0,1,0
303.4,312.2,1561,38.2,45,8.800000000000011,59630.200000000004,1719.0000000000002,0,1,0
300.2,311.5,1549,37.2,67,11.300000000000011,57622.8,2492.4,1,0,0
302.4,311.0,1486,40.4,192,8.600000000000023,60034.4,7756.799999999999,1,0,0
300.5,309.6,1390,48.4,194,9.100000000000023,67276.0,9389.6,1,0,0
303.5,312.6,1496,39.0,21,9.100000000000023,58344.0,819.0,1,0,0
299.7,310.3,1462,40.4,19,10.600000000000023,59064.799999999996,767.6,0,0,0
299.7,309.2,1645,30.8,137,9.5,50666.0,4219.6,1,0,0
302.3,311.0,1450,45.7,175,8.699999999999989,66265.0,7997.500000000001,0,1,0
297.3,308.2,1601,35.7,9,10.899999999999977,57155.700000000004,321.3,1,0,0
299.7,310.3,1495,43.1,101,10.600000000000023,64434.5,4353.1,1,0,0
302.2,310.9,1771,27.6,54,8.699999999999989,48879.600000000006,1490.4,0,1,0
301.1,312.2,1397,54.9,81,11.099999999999966,76695.3,4446.9,1,0,0
303.6,312.0,1645,35.7,81,8.399999999999977,58726.50000000001,2891.7000000000003,0,1,0
300.9,311.5,1836,21.8,12,10.600000000000023,40024.8,261.6,0,1,0
301.0,310.9,1822,21.6,168,9.899999999999977,39355.200000000004,3628.8,1,0,0
298.6,309.3,1449,46.5,26,10.699999999999989,67378.5,1209.0,1,0,0
300.8,311.8,1323,61.1,178,11.0,80835.3,10875.800000000001,1,0,0
297.5,308.4,1604,38.1,106,10.899999999999977,61112.4,4038.6000000000004,1,0,0
297.6,309.0,1354,55.6,46,11.399999999999977,75282.40000000001,2557.6,0,0,0
297.5,308.6,1452,39.0,72,11.100000000000023,56628.0,2808.0,1,0,0
299.6,309.1,1471,44.3,67,9.5,65165.299999999996,2968.1,0,1,0
297.7,308.2,1446,43.9,172,10.5,63479.4,7550.8,1,0,0
300.6,310.9,1702,30.3,91,10.299999999999955,51570.6,2757.3,0,1,0
299.6,309.4,1283,62.1,83,9.799999999999955,79674.3,5154.3,0,1,0
300.2,309.5,1417,41.1,129,9.300000000000011,58238.700000000004,5301.900000000001,1,0,0
298.9,309.8,1947,21.7,105,10.900000000000034,42249.9,2278.5,0,1,0
297.6,308.7,1408,51.5,4,11.099999999999966,72512.0,206.0,0,1,0
299.2,308.6,1586,35.7,138,9.400000000000034,56620.200000000004,4926.6,0,1,0
301.0,310.9,1740,28.9,129,9.899999999999977,50286.0,3728.1,1,0,0
299.4,310.8,1585,31.4,149,11.400000000000034,49769.0,4678.599999999999,0,0,0
302.6,312.1,1344,51.0,206,9.5,68544.0,10506.0,1,0,0
298.4,309.4,1385,43.2,119,11.0,59832.00000000001,5140.8,1,0,0
299.5,310.8,1754,31.3,114,11.300000000000011,54900.200000000004,3568.2000000000003,0,1,0
298.8,310.2,1455,44.9,107,11.399999999999977,65329.5,4804.3,0,0,0
300.4,311.5,1704,29.7,103,11.100000000000023,50608.799999999996,3059.1,1,0,0
296.8,307.5,1474,42.4,107,10.699999999999989,62497.6,4536.8,1,0,0
298.1,308.6,1439,44.9,205,10.5,64611.1,9204.5,1,0,0
300.3,311.9,1390,49.0,194,11.599999999999966,68110.0,9506.0,0,0,0
299.0,310.3,1540,38.1,182,11.300000000000011,58674.0,6934.2,0,1,0
297.4,308.5,1477,40.7,74,11.100000000000023,60113.9,3011.8,1,0,0
298.2,308.4,1512,34.9,181,10.199999999999989,52768.799999999996,6316.9,1,0,0
300.3,311.8,1488,38.4,51,11.5,57139.2,1958.3999999999999,1,0,0
299.7,310.8,1418,46.6,197,11.100000000000023,66078.8,9180.2,0,0,0
297.4,308.6,1439,51.9,188,11.200000000000045,74684.09999999999,9757.199999999999,1,0,0
301.4,310.0,1689,32.1,207,8.600000000000023,54216.9,6644.700000000001,0,1,0
300.0,310.1,1762,28.0,202,10.100000000000023,49336.0,5656.0,1,0,0
301.2,311.0,1544,39.3,217,9.800000000000011,60679.2,8528.099999999999,1,0,0
298.0,309.2,1458,39.8,87,11.199999999999989,58028.399999999994,3462.6,1,0,0
300.5,309.6,1760,30.6,213,9.100000000000023,53856.0,6517.8,1,0,0
296.8,308.0,1666,29.8,41,11.199999999999989,49646.8,1221.8,1,0,0
303.6,312.4,1363,53.1,7,8.799999999999955,72375.3,371.7,1,0,0
299.3,310.4,1365,53.9,171,11.099999999999966,73573.5,9216.9,1,0,0
301.9,310.9,1421,46.2,26,9.0,65650.2,1201.2,0,1,0
298.7,309.9,1593,42.5,146,11.199999999999989,67702.5,6205.0,1,0,0
300.3,309.2,1462,51.4,48,8.899999999999977,75146.8,2467.2,1,0,0
302.5,312.0,1574,33.8,63,9.5,53201.2,2129.3999999999996,1,0,0
297.5,308.4,1441,44.5,4,10.899999999999977,64124.5,178.0,1,0,0
298.1,309.1,1448,52.5,150,11.0,76020.0,7875.0,0,1,0
296.9,307.5,1332,51.1,121,10.600000000000023,68065.2,6183.1,0,1,0
300.7,312.3,1590,36.3,93,11.600000000000023,57716.99999999999,3375.8999999999996,1,0,0
303.3,311.3,1393,47.4,18,8.0,66028.2,853.1999999999999,1,0,0
298.3,309.1,1421,47.4,33,10.800000000000011,67355.4,1564.2,1,0,0
302.4,311.0,1329,54.6,176,8.600000000000023,72563.40000000001,9609.6,1,0,0
298.5,310.0,1435,42.5,25,11.5,60987.5,1062.5,1,0,0
301.0,311.7,1547,34.5,152,10.699999999999989,53371.5,5244.0,1,0,0
297.3,308.0,1420,46.5,73,10.699999999999989,66030.0,3394.5,1,0,0
296.6,307.5,1485,42.7,204,10.899999999999977,63409.50000000001,8710.800000000001,1,0,0
302.1,311.1,1450,51.6,86,9.0,74820.0,4437.6,0,1,0
300.9,312.0,1500,44.2,188,11.100000000000023,66300.0,8309.6,1,0,0
299.0,309.4,1561,37.3,70,10.399999999999977,58225.299999999996,2611.0,0,1,0
300.8,311.3,1505,45.5,141,10.5,68477.5,6415.5,1,0,0
297.3,309.0,1548,37.4,171,11.699999999999989,57895.2,6395.4,1,0,0
299.9,309.5,1372,56.2,133,9.600000000000023,77106.40000000001,7474.6,0,1,0
298.8,308.9,1466,44.1,184,10.099999999999966,64650.6,8114.400000000001,0,0,0
301.3,310.1,1455,44.1,188,8.800000000000011,64165.5,8290.800000000001,0,0,0
297.8,308.9,1530,37.6,106,11.099999999999966,57528.0,3985.6000000000004,1,0,0
298.4,308.5,1827,24.3,153,10.100000000000023,44396.1,3717.9,0,0,0
297.2,308.1,1431,49.7,210,10.900000000000034,71120.7,10437.0,1,0,1
303.9,313.1,1491,37.2,195,9.200000000000045,55465.200000000004,7254.000000000001,1,0,0
301.2,311.6,1423,48.0,199,10.400000000000034,68304.0,9552.0,0,1,0
297.5,308.6,1536,38.7,7,11.100000000000023,59443.200000000004,270.90000000000003,0,0,0
298.9,309.9,1449,44.1,112,11.0,63900.9,4939.2,0,1,0
301.7,310.6,1486,38.5,78,8.900000000000034,57211.0,3003.0,1,0,0
302.1,311.4,1686,30.9,106,9.299999999999955,52097.399999999994,3275.3999999999996,1,0,0
302.9,311.2,1330,53.7,200,8.300000000000011,71421.0,10740.0,0,1,1
298.7,309.6,1442,55.6,194,10.900000000000034,80175.2,10786.4,1,0,0
301.5,310.4,1425,54.4,7,8.899999999999977,77520.0,380.8,1,0,0
302.0,310.8,1615,29.0,235,8.800000000000011,46835.0,6815.0,1,0,1
299.0,310.5,1755,27.9,56,11.5,48964.5,1562.3999999999999,1,0,0
297.5,308.6,1255,60.7,77,11.100000000000023,76178.5,4673.900000000001,0,1,0
297.5,308.9,1471,37.7,197,11.399999999999977,55456.700000000004,7426.900000000001,0,0,0
296.4,307.1,1638,32.5,146,10.700000000000045,53235.0,4745.0,0,0,0
296.7,308.1,1450,40.9,195,11.400000000000034,59305.0,7975.5,1,0,0
297.2,308.7,1398,38.1,88,11.5,53263.8,3352.8,0,1,0
300.8,312.0,1416,46.5,7,11.199999999999989,65844.0,325.5,1,0,0
300.7,311.9,1366,55.1,36,11.199999999999989,75266.6,1983.6000000000001,0,1,0
300.8,309.6,1680,28.7,22,8.800000000000011,48216.0,631.4,1,0,0
300.7,309.5,1479,43.6,240,8.800000000000011,64484.4,10464.0,1,0,0
300.8,310.8,1618,32.8,40,10.0,53070.399999999994,1312.0,0,0,0
297.9,307.9,1406,58.5,93,10.0,82251.0,5440.5,0,0,0
300.5,310.5,1536,36.2,12,10.0,55603.200000000004,434.40000000000003,1,0,0
299.2,308.2,1466,41.3,8,9.0,60545.799999999996,330.4,1,0,0
297.2,308.4,1863,26.0,110,11.199999999999989,48438.0,2860.0,0,1,0
301.8,309.6,1432,43.7,138,7.800000000000011,62578.4,6030.6,1,0,0
301.0,310.4,1563,34.4,124,9.399999999999977,53767.2,4265.599999999999,1,0,0
297.4,308.4,1378,39.9,63,11.0,54982.2,2513.7,1,0,0
301.5,310.5,1927,22.4,149,9.0,43164.799999999996,3337.6,1,0,0
301.0,311.0,1553,35.8,26,10.0,55597.399999999994,930.8,1,0,0
303.0,311.2,1503,37.0,152,8.199999999999989,55611.0,5624.0,0,0,0
300.7,310.4,1416,61.8,209,9.699999999999989,87508.8,12916.199999999999,1,0,1
299.8,309.6,1434,48.0,82,9.800000000000011,68832.0,3936.0,0,1,0
298.9,309.9,1501,37.1,70,11.0,55687.1,2597.0,0,1,0
298.5,308.3,1440,43.6,5,9.800000000000011,62784.0,218.0,0,1,0
301.1,310.8,1521,41.0,99,9.699999999999989,62361.0,4059.0,1,0,0
300.3,309.9,1518,36.4,0,9.599999999999966,55255.2,0.0,1,0,0
299.9,309.4,1487,42.2,198,9.5,62751.4,8355.6,0,1,0
300.1,309.6,1541,37.0,96,9.5,57017.0,3552.0,1,0,0
301.5,310.5,2289,16.4,112,9.0,37539.6,1836.7999999999997,1,0,0
299.6,311.1,1679,30.7,129,11.5,51545.299999999996,3960.2999999999997,1,0,0
301.6,310.8,1392,42.4,3,9.199999999999989,59020.799999999996,127.19999999999999,1,0,0
298.7,309.9,1372,54.7,44,11.199999999999989,75048.40000000001,2406.8,1,0,0
302.9,312.5,1629,30.4,74,9.600000000000023,49521.6,2249.6,1,0,0
296.8,307.9,1409,44.3,145,11.099999999999966,62418.7,6423.5,0,1,0
303.9,312.7,1789,24.4,163,8.800000000000011,43651.6,3977.2,1,0,0
300.3,310.2,1492,52.3,2,9.899999999999977,78031.59999999999,104.6,1,0,0
296.6,307.4,1406,41.5,189,10.799999999999955,58349.0,7843.5,0,0,0
303.0,312.3,1480,41.4,125,9.300000000000011,61272.0,5175.0,1,0,0
301.3,311.1,1834,25.4,22,9.800000000000011,46583.6,558.8,0,1,0
298.4,308.0,1416,38.2,198,9.600000000000023,54091.200000000004,7563.6,0,1,1
297.3,308.7,1542,37.0,184,11.399999999999977,57054.0,6808.0,0,1,0
297.2,308.1,1474,44.3,152,10.900000000000034,65298.2,6733.599999999999,1,0,0
301.7,311.0,1474,42.6,164,9.300000000000011,62792.4,6986.400000000001,1,0,0
300.8,310.4,1450,39.4,62,9.599999999999966,57130.0,2442.7999999999997,0,1,0
300.7,310.8,1486,41.2,71,10.100000000000023,61223.200000000004,2925.2000000000003,0,1,0
299.8,309.9,1553,36.6,157,10.099999999999966,56839.8,5746.2,1,0,0
298.8,310.3,1708,27.1,78,11.5,46286.8,2113.8,0,0,0
299.2,308.6,1367,47.6,168,9.400000000000034,65069.200000000004,7996.8,0,1,0
300.5,311.6,1476,41.7,97,11.100000000000023,61549.200000000004,4044.9,0,0,0
304.0,313.5,1732,26.2,126,9.5,45378.4,3301.2,0,1,0
301.6,310.6,1924,23.6,181,9.0,45406.4,4271.6,0,1,0
297.7,308.2,1500,39.9,158,10.5,59850.0,6304.2,1,0,0
298.2,308.9,1585,34.3,33,10.699999999999989,54365.49999999999,1131.8999999999999,0,1,0
296.9,307.8,1392,43.9,0,10.900000000000034,61108.799999999996,0.0,0,1,0
298.0,308.0,1615,29.5,15,10.0,47642.5,442.5,1,0,0
301.4,310.6,2137,18.0,99,9.200000000000045,38466.0,1782.0,1,0,0
302.3,311.5,1316,47.2,4,9.199999999999989,62115.200000000004,188.8,0,1,0
297.7,309.0,1507,38.2,94,11.300000000000011,57567.4,3590.8,1,0,0
298.0,308.3,1362,56.8,216,10.300000000000011,77361.59999999999,12268.8,1,0,1
300.1,311.4,1575,29.8,210,11.299999999999955,46935.0,6258.0,0,1,0
298.0,307.6,1385,45.0,158,9.600000000000023,62325.0,7110.0,1,0,0
301.6,310.9,1510,40.9,152,9.299999999999955,61759.0,6216.8,0,1,0
301.8,310.3,1688,28.8,31,8.5,48614.4,892.8000000000001,1,0,0
297.6,307.1,1496,39.2,12,9.5,58643.200000000004,470.40000000000003,1,0,0
300.8,310.6,1505,36.2,0,9.800000000000011,54481.00000000001,0.0,0,1,0
300.4,309.6,1356,45.9,64,9.200000000000045,62240.4,2937.6,1,0,0
298.6,309.9,1615,28.8,199,11.299999999999955,46512.0,5731.2,1,0,0
297.4,308.9,1645,30.8,196,11.5,50666.0,6036.8,0,0,0
302.5,311.4,1759,24.6,124,8.899999999999977,43271.4,3050.4,1,0,0
302.1,310.9,1452,42.5,198,8.799999999999955,61710.0,8415.0,0,0,0
299.0,310.4,1677,30.8,73,11.399999999999977,51651.6,2248.4,0,0,0
299.9,311.3,1504,40.7,20,11.400000000000034,61212.8,814.0,1,0,0
299.8,309.1,1268,58.0,90,9.300000000000011,73544.0,5220.0,0,1,0
302.5,312.2,1574,38.7,30,9.699999999999989,60913.8,1161.0,1,0,0
300.2,309.5,1458,46.9,23,9.300000000000011,68380.2,1078.7,0,1,0
295.8,306.6,1480,43.2,92,10.800000000000011,63936.00000000001,3974.4,0,1,0
302.3,311.0,1578,33.5,158,8.699999999999989,52863.0,5293.0,0,1,0
300.2,311.3,1587,31.2,73,11.100000000000023,49514.4,2277.6,0,1,0
297.1,307.8,1584,42.3,135,10.699999999999989,67003.2,5710.5,1,0,0
298.0,308.1,1403,44.8,148,10.100000000000023,62854.399999999994,6630.4,0,1,0
299.1,310.6,1397,49.5,165,11.5,69151.5,8167.5,0,1,0
297.2,308.6,1917,24.1,54,11.400000000000034,46199.700000000004,1301.4,1,0,0
300.2,311.6,1500,39.0,174,11.400000000000034,58500.0,6786.0,1,0,0
299.3,309.1,1600,35.3,52,9.800000000000011,56479.99999999999,1835.6,0,1,0
300.9,310.9,1228,66.4,109,10.0,81539.20000000001,7237.6,1,0,0
301.1,311.2,1407,53.0,165,10.099999999999966,74571.0,8745.0,0,1,0
300.0,310.2,1675,29.7,64,10.199999999999989,49747.5,1900.8,1,0,0
298.2,307.9,1785,23.4,181,9.699999999999989,41769.0,4235.4,1,0,0
298.4,308.2,1478,43.5,206,9.800000000000011,64293.0,8961.0,0,0,0
302.3,311.0,1442,43.7,152,8.699999999999989,63015.4,6642.400000000001,1,0,0
300.3,311.5,1552,38.9,23,11.199999999999989,60372.799999999996,894.6999999999999,1,0,0
300.9,310.7,1477,43.2,143,9.800000000000011,63806.4,6177.6,1,0,0
300.9,311.0,1499,38.0,111,10.100000000000023,56962.0,4218.0,1,0,0
296.3,307.4,1472,39.9,51,11.099999999999966,58732.799999999996,2034.8999999999999,1,0,0
300.6,309.4,1432,44.2,84,8.799999999999955,63294.4,3712.8,0,1,0
297.0,307.8,1385,56.4,202,10.800000000000011,78114.0,11392.8,1,0,1
301.1,310.6,1417,47.6,10,9.5,67449.2,476.0,1,0,0
302.3,310.9,1459,35.0,32,8.599999999999966,51065.0,1120.0,1,0,0
300.4,311.6,1518,36.4,53,11.200000000000045,55255.2,1929.1999999999998,0,1,0
298.6,309.6,1423,42.7,82,11.0,60762.100000000006,3501.4,1,0,0
304.3,313.5,1416,48.1,167,9.199999999999989,68109.6,8032.7,0,1,0
302.4,310.1,1556,32.9,132,7.7000000000000455,51192.399999999994,4342.8,1,0,0
298.1,308.9,1367,41.9,113,10.799999999999955,57277.299999999996,4734.7,1,0,0
300.1,309.8,1532,39.8,115,9.699999999999989,60973.6,4577.0,1,0,0
302.1,310.7,1294,62.4,101,8.599999999999966,80745.59999999999,6302.4,0,0,1
297.2,308.6,1366,50.4,74,11.400000000000034,68846.4,3729.6,1,0,0
300.5,311.4,1743,27.6,46,10.899999999999977,48106.8,1269.6000000000001,0,1,0
301.4,310.4,1737,31.9,96,9.0,55410.299999999996,3062.3999999999996,1,0,0
301.3,310.4,1384,50.1,88,9.099999999999966,69338.40000000001,4408.8,1,0,0
300.2,309.4,1527,37.0,194,9.199999999999989,56499.0,7178.0,1,0,0
295.5,306.0,1546,35.9,169,10.5,55501.399999999994,6067.099999999999,1,0,0
297.0,307.9,1414,46.2,165,10.899999999999977,65326.8,7623.000000000001,0,1,0
300.8,311.2,1481,38.5,181,10.399999999999977,57018.5,6968.5,1,0,0
297.7,308.2,1489,43.0,151,10.5,64027.0,6493.0,0,0,0
297.4,308.3,1431,43.0,113,10.900000000000034,61533.0,4859.0,1,0,0
297.0,308.1,1517,41.4,222,11.100000000000023,62803.799999999996,9190.8,0,0,0
300.9,310.4,1445,41.7,180,9.5,60256.50000000001,7506.000000000001,1,0,0
297.3,308.3,1268,60.6,119,11.0,76840.8,7211.400000000001,1,0,0
297.5,308.4,1505,37.2,215,10.899999999999977,55986.00000000001,7998.000000000001,0,1,0
298.2,307.8,1355,59.4,115,9.600000000000023,80487.0,6831.0,1,0,0
296.9,307.7,1656,30.8,181,10.800000000000011,51004.8,5574.8,0,0,0
299.8,310.2,1573,33.3,168,10.399999999999977,52380.899999999994,5594.4,0,0,0
300.5,311.5,1651,36.9,65,11.0,60921.899999999994,2398.5,1,0,0
297.5,308.1,1907,23.5,125,10.600000000000023,44814.5,2937.5,0,1,0
297.5,308.9,1436,44.8,2,11.399999999999977,64332.799999999996,89.6,0,1,0
297.5,308.3,1674,30.0,54,10.800000000000011,50220.0,1620.0,0,0,0
297.6,309.6,1428,46.6,13,12.0,66544.8,605.8000000000001,0,0,0
298.0,308.7,1536,39.6,99,10.699999999999989,60825.600000000006,3920.4,0,0,0
299.4,309.0,1381,44.9,88,9.600000000000023,62006.9,3951.2,0,1,0
303.1,312.4,1404,61.5,127,9.299999999999955,86346.0,7810.5,1,0,1
298.0,307.9,1417,51.0,137,9.899999999999977,72267.0,6987.0,0,1,0
299.4,310.6,1348,54.5,22,11.200000000000045,73466.0,1199.0,1,0,0
298.1,308.8,2206,16.3,195,10.699999999999989,35957.8,3178.5,0,1,0
299.5,309.4,1563,41.5,183,9.899999999999977,64864.5,7594.5,1,0,0
297.3,308.6,1511,35.7,120,11.300000000000011,53942.700000000004,4284.0,1,0,0
301.7,311.2,1639,30.0,161,9.5,49170.0,4830.0,0,0,0
300.2,309.8,1401,49.3,163,9.600000000000023,69069.3,8035.9,1,0,0
301.7,311.0,1298,58.1,168,9.300000000000011,75413.8,9760.800000000001,0,1,0
297.2,308.5,1353,46.5,185,11.300000000000011,62914.5,8602.5,0,1,0
302.5,310.4,1429,43.2,191,7.899999999999977,61732.8,8251.2,0,1,0
298.1,308.8,1811,25.4,147,10.699999999999989,45999.399999999994,3733.7999999999997,0,1,0
303.5,311.6,1428,46.2,139,8.100000000000023,65973.6,6421.8,1,0,0
301.8,309.9,1334,61.0,182,8.099999999999966,81374.0,11102.0,0,1,1
297.2,308.7,1463,49.9,146,11.5,73003.7,7285.4,1,0,0
295.6,306.2,1443,48.9,33,10.599999999999966,70562.7,1613.7,1,0,0
300.2,310.4,1808,25.8,35,10.199999999999989,46646.4,903.0,1,0,0
300.1,309.2,1441,42.9,148,9.099999999999966,61818.9,6349.2,1,0,0
303.4,311.6,1449,41.7,132,8.200000000000045,60423.3,5504.400000000001,1,0,0
298.8,309.6,1903,22.3,145,10.800000000000011,42436.9,3233.5,1,0,0
301.2,311.5,1498,49.5,3,10.300000000000011,74151.0,148.5,0,1,0
300.6,309.9,1449,42.4,169,9.299999999999955,61437.6,7165.599999999999,0,1,0
299.3,309.3,1325,62.0,47,10.0,82150.0,2914.0,1,0,0
297.6,309.4,1958,22.1,108,11.799999999999955,43271.8,2386.8,1,0,0
298.3,309.0,1379,43.2,0,10.699999999999989,59572.8,0.0,0,0,0
299.6,309.0,1472,48.8,72,9.399999999999977,71833.59999999999,3513.6,1,0,0
303.3,312.5,1968,20.6,130,9.199999999999989,40540.8,2678.0,1,0,0
300.8,311.8,1417,43.4,223,11.0,61497.799999999996,9678.199999999999,1,0,0
299.6,310.1,1531,36.8,62,10.5,56340.799999999996,2281.6,0,0,0
299.4,309.4,1326,47.5,35,10.0,62985.0,1662.5,0,1,0
301.6,310.6,1562,34.4,162,9.0,53732.799999999996,5572.8,1,0,0
298.6,308.3,1278,60.5,32,9.699999999999989,77319.0,1936.0,1,0,0
302.3,311.0,1591,32.7,171,8.699999999999989,52025.700000000004,5591.700000000001,1,0,0
300.0,310.1,1477,34.6,195,10.100000000000023,51104.200000000004,6747.0,1,0,0
300.3,311.3,1332,60.5,112,11.0,80586.0,6776.0,1,0,0
298.6,308.4,1391,42.4,169,9.799999999999955,58978.4,7165.599999999999,0,1,0
296.9,307.9,1547,32.6,79,11.0,50432.200000000004,2575.4,0,0,0
299.7,309.2,1412,45.4,147,9.5,64104.799999999996,6673.8,1,0,0
302.0,310.9,1455,43.2,220,8.899999999999977,62856.00000000001,9504.0,1,0,0
300.4,310.1,1503,42.2,196,9.700000000000045,63426.600000000006,8271.2,1,0,0
297.3,308.3,1461,41.5,108,11.0,60631.5,4482.0,0,0,0
300.0,311.3,1407,47.3,208,11.300000000000011,66551.09999999999,9838.4,1,0,0
298.3,307.9,1609,32.4,151,9.599999999999966,52131.6,4892.4,0,1,0
298.6,309.6,1635,29.7,9,11.0,48559.5,267.3,0,1,0
300.4,311.1,1589,35.5,191,10.700000000000045,56409.5,6780.5,1,0,0
301.6,310.6,1555,40.4,139,9.0,62822.0,5615.599999999999,0,0,0
300.6,310.2,1478,40.1,5,9.599999999999966,59267.8,200.5,0,1,0
296.9,307.8,1840,24.6,157,10.900000000000034,45264.0,3862.2000000000003,0,1,0
302.1,311.3,1758,24.4,200,9.199999999999989,42895.2,4880.0,1,0,0
298.9,309.8,1616,36.5,110,10.900000000000034,58984.0,4015.0,1,0,0
301.7,310.6,1660,28.7,66,8.900000000000034,47642.0,1894.2,1,0,0
301.9,311.0,1376,44.9,186,9.100000000000023,61782.4,8351.4,1,0,0
296.9,308.0,1641,33.3,67,11.100000000000023,54645.299999999996,2231.1,0,1,0
300.8,312.0,1382,49.3,177,11.199999999999989,68132.59999999999,8726.1,1,0,0
297.3,308.4,1864,23.1,90,11.099999999999966,43058.4,2079.0,0,0,0
297.4,308.6,1439,46.4,114,11.200000000000045,66769.59999999999,5289.599999999999,1,0,0
298.2,307.6,1460,48.6,204,9.400000000000034,70956.0,9914.4,0,0,0
297.4,308.2,1424,53.9,120,10.800000000000011,76753.59999999999,6468.0,0,1,0
296.9,307.8,1549,37.8,104,10.900000000000034,58552.2,3931.2,0,0,0
300.7,311.7,1504,36.9,229,11.0,55497.6,8450.1,0,1,0
298.8,308.5,1446,37.0,11,9.699999999999989,53502.0,407.0,1,0,0
299.4,309.0,1800,24.3,128,9.600000000000023,43740.0,3110.4,1,0,0
300.9,311.9,1480,40.9,28,11.0,60532.0,1145.2,0,1,0
297.4,308.2,1386,41.0,35,10.800000000000011,56826.0,1435.0,1,0,0
301.0,310.6,1698,27.3,14,9.600000000000023,46355.4,382.2,0,1,0
298.4,309.1,1798,29.6,81,10.700000000000045,53220.8,2397.6,1,0,0
300.5,312.0,1415,44.6,23,11.5,63109.0,1025.8,1,0,0
300.3,310.2,1442,39.5,4,9.899999999999977,56959.0,158.0,0,1,0
302.4,310.9,1435,42.3,83,8.5,60700.49999999999,3510.8999999999996,0,1,0
301.3,310.6,1527,44.0,114,9.300000000000011,67188.0,5016.0,0,0,0
301.4,310.8,1362,53.2,4,9.400000000000034,72458.40000000001,212.8,1,0,0
296.9,307.9,1557,36.5,63,11.0,56830.5,2299.5,0,0,0
296.9,308.1,1440,46.3,64,11.200000000000045,66672.0,2963.2,0,1,0
298.7,310.1,1549,42.5,61,11.400000000000034,65832.5,2592.5,0,1,0
297.0,307.7,1867,22.8,118,10.699999999999989,42567.6,2690.4,1,0,0
300.8,310.8,1689,32.9,151,10.0,55568.1,4967.9,1,0,0
300.5,312.0,1498,42.9,25,11.5,64264.2,1072.5,1,0,0
298.5,309.3,1512,38.1,170,10.800000000000011,57607.200000000004,6477.0,0,1,0
301.5,311.1,1458,41.4,123,9.600000000000023,60361.2,5092.2,1,0,0
302.3,311.1,1373,53.0,181,8.800000000000011,72769.0,9593.0,1,0,0
298.8,308.6,1507,42.3,207,9.800000000000011,63746.1,8756.099999999999,0,1,0
302.6,310.9,1331,52.0,154,8.299999999999955,69212.0,8008.0,1,0,1
301.5,310.4,1580,35.7,161,8.899999999999977,56406.00000000001,5747.700000000001,0,0,0
303.6,312.5,1375,54.0,186,8.899999999999977,74250.0,10044.0,0,0,0
300.8,311.2,1429,52.3,77,10.399999999999977,74736.7,4027.1,0,1,0
299.7,309.2,1355,44.8,127,9.5,60703.99999999999,5689.599999999999,0,0,0
300.9,309.7,1394,48.8,192,8.800000000000011,68027.2,9369.599999999999,0,1,0
297.4,308.3,1550,47.8,18,10.900000000000034,74090.0,860.4,0,1,0
304.1,313.0,1408,45.3,28,8.899999999999977,63782.399999999994,1268.3999999999999,1,0,0
299.9,309.3,1471,41.8,109,9.400000000000034,61487.799999999996,4556.2,1,0,0
297.7,309.2,1391,44.5,159,11.5,61899.5,7075.5,1,0,0
297.4,308.6,1420,45.8,120,11.200000000000045,65035.99999999999,5496.0,0,0,0
303.5,313.0,1403,51.9,77,9.5,72815.7,3996.2999999999997,0,1,0
304.0,313.1,1466,39.5,83,9.100000000000023,57907.0,3278.5,0,1,0
303.8,312.7,1919,20.2,131,8.899999999999977,38763.799999999996,2646.2,0,1,0
297.4,308.8,1353,49.4,188,11.400000000000034,66838.2,9287.199999999999,1,0,0
301.8,310.8,1691,33.4,62,9.0,56479.399999999994,2070.7999999999997,0,1,0
303.9,313.2,1680,29.1,201,9.300000000000011,48888.0,5849.1,0,0,0
300.4,311.2,1406,43.6,22,10.800000000000011,61301.6,959.2,1,0,0
300.5,310.8,1445,46.6,155,10.300000000000011,67337.0,7223.0,1,0,0
298.1,308.5,1372,51.1,116,10.399999999999977,70109.2,5927.6,0,1,0
299.8,309.1,1612,35.4,205,9.300000000000011,57064.799999999996,7257.0,1,0,0
298.1,307.8,1524,40.8,71,9.699999999999989,62179.2,2896.7999999999997,1,0,0
300.1,310.2,1475,54.2,53,10.099999999999966,79945.0,2872.6000000000004,1,0,0
300.0,309.6,1738,28.7,51,9.600000000000023,49880.6,1463.7,1,0,0
296.4,307.5,1549,36.1,58,11.100000000000023,55918.9,2093.8,1,0,0
300.5,309.9,1994,19.8,189,9.399999999999977,39481.200000000004,3742.2000000000003,0,1,0
301.9,310.9,1799,24.2,54,9.0,43535.799999999996,1306.8,1,0,0
300.3,311.1,1676,28.6,158,10.800000000000011,47933.600000000006,4518.8,1,0,0
300.1,311.3,1547,40.0,201,11.199999999999989,61880.0,8040.0,1,0,0
302.5,312.1,1534,38.6,3,9.600000000000023,59212.4,115.80000000000001,1,0,0
298.5,308.8,1557,36.0,21,10.300000000000011,56052.0,756.0,0,1,0
303.0,311.0,1359,44.2,115,8.0,60067.8,5083.0,1,0,1
303.3,312.4,1505,38.9,68,9.099999999999966,58544.5,2645.2,0,1,0
297.5,308.3,1622,37.2,103,10.800000000000011,60338.4,3831.6000000000004,0,1,0
302.4,311.9,1398,50.1,188,9.5,70039.8,9418.800000000001,0,1,0
301.9,310.9,1569,32.5,188,9.0,50992.5,6110.0,0,1,0
300.1,309.2,1783,27.3,118,9.099999999999966,48675.9,3221.4,1,0,0
297.9,307.9,1336,54.4,82,10.0,72678.4,4460.8,0,1,0
300.3,311.4,1386,48.1,119,11.099999999999966,66666.6,5723.900000000001,0,1,0
301.3,311.1,1560,35.3,55,9.800000000000011,55067.99999999999,1941.4999999999998,1,0,0
301.9,311.4,1465,39.9,153,9.5,58453.5,6104.7,0,1,0
296.2,306.9,1516,39.1,138,10.699999999999989,59275.6,5395.8,1,0,0
302.5,311.1,1493,39.0,137,8.600000000000023,58227.0,5343.0,1,0,0
301.1,311.3,1389,53.3,8,10.199999999999989,74033.7,426.4,0,1,0
302.2,311.6,1357,44.2,142,9.400000000000034,59979.4,6276.400000000001,0,0,0
303.5,311.9,1344,49.3,93,8.399999999999977,66259.2,4584.9,1,0,1
298.7,309.7,1667,30.4,92,11.0,50676.799999999996,2796.7999999999997,1,0,0
302.2,311.1,1630,34.6,94,8.900000000000034,56398.0,3252.4,1,0,0
298.9,310.1,1577,41.4,80,11.200000000000045,65287.799999999996,3312.0,1,0,0
298.9,310.6,1720,25.3,197,11.700000000000045,43516.0,4984.1,0,1,0
296.5,307.4,1350,55.6,69,10.899999999999977,75060.0,3836.4,0,1,0
296.2,307.1,1444,46.7,194,10.900000000000034,67434.8,9059.800000000001,1,0,0
301.7,309.9,1524,46.6,104,8.199999999999989,71018.40000000001,4846.400000000001,1,0,0
301.5,310.1,1468,40.8,32,8.600000000000023,59894.399999999994,1305.6,0,1,0
298.6,309.8,1561,32.6,201,11.199999999999989,50888.600000000006,6552.6,1,0,0
299.2,308.5,1742,28.9,150,9.300000000000011,50343.799999999996,4335.0,0,1,0
299.6,311.1,1521,37.2,131,11.5,56581.200000000004,4873.200000000001,1,0,0
301.8,311.2,1334,52.3,68,9.399999999999977,69768.2,3556.3999999999996,1,0,0
298.8,309.9,1568,33.7,13,11.099999999999966,52841.600000000006,438.1,1,0,0
301.1,309.7,1668,30.8,158,8.599999999999966,51374.4,4866.400000000001,1,0,0
298.3,308.8,1454,49.0,166,10.5,71246.0,8134.0,1,0,0
300.1,310.1,1501,39.3,195,10.0,58989.299999999996,7663.499999999999,0,1,0
303.1,311.3,2056,19.7,167,8.199999999999989,40503.2,3289.9,0,0,0
298.4,309.5,1520,38.1,106,11.100000000000023,57912.0,4038.6000000000004,1,0,0
300.2,310.3,1478,38.1,45,10.100000000000023,56311.8,1714.5,0,1,0
301.8,310.8,1618,37.8,59,9.0,61160.399999999994,2230.2,0,1,0
300.4,309.5,1711,29.2,215,9.100000000000023,49961.2,6278.0,1,0,0
301.1,310.6,1310,48.8,103,9.5,63927.99999999999,5026.4,0,1,0
298.6,309.5,1568,36.7,182,10.899999999999977,57545.600000000006,6679.400000000001,0,1,0
300.2,311.4,1331,49.8,143,11.199999999999989,66283.8,7121.4,1,0,0
303.8,313.3,1406,52.1,166,9.5,73252.6,8648.6,1,0,0
300.2,309.5,1642,28.8,92,9.300000000000011,47289.6,2649.6,0,1,0
297.5,308.1,1548,38.2,117,10.600000000000023,59133.600000000006,4469.400000000001,0,0,0
302.3,311.2,1786,24.3,81,8.899999999999977,43399.8,1968.3,1,0,0
300.7,311.3,1348,53.0,35,10.600000000000023,71444.0,1855.0,0,1,0
302.4,311.8,1453,42.1,105,9.400000000000034,61171.3,4420.5,0,1,0
297.0,307.7,1498,47.1,199,10.699999999999989,70555.8,9372.9,0,1,0
300.4,310.3,1537,35.0,33,9.900000000000034,53795.0,1155.0,0,1,0
298.2,308.4,1385,42.2,98,10.199999999999989,58447.00000000001,4135.6,0,0,0
298.9,310.3,1484,43.8,124,11.400000000000034,64999.2,5431.2,1,0,0
299.5,310.1,1585,35.2,50,10.600000000000023,55792.00000000001,1760.0000000000002,1,0,0
298.7,310.1,1644,34.1,46,11.400000000000034,56060.4,1568.6000000000001,0,1,0
298.0,309.1,1822,23.5,122,11.100000000000023,42817.0,2867.0,1,0,0
301.8,310.6,1395,50.5,131,8.800000000000011,70447.5,6615.5,1,0,0
297.2,307.9,1825,24.6,142,10.699999999999989,44895.0,3493.2000000000003,1,0,0
300.3,311.6,1607,33.5,109,11.300000000000011,53834.5,3651.5,1,0,0
298.2,307.8,1599,31.2,173,9.600000000000023,49888.799999999996,5397.599999999999,0,1,0
295.8,306.5,1641,32.2,101,10.699999999999989,52840.200000000004,3252.2000000000003,0,1,0
297.0,308.1,1355,51.4,76,11.100000000000023,69647.0,3906.4,0,1,0
301.4,311.2,1476,36.5,25,9.800000000000011,53874.0,912.5,0,1,0
300.6,309.8,1532,42.5,130,9.199999999999989,65110.0,5525.0,0,1,0
301.9,311.1,1417,52.5,171,9.200000000000045,74392.5,8977.5,0,1,0
301.1,311.1,1470,40.6,159,10.0,59682.0,6455.400000000001,0,1,0
301.5,311.1,1469,49.5,107,9.600000000000023,72715.5,5296.5,1,0,0
295.5,306.1,1488,40.7,31,10.600000000000023,60561.600000000006,1261.7,1,0,0
301.2,312.4,1480,53.5,97,11.199999999999989,79180.0,5189.5,1,0,0
301.8,310.0,1781,23.9,198,8.199999999999989,42565.899999999994,4732.2,0,1,0
299.9,310.3,1268,53.3,146,10.400000000000034,67584.4,7781.799999999999,1,0,0
297.9,308.8,1386,48.6,75,10.900000000000034,67359.6,3645.0,1,0,0
300.0,310.5,1606,33.5,135,10.5,53801.0,4522.5,1,0,0
299.8,311.3,1560,35.4,178,11.5,55224.0,6301.2,1,0,0
297.4,309.3,1564,36.0,126,11.900000000000034,56304.0,4536.0,0,1,0
299.7,310.4,1410,44.5,105,10.699999999999989,62745.0,4672.5,0,1,0
300.6,311.7,1497,43.6,198,11.099999999999966,65269.200000000004,8632.800000000001,1,0,0
299.5,309.3,1382,61.0,140,9.800000000000011,84302.0,8540.0,1,0,0
298.0,309.4,1562,38.1,58,11.399999999999977,59512.200000000004,2209.8,0,0,0
302.1,311.2,1454,46.8,0,9.099999999999966,68047.2,0.0,1,0,0
299.2,310.8,1761,30.4,180,11.600000000000023,53534.399999999994,5472.0,0,0,0
296.5,307.5,1566,35.1,206,11.0,54966.600000000006,7230.6,1,0,0
298.7,309.6,1516,38.5,61,10.900000000000034,58366.0,2348.5,1,0,0
301.0,310.9,1492,44.6,15,9.899999999999977,66543.2,669.0,1,0,0
302.4,311.8,1673,30.1,210,9.400000000000034,50357.3,6321.0,1,0,0
304.3,313.4,1624,32.1,53,9.099999999999966,52130.4,1701.3000000000002,0,1,0
303.8,312.5,1366,45.1,143,8.699999999999989,61606.6,6449.3,0,1,0
298.1,308.0,1626,36.5,83,9.899999999999977,59349.0,3029.5,1,0,0
300.1,311.3,1470,45.2,40,11.199999999999989,66444.0,1808.0,1,0,0
299.3,309.2,1586,37.9,129,9.899999999999977,60109.399999999994,4889.099999999999,0,1,0
298.8,308.3,1634,27.9,12,9.5,45588.6,334.79999999999995,1,0,0
298.2,307.8,1411,53.4,110,9.600000000000023,75347.4,5874.0,0,1,0
298.3,308.5,1606,33.6,67,10.199999999999989,53961.600000000006,2251.2000000000003,1,0,0
302.8,310.9,1708,29.8,42,8.099999999999966,50898.4,1251.6000000000001,1,0,0
296.7,308.1,1528,46.3,203,11.400000000000034,70746.4,9398.9,0,0,0
304.2,313.4,1329,54.5,75,9.199999999999989,72430.5,4087.5,0,1,0
298.8,308.2,1450,44.7,14,9.399999999999977,64815.00000000001,625.8000000000001,0,0,0
302.3,311.8,1559,34.4,191,9.5,53629.6,6570.4,0,1,0
298.7,309.9,1617,33.0,203,11.199999999999989,53361.0,6699.0,1,0,0
301.2,310.2,1385,42.3,42,9.0,58585.49999999999,1776.6,1,0,0
299.3,309.3,1528,37.8,45,10.0,57758.399999999994,1700.9999999999998,1,0,0
297.9,307.7,1527,42.8,125,9.800000000000011,65355.6,5350.0,0,1,0
302.3,310.9,1596,33.5,104,8.599999999999966,53466.0,3484.0,1,0,0
301.2,310.6,1437,51.2,112,9.400000000000034,73574.40000000001,5734.400000000001,1,0,0
299.4,310.9,1446,47.3,12,11.5,68395.8,567.5999999999999,0,1,0
298.9,310.3,1436,39.0,32,11.400000000000034,56004.0,1248.0,1,0,0
300.1,311.4,1910,23.0,153,11.299999999999955,43930.0,3519.0,1,0,0
302.8,312.2,1615,32.9,159,9.399999999999977,53133.5,5231.099999999999,0,1,0
302.3,311.2,1546,40.0,71,8.899999999999977,61840.0,2840.0,0,1,0
300.5,311.9,1323,57.9,155,11.399999999999977,76601.7,8974.5,0,1,0
301.1,312.3,1587,34.5,115,11.199999999999989,54751.5,3967.5,1,0,0
299.2,308.5,1526,37.3,135,9.300000000000011,56919.799999999996,5035.5,0,1,0
299.1,310.2,1598,33.4,20,11.099999999999966,53373.2,668.0,1,0,0
298.2,308.4,1497,37.7,207,10.199999999999989,56436.9,7803.900000000001,1,0,0
301.8,311.2,1417,55.9,156,9.399999999999977,79210.3,8720.4,1,0,0
302.2,311.1,1418,47.0,61,8.900000000000034,66646.0,2867.0,1,0,0
299.1,310.1,1373,55.6,108,11.0,76338.8,6004.8,1,0,0
302.5,310.8,1577,36.9,158,8.300000000000011,58191.299999999996,5830.2,1,0,0
297.1,307.8,1443,43.9,137,10.699999999999989,63347.7,6014.3,0,1,0
297.6,309.5,1924,20.6,37,11.899999999999977,39634.4,762.2,1,0,0
302.7,310.5,1642,30.8,195,7.800000000000011,50573.6,6006.0,1,0,0
302.2,311.9,1596,38.0,156,9.699999999999989,60648.0,5928.0,1,0,0
301.9,310.3,1653,32.4,100,8.400000000000034,53557.2,3240.0,0,0,0
299.3,310.5,1818,26.0,102,11.199999999999989,47268.0,2652.0,1,0,0
303.4,311.7,1353,44.1,192,8.300000000000011,59667.3,8467.2,0,1,1
298.1,308.7,1671,28.8,41,10.599999999999966,48124.8,1180.8,1,0,0
300.0,309.9,1530,34.5,71,9.899999999999977,52785.0,2449.5,0,1,0
298.1,307.9,1502,41.8,79,9.799999999999955,62783.6,3302.2,1,0,0
302.4,310.1,1426,46.8,95,7.7000000000000455,66736.8,4446.0,1,0,0
300.6,309.5,2025,21.4,64,8.899999999999977,43335.0,1369.6,1,0,0
297.7,308.4,1289,51.3,82,10.699999999999989,66125.7,4206.599999999999,1,0,0
303.0,311.2,1374,48.2,65,8.199999999999989,66226.8,3133.0,1,0,1
303.6,311.8,1695,30.7,90,8.199999999999989,52036.5,2763.0,1,0,0
300.4,312.0,1596,30.4,191,11.600000000000023,48518.399999999994,5806.4,0,1,0
303.8,312.7,1414,41.7,190,8.899999999999977,58963.8,7923.000000000001,1,0,0
301.9,311.0,1642,33.1,126,9.100000000000023,54350.200000000004,4170.6,1,0,0
299.8,309.3,1291,56.4,188,9.5,72812.4,10603.199999999999,1,0,0
298.6,309.4,2312,15.5,44,10.799999999999955,35836.0,682.0,1,0,0
300.2,309.5,1343,50.2,98,9.300000000000011,67418.6,4919.6,1,0,0
298.8,309.6,1516,40.2,152,10.800000000000011,60943.200000000004,6110.400000000001,0,0,0
302.4,311.9,1313,55.7,102,9.5,73134.1,5681.400000000001,0,1,0
301.6,310.9,1538,40.4,13,9.299999999999955,62135.2,525.1999999999999,1,0,0
298.2,308.9,1332,44.4,100,10.699999999999989,59140.799999999996,4440.0,1,0,0
300.5,311.8,1368,57.9,191,11.300000000000011,79207.2,11058.9,1,0,1
300.9,310.7,1509,37.5,12,9.800000000000011,56587.5,450.0,1,0,0
302.3,311.0,1412,47.0,164,8.699999999999989,66364.0,7708.0,1,0,0
297.4,309.3,1499,36.8,88,11.900000000000034,55163.2,3238.3999999999996,0,1,0
302.2,310.9,1531,37.5,60,8.699999999999989,57412.5,2250.0,1,0,0
300.7,310.5,1357,52.6,199,9.800000000000011,71378.2,10467.4,1,0,0
300.5,311.6,1444,49.3,92,11.100000000000023,71189.2,4535.599999999999,1,0,0
297.6,308.3,1467,36.7,68,10.699999999999989,53838.9,2495.6000000000004,0,1,0
301.3,310.8,1418,45.4,59,9.5,64377.2,2678.6,0,1,0
300.1,309.7,1641,30.4,41,9.599999999999966,49886.399999999994,1246.3999999999999,1,0,0
301.2,310.6,1385,49.2,105,9.400000000000034,68142.0,5166.0,1,0,0
300.0,310.5,1790,25.7,123,10.5,46003.0,3161.1,0,1,0
301.6,310.6,1821,26.2,171,9.0,47710.2,4480.2,0,0,0
303.5,312.0,1475,42.9,85,8.5,63277.5,3646.5,0,1,0
298.9,310.3,1496,36.3,161,11.400000000000034,54304.799999999996,5844.299999999999,1,0,0
302.4,312.1,1455,40.4,28,9.700000000000045,58782.0,1131.2,1,0,0
297.2,308.3,1431,43.7,46,11.100000000000023,62534.700000000004,2010.2,0,1,0
300.6,311.7,1535,33.3,92,11.099999999999966,51115.49999999999,3063.6,0,0,0
300.7,311.5,1441,40.6,33,10.800000000000011,58504.6,1339.8,0,1,0
300.7,310.1,1565,40.2,81,9.400000000000034,62913.00000000001,3256.2000000000003,1,0,0
299.0,310.2,1564,39.9,97,11.199999999999989,62403.6,3870.2999999999997,0,1,0
300.7,310.6,1540,52.7,85,9.900000000000034,81158.0,4479.5,1,0,0
300.4,309.8,1513,32.9,117,9.400000000000034,49777.7,3849.2999999999997,1,0,0
300.4,311.5,1476,32.6,144,11.100000000000023,48117.6,4694.400000000001,0,1,0
304.2,313.3,1668,35.7,180,9.100000000000023,59547.600000000006,6426.000000000001,1,0,0
301.9,311.5,1492,40.8,150,9.600000000000023,60873.6,6120.0,0,1,0
300.2,310.2,1415,49.6,21,10.0,70184.0,1041.6000000000001,1,0,0
301.7,311.1,1455,39.8,118,9.400000000000034,57908.99999999999,4696.4,1,0,0
301.0,312.0,1558,37.5,190,11.0,58425.0,7125.0,0,1,0
298.6,310.1,1458,41.9,61,11.5,61090.2,2555.9,0,1,0
298.1,307.7,1705,29.1,109,9.599999999999966,49615.5,3171.9,1,0,0
297.0,308.2,1702,30.7,124,11.199999999999989,52251.4,3806.7999999999997,0,1,0
298.2,308.3,1230,59.6,162,10.100000000000023,73308.0,9655.2,1,0,0
298.2,308.7,1426,42.6,23,10.5,60747.6,979.8000000000001,0,1,0
302.6,310.4,1451,43.1,35,7.7999999999999545,62538.1,1508.5,0,1,0
302.6,312.2,1377,45.5,54,9.599999999999966,62653.5,2457.0,1,0,0
302.2,311.5,1424,45.2,39,9.300000000000011,64364.8,1762.8000000000002,1,0,0
301.1,311.1,1592,35.7,174,10.0,56834.4,6211.8,0,1,0
302.4,311.0,1423,46.2,186,8.600000000000023,65742.6,8593.2,1,0,0
301.6,309.8,1472,42.5,91,8.199999999999989,62560.0,3867.5,1,0,0
303.3,311.4,1511,43.4,65,8.099999999999966,65577.4,2821.0,1,0,0
298.5,309.4,1417,41.2,155,10.899999999999977,58380.4,6386.0,0,0,0
300.3,311.5,1634,31.9,36,11.199999999999989,52124.6,1148.3999999999999,1,0,0
303.6,312.2,1696,30.7,5,8.599999999999966,52067.2,153.5,1,0,0
299.4,309.0,1507,41.0,213,9.600000000000023,61787.0,8733.0,1,0,0
299.2,308.7,1325,51.0,171,9.5,67575.0,8721.0,1,0,0
298.0,307.5,1618,35.2,31,9.5,56953.600000000006,1091.2,1,0,0
298.4,309.5,1450,47.9,112,11.100000000000023,69455.0,5364.8,1,0,0
298.1,307.6,1496,44.1,104,9.5,65973.6,4586.400000000001,0,0,0
298.2,309.4,1693,34.4,73,11.199999999999989,58239.2,2511.2,0,1,0
298.5,309.4,1414,46.7,102,10.899999999999977,66033.8,4763.400000000001,0,0,0
300.2,311.0,1627,33.7,147,10.800000000000011,54829.9,4953.900000000001,1,0,0
301.3,311.1,1624,40.9,0,9.800000000000011,66421.59999999999,0.0,1,0,0
299.8,309.3,1299,65.1,212,9.5,84564.9,13801.199999999999,1,0,1
298.6,310.0,1522,40.3,32,11.399999999999977,61336.6,1289.6,1,0,0
301.1,310.0,1513,38.0,17,8.899999999999977,57494.0,646.0,1,0,0
299.0,308.6,1587,38.6,124,9.600000000000023,61258.200000000004,4786.400000000001,1,0,0
300.7,310.6,1407,40.5,87,9.900000000000034,56983.5,3523.5,1,0,0
303.6,312.3,1616,29.3,226,8.699999999999989,47348.8,6621.8,1,0,0
298.2,309.0,1489,40.6,89,10.800000000000011,60453.4,3613.4,1,0,0
297.6,308.4,1398,48.9,63,10.799999999999955,68362.2,3080.7,0,1,0
302.4,311.5,1505,37.9,79,9.100000000000023,57039.5,2994.1,1,0,0
298.6,309.1,1537,35.7,198,10.5,54870.9,7068.6,1,0,0
302.7,312.3,1858,25.4,2,9.600000000000023,47193.2,50.8,1,0,0
299.3,309.3,1471,46.0,42,10.0,67666.0,1932.0,0,1,0
299.3,309.0,1508,35.0,70,9.699999999999989,52780.0,2450.0,0,0,0
299.1,308.2,1493,34.9,119,9.099999999999966,52105.7,4153.099999999999,1,0,0
303.9,313.1,1473,42.8,97,9.200000000000045,63044.399999999994,4151.599999999999,0,1,0
299.9,309.4,1399,54.8,3,9.5,76665.2,164.39999999999998,0,1,0
300.9,312.4,1372,51.0,142,11.5,69972.0,7242.0,1,0,0
301.5,311.2,1700,28.8,39,9.699999999999989,48960.0,1123.2,1,0,0
304.3,313.4,1482,43.8,41,9.099999999999966,64911.6,1795.8,0,1,0
303.3,311.8,1489,49.4,64,8.5,73556.59999999999,3161.6,0,1,0
298.5,309.3,1761,27.2,49,10.800000000000011,47899.2,1332.8,0,1,0
299.8,309.5,1641,27.1,16,9.699999999999989,44471.100000000006,433.6,1,0,0
299.3,308.7,1408,44.4,82,9.399999999999977,62515.2,3640.7999999999997,0,0,0
299.4,308.7,1553,42.7,128,9.300000000000011,66313.1,5465.6,1,0,0
302.6,312.3,1512,34.2,44,9.699999999999989,51710.4,1504.8000000000002,1,0,0
297.8,308.5,1561,46.3,194,10.699999999999989,72274.29999999999,8982.199999999999,1,0,0
300.6,309.4,1581,35.7,117,8.799999999999955,56441.700000000004,4176.900000000001,0,1,0
299.3,308.6,1498,39.5,47,9.300000000000011,59171.0,1856.5,0,0,0
300.7,311.0,1318,48.2,128,10.300000000000011,63527.600000000006,6169.6,1,0,0
301.7,309.8,1284,68.2,111,8.100000000000023,87568.8,7570.200000000001,0,1,1
298.9,310.6,1679,35.8,14,11.700000000000045,60108.2,501.19999999999993,0,1,0
302.3,311.4,1479,45.6,59,9.099999999999966,67442.40000000001,2690.4,0,1,0
299.4,309.1,1461,48.6,70,9.700000000000045,71004.6,3402.0,0,1,0
297.5,308.9,1390,47.4,187,11.399999999999977,65886.0,8863.8,1,0,0
299.8,309.2,1760,25.9,63,9.399999999999977,45584.0,1631.6999999999998,1,0,0
303.4,311.6,1564,41.9,137,8.200000000000045,65531.6,5740.3,1,0,0
298.7,309.0,1565,35.1,152,10.300000000000011,54931.5,5335.2,1,0,0
301.7,309.9,1457,39.2,192,8.199999999999989,57114.4,7526.400000000001,0,1,0
298.4,308.5,1741,32.8,112,10.100000000000023,57104.799999999996,3673.5999999999995,1,0,0
298.4,308.1,1279,53.1,9,9.700000000000045,67914.90000000001,477.90000000000003,1,0,0
302.1,310.6,1439,40.0,7,8.5,57560.0,280.0,1,0,0
298.9,308.5,1503,40.6,145,9.600000000000023,61021.8,5887.0,1,0,0
298.4,309.1,1467,42.5,139,10.700000000000045,62347.5,5907.5,1,0,0
302.3,310.2,1394,55.4,57,7.899999999999977,77227.59999999999,3157.7999999999997,1,0,0
300.9,312.1,1474,42.4,171,11.200000000000045,62497.6,7250.4,1,0,0
301.0,312.3,1445,36.4,105,11.300000000000011,52598.0,3822.0,1,0,0
299.1,308.9,1476,42.7,225,9.799999999999955,63025.200000000004,9607.5,0,1,0
302.2,311.5,1481,40.4,93,9.300000000000011,59832.4,3757.2,1,0,0
300.8,310.2,1492,46.3,187,9.399999999999977,69079.59999999999,8658.1,1,0,0
302.3,311.2,1507,47.7,70,8.899999999999977,71883.90000000001,3339.0,0,1,0
302.3,311.5,1530,42.3,21,9.199999999999989,64718.99999999999,888.3,0,1,0
301.0,310.9,1495,37.3,21,9.899999999999977,55763.49999999999,783.3,0,0,0
303.5,311.9,1493,38.7,14,8.399999999999977,57779.100000000006,541.8000000000001,1,0,0
300.8,311.4,1521,39.9,15,10.599999999999966,60687.9,598.5,0,1,0
302.2,311.2,1561,34.9,106,9.0,54478.899999999994,3699.3999999999996,0,1,0
297.1,307.8,1428,43.7,179,10.699999999999989,62403.600000000006,7822.3,1,0,0
300.5,309.7,1887,24.3,28,9.199999999999989,45854.1,680.4,1,0,0
297.3,308.5,1350,57.6,186,11.199999999999989,77760.0,10713.6,1,0,0
300.6,309.5,1557,33.8,84,8.899999999999977,52626.6,2839.2,0,1,0
298.2,307.8,1804,25.1,108,9.600000000000023,45280.4,2710.8,1,0,0
297.4,308.7,1323,51.1,130,11.300000000000011,67605.3,6643.0,0,0,0
298.5,309.5,1548,44.5,132,11.0,68886.0,5874.0,1,0,0
298.6,309.5,1366,55.0,65,10.899999999999977,75130.0,3575.0,0,1,0
300.4,311.4,1352,57.3,116,11.0,77469.59999999999,6646.799999999999,0,1,0
302.8,312.3,1494,37.5,198,9.5,56025.0,7425.0,1,0,0
302.2,311.4,1430,43.1,29,9.199999999999989,61633.0,1249.9,1,0,0
304.0,313.0,1685,28.2,66,9.0,47517.0,1861.2,0,1,0
297.9,309.1,1595,32.0,32,11.200000000000045,51040.0,1024.0,1,0,0
300.6,309.6,1588,37.0,50,9.0,58756.0,1850.0,0,1,0
300.7,311.0,1559,42.8,121,10.300000000000011,66725.2,5178.799999999999,0,1,0
300.4,309.7,1500,35.2,112,9.300000000000011,52800.00000000001,3942.4000000000005,0,0,0
300.1,310.5,1627,29.2,95,10.399999999999977,47508.4,2774.0,1,0,0
302.6,311.9,1354,48.0,67,9.299999999999955,64992.0,3216.0,1,0,0
303.8,312.9,1815,27.8,66,9.099999999999966,50457.0,1834.8,0,1,0
298.4,309.2,1583,35.4,112,10.800000000000011,56038.2,3964.7999999999997,1,0,0
300.7,312.0,1401,51.1,50,11.300000000000011,71591.1,2555.0,1,0,0
298.2,307.8,1530,35.9,68,9.600000000000023,54927.0,2441.2,1,0,0
301.4,310.5,1217,60.6,103,9.100000000000023,73750.2,6241.8,0,1,0
298.0,307.7,1621,34.9,194,9.699999999999989,56572.899999999994,6770.599999999999,0,1,0
297.3,308.6,1446,50.1,144,11.300000000000011,72444.6,7214.400000000001,1,0,0
301.4,310.5,1380,48.4,131,9.100000000000023,66792.0,6340.4,1,0,0
297.2,308.6,1578,34.4,76,11.400000000000034,54283.2,2614.4,1,0,0
298.9,310.1,1655,31.5,172,11.200000000000045,52132.5,5418.0,0,1,0
300.2,311.5,1500,40.8,17,11.300000000000011,61199.99999999999,693.5999999999999,1,0,0
300.9,310.8,1517,44.3,4,9.900000000000034,67203.09999999999,177.2,1,0,0
299.9,310.0,1402,44.7,204,10.100000000000023,62669.4,9118.800000000001,1,0,0
299.3,309.1,1470,41.1,118,9.800000000000011,60417.0,4849.8,1,0,0
297.1,308.5,1425,40.0,35,11.399999999999977,57000.0,1400.0,1,0,0
298.4,308.2,1463,37.6,188,9.800000000000011,55008.8,7068.8,0,1,0
297.2,308.3,1656,30.3,124,11.100000000000023,50176.8,3757.2000000000003,1,0,0
297.4,309.0,1583,32.0,166,11.600000000000023,50656.0,5312.0,1,0,0
301.5,310.4,1474,39.9,53,8.899999999999977,58812.6,2114.7,1,0,0
300.0,311.3,1703,30.4,85,11.300000000000011,51771.2,2584.0,1,0,0
300.5,312.0,1867,23.0,103,11.5,42941.0,2369.0,0,1,0
301.5,310.5,1479,34.2,147,9.0,50581.8,5027.400000000001,1,0,0
302.0,310.9,1679,29.0,222,8.899999999999977,48691.0,6438.0,0,0,0
300.1,309.6,1321,46.9,75,9.5,61954.9,3517.5,1,0,0
300.6,309.8,1694,31.1,187,9.199999999999989,52683.4,5815.7,0,1,0
303.5,312.9,1275,64.4,113,9.399999999999977,82110.0,7277.200000000001,1,0,0
300.6,310.2,1489,47.8,21,9.599999999999966,71174.2,1003.8,1,0,0
298.1,308.6,1425,41.9,11,10.5,59707.5,460.9,0,1,0
298.7,310.1,1641,31.1,49,11.400000000000034,51035.100000000006,1523.9,1,0,0
300.6,310.7,1543,39.6,60,10.099999999999966,61102.8,2376.0,1,0,0
300.1,309.2,1421,42.5,61,9.099999999999966,60392.5,2592.5,1,0,0
301.5,310.6,1447,41.9,140,9.100000000000023,60629.299999999996,5866.0,0,1,0
300.3,311.5,1446,45.0,82,11.199999999999989,65070.0,3690.0,1,0,0
301.3,310.1,1269,56.8,195,8.800000000000011,72079.2,11076.0,1,0,1
301.7,310.1,1462,38.3,49,8.400000000000034,55994.6,1876.6999999999998,0,0,0
296.9,307.6,1514,35.7,100,10.700000000000045,54049.8,3570.0000000000005,1,0,0
298.7,309.6,1452,42.7,180,10.900000000000034,62000.4,7686.000000000001,0,1,0
301.1,310.8,1470,49.3,116,9.699999999999989,72471.0,5718.799999999999,1,0,0
298.8,309.9,1739,30.6,83,11.099999999999966,53213.4,2539.8,1,0,0
296.2,306.8,1526,42.3,129,10.600000000000023,64549.799999999996,5456.7,0,1,0
297.3,308.3,1301,39.6,5,11.0,51519.6,198.0,0,1,0
300.8,312.5,1423,47.3,123,11.699999999999989,67307.9,5817.9,1,0,0
297.8,307.8,1761,28.9,128,10.0,50892.899999999994,3699.2,1,0,0
300.8,311.3,1465,43.2,113,10.5,63288.00000000001,4881.6,0,1,0
302.4,311.0,2211,15.4,203,8.600000000000023,34049.4,3126.2000000000003,1,0,0
299.8,309.7,1556,37.7,124,9.899999999999977,58661.200000000004,4674.8,0,1,0
300.3,310.6,1433,53.8,86,10.300000000000011,77095.4,4626.8,1,0,0
302.6,312.1,1499,35.0,215,9.5,52465.0,7525.0,1,0,0
300.2,309.1,1479,47.0,22,8.900000000000034,69513.0,1034.0,1,0,0
300.9,309.9,1465,42.9,209,9.0,62848.5,8966.1,0,1,0
300.0,309.5,1425,40.8,178,9.5,58139.99999999999,7262.4,0,1,0
298.9,310.2,1623,37.2,177,11.300000000000011,60375.600000000006,6584.400000000001,1,0,0
298.8,308.4,1484,39.2,8,9.599999999999966,58172.8,313.6,1,0,0
301.3,310.0,1696,32.4,202,8.699999999999989,54950.399999999994,6544.799999999999,0,1,0
299.7,310.9,1384,48.2,188,11.199999999999989,66708.8,9061.6,1,0,0
297.4,308.8,1473,46.2,167,11.400000000000034,68052.6,7715.400000000001,1,0,0
298.5,308.8,1332,59.1,115,10.300000000000011,78721.2,6796.5,1,0,0
301.6,311.1,1408,44.4,106,9.5,62515.2,4706.4,1,0,0
302.3,311.7,1442,41.7,127,9.399999999999977,60131.4,5295.900000000001,0,1,0
302.5,311.5,1496,43.8,218,9.0,65524.799999999996,9548.4,0,0,0
303.6,312.4,2232,16.8,0,8.799999999999955,37497.6,0.0,1,0,0
300.1,309.2,1427,37.6,73,9.099999999999966,53655.200000000004,2744.8,1,0,0
298.1,309.1,1425,44.5,49,11.0,63412.5,2180.5,0,0,0
300.7,309.5,1667,30.5,29,8.800000000000011,50843.5,884.5,0,0,0
300.5,309.9,1780,26.5,101,9.399999999999977,47170.0,2676.5,0,1,0
303.5,312.7,1393,49.3,82,9.199999999999989,68674.9,4042.6,1,0,0
302.1,311.5,1866,23.1,159,9.399999999999977,43104.600000000006,3672.9,0,1,0
298.0,307.8,1839,22.7,79,9.800000000000011,41745.299999999996,1793.3,1,0,0
298.6,309.8,1332,46.4,76,11.199999999999989,61804.799999999996,3526.4,1,0,0
304.1,313.5,1470,45.8,85,9.399999999999977,67326.0,3892.9999999999995,0,1,0
300.3,311.5,1466,46.2,62,11.199999999999989,67729.2,2864.4,1,0,0
297.9,309.1,1338,49.6,56,11.200000000000045,66364.8,2777.6,0,1,0
301.4,310.7,1375,42.0,168,9.300000000000011,57750.0,7056.0,0,1,0
299.7,310.8,1405,47.6,192,11.100000000000023,66878.0,9139.2,0,1,0
302.2,310.0,1483,48.7,20,7.800000000000011,72222.1,974.0,1,0,0
299.9,309.4,1467,41.2,20,9.5,60440.4,824.0,1,0,0
297.2,308.2,1678,28.1,133,11.0,47151.8,3737.3,0,1,0
299.8,310.8,1553,32.2,161,11.0,50006.600000000006,5184.200000000001,1,0,0
301.6,310.6,1222,70.0,62,9.0,85540.0,4340.0,1,0,0
296.7,308.0,1451,50.7,197,11.300000000000011,73565.7,9987.900000000001,1,0,0
301.4,310.1,1937,21.8,205,8.700000000000045,42226.6,4469.0,1,0,0
298.4,308.0,1571,37.4,50,9.600000000000023,58755.399999999994,1870.0,1,0,0
298.7,309.2,1437,45.7,195,10.5,65670.90000000001,8911.5,0,1,0
302.2,310.8,1744,29.7,16,8.600000000000023,51796.799999999996,475.2,1,0,0
300.7,310.8,1653,31.6,111,10.100000000000023,52234.8,3507.6000000000004,1,0,0
296.2,307.1,1441,41.7,3,10.900000000000034,60089.700000000004,125.10000000000001,1,0,0
301.5,310.7,1359,47.1,115,9.199999999999989,64008.9,5416.5,0,1,0
302.9,312.3,1578,36.3,141,9.400000000000034,57281.399999999994,5118.299999999999,1,0,0
301.2,310.7,1676,32.4,98,9.5,54302.399999999994,3175.2,1,0,0
299.2,308.7,1375,55.1,78,9.5,75762.5,4297.8,0,0,0
302.4,310.2,2224,16.0,154,7.800000000000011,35584.0,2464.0,1,0,0
299.3,309.2,1775,24.2,125,9.899999999999977,42955.0,3025.0,1,0,0
299.1,310.5,1496,35.2,60,11.399999999999977,52659.200000000004,2112.0,1,0,0
300.2,310.4,1530,35.7,80,10.199999999999989,54621.00000000001,2856.0,0,1,0
303.0,311.2,1592,38.9,188,8.199999999999989,61928.799999999996,7313.2,0,1,0
301.7,310.6,1545,42.1,68,8.900000000000034,65044.5,2862.8,1,0,0
301.4,310.9,1414,38.8,162,9.5,54863.2,6285.599999999999,1,0,0
298.4,308.0,1508,47.9,25,9.600000000000023,72233.2,1197.5,1,0,0
300.8,311.7,1468,38.7,39,10.899999999999977,56811.600000000006,1509.3000000000002,0,0,0
300.8,310.3,1526,36.3,205,9.5,55393.799999999996,7441.499999999999,0,1,0
298.5,309.6,1509,47.3,2,11.100000000000023,71375.7,94.6,0,1,0
299.1,308.8,1413,42.1,86,9.699999999999989,59487.3,3620.6,1,0,0
299.6,310.2,1512,44.0,79,10.599999999999966,66528.0,3476.0,1,0,0
299.0,308.6,1329,60.5,120,9.600000000000023,80404.5,7260.0,1,0,0
298.3,309.3,1376,57.0,198,11.0,78432.0,11286.0,0,1,0
302.6,312.3,1566,36.6,46,9.699999999999989,57315.600000000006,1683.6000000000001,0,1,0
297.2,308.0,1435,43.0,202,10.800000000000011,61705.0,8686.0,0,0,0
297.4,308.3,1502,43.6,169,10.900000000000034,65487.200000000004,7368.400000000001,0,0,0
299.9,310.9,1292,51.1,173,11.0,66021.2,8840.300000000001,1,0,0
300.4,309.3,1766,28.2,207,8.900000000000034,49801.2,5837.4,1,0,0
301.0,310.5,1932,21.7,79,9.5,41924.4,1714.3,1,0,0
297.2,307.9,1989,20.3,186,10.699999999999989,40376.700000000004,3775.8,1,0,0
300.9,311.4,1387,42.7,121,10.5,59224.9,5166.700000000001,0,0,0
299.2,308.4,1330,51.2,56,9.199999999999989,68096.0,2867.2000000000003,0,1,0
299.5,309.3,1523,41.5,181,9.800000000000011,63204.5,7511.5,1,0,0
300.5,311.9,1730,27.5,209,11.399999999999977,47575.0,5747.5,0,1,0
298.5,308.3,1334,49.8,186,9.800000000000011,66433.2,9262.8,1,0,0
302.1,311.3,1511,45.0,204,9.199999999999989,67995.0,9180.0,0,1,0
302.1,310.7,1376,46.3,210,8.599999999999966,63708.799999999996,9723.0,0,1,1
298.0,307.6,1301,58.5,155,9.600000000000023,76108.5,9067.5,0,1,0
297.1,307.9,1609,38.9,166,10.799999999999955,62590.1,6457.4,0,1,0
301.3,310.8,1390,57.4,164,9.5,79786.0,9413.6,1,0,0
298.3,309.1,1430,40.9,162,10.800000000000011,58487.0,6625.8,0,0,0
298.1,308.5,1392,44.8,111,10.399999999999977,62361.6,4972.799999999999,0,0,0
299.7,309.0,1465,49.0,158,9.300000000000011,71785.0,7742.0,0,1,0
300.6,310.8,1533,38.5,117,10.199999999999989,59020.5,4504.5,1,0,0
300.2,309.4,1526,35.3,46,9.199999999999989,53867.799999999996,1623.8,1,0,0
303.7,312.2,1487,34.0,94,8.5,50558.0,3196.0,1,0,0
297.4,308.7,1623,33.8,127,11.300000000000011,54857.399999999994,4292.599999999999,0,0,0
295.6,306.2,1632,32.2,76,10.599999999999966,52550.4,2447.2000000000003,0,0,0
295.9,306.6,1557,41.1,113,10.700000000000045,63992.700000000004,4644.3,1,0,0
298.2,308.3,2216,16.8,139,10.100000000000023,37228.8,2335.2000000000003,1,0,0
296.6,307.7,1386,62.3,100,11.099999999999966,86347.8,6230.0,0,0,1
296.7,307.7,1927,23.9,112,11.0,46055.299999999996,2676.7999999999997,1,0,0
299.3,308.5,1422,43.1,186,9.199999999999989,61288.200000000004,8016.6,0,1,0
299.7,309.1,1576,36.4,149,9.400000000000034,57366.399999999994,5423.599999999999,0,1,0
298.0,308.8,1489,36.5,109,10.800000000000011,54348.5,3978.5,1,0,0
298.3,307.7,1465,49.4,109,9.399999999999977,72371.0,5384.599999999999,1,0,0
298.8,309.2,1452,48.6,98,10.399999999999977,70567.2,4762.8,0,1,0
303.7,312.8,1448,44.5,55,9.100000000000023,64436.0,2447.5,1,0,0
298.1,308.2,1521,39.3,151,10.099999999999966,59775.299999999996,5934.299999999999,1,0,0
298.6,310.1,1533,33.9,24,11.5,51968.7,813.5999999999999,1,0,0
295.6,306.1,1418,46.2,24,10.5,65511.600000000006,1108.8000000000002,0,1,0
297.6,308.7,1476,39.0,44,11.099999999999966,57564.0,1716.0,1,0,0
300.4,309.2,1752,29.0,52,8.800000000000011,50808.0,1508.0,1,0,0
301.1,310.7,2636,12.2,100,9.599999999999966,32159.199999999997,1220.0,0,1,1
298.3,309.0,1823,25.9,181,10.699999999999989,47215.7,4687.9,0,0,0
299.7,309.2,1422,40.4,140,9.5,57448.799999999996,5656.0,1,0,0
300.2,310.4,1501,42.9,212,10.199999999999989,64392.9,9094.8,0,0,0
300.7,309.8,1490,38.8,173,9.100000000000023,57811.99999999999,6712.4,0,1,0
297.6,308.5,1572,35.9,71,10.899999999999977,56434.799999999996,2548.9,1,0,0
298.2,307.9,1769,27.2,188,9.699999999999989,48116.799999999996,5113.599999999999,1,0,0
301.2,309.9,1984,19.7,169,8.699999999999989,39084.799999999996,3329.2999999999997,1,0,0
299.2,310.3,1507,41.3,158,11.100000000000023,62239.1,6525.4,1,0,0
298.0,307.9,1750,26.6,67,9.899999999999977,46550.0,1782.2,0,1,0
300.1,309.3,1520,38.2,158,9.199999999999989,58064.00000000001,6035.6,0,0,0
301.3,310.6,1556,39.0,72,9.300000000000011,60684.0,2808.0,1,0,0
302.4,311.3,1392,50.5,51,8.900000000000034,70296.0,2575.5,1,0,0
297.8,308.8,1621,36.1,68,11.0,58518.100000000006,2454.8,1,0,0
300.9,311.5,1505,41.1,129,10.600000000000023,61855.5,5301.900000000001,1,0,0
297.8,307.2,1351,56.3,174,9.399999999999977,76061.3,9796.199999999999,1,0,0
300.8,310.5,1482,39.0,47,9.699999999999989,57798.0,1833.0,1,0,0
300.1,311.4,1629,31.3,41,11.299999999999955,50987.700000000004,1283.3,1,0,0
304.2,313.4,1644,31.7,23,9.199999999999989,52114.799999999996,729.1,1,0,0
301.8,310.8,1456,46.6,35,9.0,67849.6,1631.0,1,0,0
299.7,310.3,1505,37.7,4,10.600000000000023,56738.50000000001,150.8,1,0,0
300.6,309.4,1549,43.4,233,8.799999999999955,67226.59999999999,10112.199999999999,1,0,0
298.1,308.9,1804,25.1,118,10.799999999999955,45280.4,2961.8,0,1,0
300.9,311.1,1457,37.4,96,10.200000000000045,54491.799999999996,3590.3999999999996,1,0,0
297.9,307.3,1663,28.7,7,9.400000000000034,47728.1,200.9,0,0,0
298.8,309.8,1461,39.4,141,11.0,57563.4,5555.4,1,0,0
302.6,312.1,1502,47.3,171,9.5,71044.59999999999,8088.299999999999,1,0,0
300.4,310.5,1818,25.1,14,10.100000000000023,45631.8,351.40000000000003,1,0,0
300.1,309.7,2151,17.5,173,9.599999999999966,37642.5,3027.5,1,0,0
301.4,310.8,1389,52.7,125,9.400000000000034,73200.3,6587.5,1,0,0
297.4,308.8,1467,39.0,128,11.400000000000034,57213.0,4992.0,1,0,0
302.3,311.5,1395,54.2,198,9.199999999999989,75609.0,10731.6,1,0,0
299.1,310.6,1791,28.0,168,11.5,50148.0,4704.0,0,0,0
301.4,311.1,1495,36.3,193,9.700000000000045,54268.49999999999,7005.9,1,0,0
297.5,308.8,1530,37.8,157,11.300000000000011,57833.99999999999,5934.599999999999,1,0,0
302.2,310.7,1567,36.4,100,8.5,57038.799999999996,3640.0,1,0,0
298.5,309.0,1921,22.0,196,10.5,42262.0,4312.0,0,1,0
295.9,306.6,1412,41.0,109,10.700000000000045,57892.0,4469.0,1,0,0
298.6,310.1,1721,27.2,5,11.5,46811.2,136.0,1,0,0
298.8,309.9,1441,41.6,62,11.099999999999966,59945.6,2579.2000000000003,1,0,0
299.4,309.1,2421,14.2,57,9.700000000000045,34378.2,809.4,1,0,0
301.1,310.1,1417,46.9,35,9.0,66457.3,1641.5,1,0,0
298.2,309.0,1723,26.6,168,10.800000000000011,45831.8,4468.8,0,1,0
301.7,311.0,1546,43.0,23,9.300000000000011,66478.0,989.0,1,0,0
302.5,311.6,1400,54.0,196,9.100000000000023,75600.0,10584.0,1,0,0
299.3,308.4,1406,47.4,3,9.099999999999966,66644.4,142.2,1,0,0
297.9,309.2,1529,38.1,96,11.300000000000011,58254.9,3657.6000000000004,0,1,0
298.8,309.9,1320,47.4,210,11.099999999999966,62568.0,9954.0,1,0,0
302.3,311.7,1281,48.8,0,9.399999999999977,62512.799999999996,0.0,1,0,0
298.9,310.2,2737,8.8,142,11.300000000000011,24085.600000000002,1249.6000000000001,1,0,1
300.3,311.8,1360,48.0,119,11.5,65280.0,5712.0,1,0,0
304.0,313.0,1575,34.5,92,9.0,54337.5,3174.0,0,1,0
302.3,311.3,1652,32.8,108,9.0,54185.6,3542.3999999999996,1,0,0
299.0,308.4,1571,38.6,5,9.399999999999977,60640.600000000006,193.0,1,0,0
303.5,312.5,1457,46.4,168,9.0,67604.8,7795.2,1,0,0
299.1,310.1,1421,41.2,149,11.0,58545.200000000004,6138.8,0,0,0
298.8,308.6,1631,32.4,38,9.800000000000011,52844.399999999994,1231.2,1,0,0
299.8,311.1,1763,25.5,171,11.300000000000011,44956.5,4360.5,0,1,0
299.2,308.4,1393,48.4,35,9.199999999999989,67421.2,1694.0,1,0,0
303.7,312.6,1396,44.1,136,8.900000000000034,61563.6,5997.6,1,0,0
300.0,310.5,1517,42.2,186,10.5,64017.4,7849.200000000001,1,0,0
299.0,310.1,1555,38.6,118,11.100000000000023,60023.0,4554.8,0,0,0
300.3,311.1,1480,46.6,185,10.800000000000011,68968.0,8621.0,1,0,0
298.8,308.7,1490,33.6,71,9.899999999999977,50064.0,2385.6,1,0,0
302.8,312.6,1462,39.4,22,9.800000000000011,57602.799999999996,866.8,1,0,0
300.5,309.4,1877,23.8,31,8.899999999999977,44672.6,737.8000000000001,0,1,0
299.3,309.1,1449,47.9,131,9.800000000000011,69407.09999999999,6274.9,0,1,0
302.0,311.1,1769,26.0,10,9.100000000000023,45994.0,260.0,0,1,0
301.3,310.6,1436,44.2,76,9.300000000000011,63471.200000000004,3359.2000000000003,1,0,0
298.1,307.7,1419,47.4,142,9.599999999999966,67260.59999999999,6730.8,0,1,0
301.5,311.1,1426,52.1,121,9.600000000000023,74294.6,6304.1,1,0,0
301.2,310.9,1598,35.9,71,9.699999999999989,57368.2,2548.9,0,0,0
300.0,309.4,1308,50.2,32,9.399999999999977,65661.6,1606.4,1,0,0
297.5,308.9,1581,30.4,155,11.399999999999977,48062.399999999994,4712.0,1,0,0
297.5,308.6,1472,44.9,198,11.100000000000023,66092.8,8890.199999999999,0,1,0
303.7,312.7,1426,45.5,192,9.0,64883.0,8736.0,1,0,0
298.4,309.7,1581,34.6,150,11.300000000000011,54702.600000000006,5190.0,1,0,0
299.5,308.8,1965,20.4,164,9.300000000000011,40086.0,3345.6,1,0,0
300.5,311.4,1611,32.7,44,10.899999999999977,52679.700000000004,1438.8000000000002,1,0,0
302.3,312.0,1398,43.3,171,9.699999999999989,60533.399999999994,7404.299999999999,1,0,0
303.3,311.3,1409,51.8,16,8.0,72986.2,828.8,1,0,0
300.5,311.6,1658,30.4,170,11.100000000000023,50403.2,5168.0,0,1,0
302.0,310.5,1459,43.2,148,8.5,63028.8,6393.6,0,0,0
298.6,309.4,1375,55.4,145,10.799999999999955,76175.0,8033.0,1,0,0
297.4,308.4,1328,61.8,98,11.0,82070.4,6056.4,1,0,0
300.8,312.5,1517,39.2,107,11.699999999999989,59466.4,4194.400000000001,1,0,0
301.9,311.0,1871,26.0,132,9.100000000000023,48646.0,3432.0,0,0,0
301.5,310.5,1535,39.0,204,9.0,59865.0,7956.0,1,0,0
298.2,307.8,1515,46.7,74,9.600000000000023,70750.5,3455.8,1,0,0
301.5,310.1,1430,46.5,35,8.600000000000023,66495.0,1627.5,1,0,0
302.0,310.9,1558,45.3,193,8.899999999999977,70577.4,8742.9,0,1,0
302.3,311.7,1510,38.7,141,9.399999999999977,58437.00000000001,5456.700000000001,1,0,0
302.0,309.9,1735,27.2,192,7.899999999999977,47192.0,5222.4,0,0,0
297.4,308.3,1472,45.5,2,10.900000000000034,66976.0,91.0,1,0,0
303.5,312.4,1284,70.6,94,8.899999999999977,90650.4,6636.4,1,0,1
303.3,311.6,1514,34.7,130,8.300000000000011,52535.8,4511.0,1,0,0
301.1,309.6,1501,36.1,156,8.5,54186.1,5631.6,1,0,0
300.9,310.7,1523,35.8,205,9.800000000000011,54523.399999999994,7338.999999999999,1,0,0
299.1,308.5,1592,34.2,153,9.399999999999977,54446.4,5232.6,0,1,0
300.7,310.6,1288,47.2,216,9.900000000000034,60793.600000000006,10195.2,1,0,0
302.6,311.9,1598,35.5,69,9.299999999999955,56729.0,2449.5,1,0,0
298.5,309.7,1561,35.3,208,11.199999999999989,55103.299999999996,7342.4,0,0,0
304.3,313.5,1590,29.8,17,9.199999999999989,47382.0,506.6,1,0,0
296.9,307.7,2008,17.5,3,10.800000000000011,35140.0,52.5,0,1,0
301.5,310.6,1453,44.0,208,9.100000000000023,63932.0,9152.0,1,0,0
