Air temperature [K],Process temperature [K],Rotational speed [rpm],Torque [Nm],Tool wear [min],Temp_Diff,Power,Tool_Strain,Type_L,Type_M,Machine failure
302.2,311.1,1628,30.6,105,8.900000000000034,49816.8,3213.0,0,0,0
297.5,308.6,1621,28.9,0,11.100000000000023,46846.899999999994,0.0,1,0,0
301.7,310.7,1493,51.1,87,9.0,76292.3,4445.7,1,0,0
297.0,307.9,1493,46.1,173,10.899999999999977,68827.3,7975.3,1,0,0
300.4,311.3,1639,34.6,24,10.900000000000034,56709.4,830.4000000000001,1,0,0
300.6,310.8,1375,53.2,179,10.199999999999989,73150.0,9522.800000000001,1,0,0
296.1,306.8,1645,31.0,41,10.699999999999989,50995.0,1271.0,0,0,0
298.4,308.7,1386,44.9,135,10.300000000000011,62231.4,6061.5,1,0,0
297.8,307.5,1391,48.6,109,9.699999999999989,67602.6,5297.400000000001,1,0,0
304.1,313.1,1556,36.3,86,9.0,56482.799999999996,3121.7999999999997,1,0,0
301.8,311.0,1322,53.0,166,9.199999999999989,70066.0,8798.0,1,0,0
298.3,308.9,1390,49.7,23,10.599999999999966,69083.0,1143.1000000000001,0,1,0
298.8,309.7,1480,38.1,157,10.899999999999977,56388.0,5981.7,0,1,0
298.5,308.6,1897,20.2,50,10.100000000000023,38319.4,1010.0,0,1,0
301.8,309.8,1546,39.8,121,8.0,61530.799999999996,4815.799999999999,0,1,0
302.1,310.8,1772,27.1,233,8.699999999999989,48021.200000000004,6314.3,1,0,0
298.0,307.7,1547,36.8,186,9.699999999999989,56929.6,6844.799999999999,0,0,0
298.4,308.9,1706,29.5,107,10.5,50327.0,3156.5,1,0,0
300.7,309.8,1363,53.1,183,9.100000000000023,72375.3,9717.300000000001,1,0,0
300.9,310.3,1416,50.9,152,9.400000000000034,72074.4,7736.8,0,1,0
298.8,309.9,1486,40.3,126,11.099999999999966,59885.799999999996,5077.799999999999,1,0,0
301.1,310.6,1407,43.9,111,9.5,61767.299999999996,4872.9,0,0,0
302.4,310.1,1418,52.3,141,7.7000000000000455,74161.4,7374.299999999999,1,0,0
298.2,309.4,1447,47.1,185,11.199999999999989,68153.7,8713.5,1,0,0
300.5,311.9,1330,59.5,33,11.399999999999977,79135.0,1963.5,1,0,0
302.0,309.9,1606,34.5,156,7.899999999999977,55407.0,5382.0,0,0,0
300.0,309.9,1608,33.4,76,9.899999999999977,53707.2,2538.4,1,0,0
302.5,310.2,1751,30.5,90,7.699999999999989,53405.5,2745.0,0,1,0
297.4,309.0,1520,37.0,147,11.600000000000023,56240.0,5439.0,0,1,0
301.0,310.7,1300,57.2,174,9.699999999999989,74360.0,9952.800000000001,1,0,0
303.4,311.9,1419,50.9,39,8.5,72227.09999999999,1985.1,0,1,0
297.6,308.4,1407,55.2,86,10.799999999999955,77666.40000000001,4747.2,1,0,0
298.1,307.9,1759,28.6,176,9.799999999999955,50307.4,5033.6,0,1,0
299.7,308.9,1478,41.0,87,9.199999999999989,60598.0,3567.0,0,1,0
299.0,310.1,1505,41.3,85,11.100000000000023,62156.49999999999,3510.4999999999995,1,0,0
302.0,311.1,1373,55.7,157,9.100000000000023,76476.1,8744.9,1,0,0
303.3,312.6,1397,47.1,137,9.300000000000011,65798.7,6452.7,0,1,0
300.1,311.1,1619,33.4,186,11.0,54074.6,6212.4,1,0,0
302.2,311.5,1449,44.5,113,9.300000000000011,64480.5,5028.5,0,1,0
301.3,310.9,1566,33.1,82,9.599999999999966,51834.600000000006,2714.2000000000003,1,0,0
298.0,309.6,1536,37.3,120,11.600000000000023,57292.799999999996,4476.0,1,0,0
300.3,309.3,1612,36.0,158,9.0,58032.0,5688.0,1,0,0
302.1,310.7,1359,49.3,41,8.599999999999966,66998.7,2021.3,1,0,1
298.3,307.7,1520,41.4,10,9.399999999999977,62928.0,414.0,0,1,0
298.3,309.5,1542,36.7,134,11.199999999999989,56591.4,4917.8,1,0,0
299.5,309.2,1590,35.9,22,9.699999999999989,57081.0,789.8,0,1,0
302.5,310.5,1463,43.0,189,8.0,62909.0,8127.0,1,0,0
298.9,308.2,1828,23.8,26,9.300000000000011,43506.4,618.8000000000001,1,0,0
298.9,309.8,1411,56.3,84,10.900000000000034,79439.3,4729.2,1,0,0
300.9,312.0,1402,50.7,185,11.100000000000023,71081.40000000001,9379.5,0,1,0
299.5,309.3,1442,46.2,5,9.800000000000011,66620.40000000001,231.0,1,0,0
301.3,310.8,1455,41.2,56,9.5,59946.00000000001,2307.2000000000003,0,1,0
300.0,311.4,1590,33.6,5,11.399999999999977,53424.0,168.0,1,0,0
303.7,312.3,1384,45.9,121,8.600000000000023,63525.6,5553.9,1,0,0
299.2,310.7,1636,29.4,23,11.5,48098.399999999994,676.1999999999999,0,0,0
298.2,307.9,1491,39.7,181,9.699999999999989,59192.700000000004,7185.700000000001,0,0,0
300.2,310.5,1416,46.7,90,10.300000000000011,66127.2,4203.0,1,0,0
297.4,308.3,1493,41.2,43,10.900000000000034,61511.600000000006,1771.6000000000001,1,0,0
299.1,310.3,1619,35.2,240,11.199999999999989,56988.8,8448.0,1,0,0
301.0,310.7,1464,45.8,184,9.699999999999989,67051.2,8427.199999999999,1,0,0
301.0,312.1,1377,49.9,48,11.100000000000023,68712.3,2395.2,1,0,0
300.7,309.6,1421,49.8,165,8.900000000000034,70765.8,8217.0,0,1,0
297.7,309.7,1591,37.7,196,12.0,59980.700000000004,7389.200000000001,1,0,0
300.3,310.4,1293,49.7,37,10.099999999999966,64262.100000000006,1838.9,0,1,0
298.0,307.6,1654,28.9,123,9.600000000000023,47800.6,3554.7,1,0,0
298.9,310.6,1363,52.6,190,11.700000000000045,71693.8,9994.0,1,0,0
296.8,307.9,1706,30.8,111,11.099999999999966,52544.8,3418.8,1,0,0
297.7,308.9,1458,41.1,14,11.199999999999989,59923.8,575.4,1,0,0
299.3,308.9,1376,60.3,163,9.599999999999966,82972.8,9828.9,1,0,0
297.8,309.4,1495,36.5,132,11.599999999999966,54567.5,4818.0,0,1,0
298.8,310.2,1527,31.2,102,11.399999999999977,47642.4,3182.4,0,1,0
298.9,308.6,1574,33.5,128,9.700000000000045,52729.0,4288.0,0,1,0
297.4,308.6,1609,36.2,116,11.200000000000045,58245.8,4199.200000000001,1,0,0
299.5,309.0,1498,44.6,101,9.5,66810.8,4504.6,1,0,0
298.9,310.1,1571,36.8,78,11.200000000000045,57812.799999999996,2870.3999999999996,1,0,0
297.6,308.7,1475,46.6,54,11.099999999999966,68735.0,2516.4,0,1,0
302.1,311.2,1369,50.8,164,9.099999999999966,69545.2,8331.199999999999,1,0,0
299.1,310.3,1727,28.7,43,11.199999999999989,49564.9,1234.1,1,0,0
299.5,309.2,1393,47.3,20,9.699999999999989,65888.9,946.0,1,0,0
303.4,311.6,1446,50.0,163,8.200000000000045,72300.0,8150.0,0,1,0
301.1,312.3,1464,35.3,65,11.199999999999989,51679.2,2294.5,1,0,0
298.2,308.7,2186,17.8,31,10.5,38910.8,551.8000000000001,1,0,0
301.3,310.7,1819,25.5,46,9.399999999999977,46384.5,1173.0,0,1,0
297.8,308.8,1421,49.6,101,11.0,70481.6,5009.6,1,0,0
299.3,308.5,1422,45.4,37,9.199999999999989,64558.799999999996,1679.8,0,1,0
299.4,310.5,1372,46.3,173,11.100000000000023,63523.6,8009.9,1,0,0
302.5,310.3,1326,58.5,55,7.800000000000011,77571.0,3217.5,1,0,1
298.1,307.7,1445,48.0,73,9.599999999999966,69360.0,3504.0,0,1,0
301.3,311.0,1402,47.5,197,9.699999999999989,66595.0,9357.5,0,1,0
303.6,312.3,1630,32.4,223,8.699999999999989,52812.0,7225.2,0,1,0
299.8,309.0,1467,37.3,193,9.199999999999989,54719.1,7198.9,0,0,0
297.3,308.0,1518,36.0,59,10.699999999999989,54648.0,2124.0,1,0,0
300.6,310.2,1341,52.6,21,9.599999999999966,70536.6,1104.6000000000001,1,0,0
298.3,308.0,1766,26.0,96,9.699999999999989,45916.0,2496.0,0,1,0
301.3,310.9,1596,33.9,157,9.599999999999966,54104.399999999994,5322.3,1,0,0
297.1,308.5,1733,28.7,50,11.399999999999977,49737.1,1435.0,1,0,0
298.5,309.3,1623,33.1,109,10.800000000000011,53721.3,3607.9,1,0,0
298.9,308.2,1510,43.5,46,9.300000000000011,65685.0,2001.0,1,0,0
303.5,313.0,1322,59.5,71,9.5,78659.0,4224.5,1,0,0
300.1,311.3,1305,64.7,66,11.199999999999989,84433.5,4270.2,1,0,0
302.5,311.4,1629,31.7,225,8.899999999999977,51639.299999999996,7132.5,0,1,0
297.6,308.3,1410,47.0,191,10.699999999999989,66270.0,8977.0,1,0,0
300.7,310.5,1445,41.1,201,9.800000000000011,59389.5,8261.1,1,0,0
300.1,311.4,1484,43.1,13,11.299999999999955,63960.4,560.3000000000001,1,0,0
302.8,310.6,1617,37.9,207,7.800000000000011,61284.299999999996,7845.299999999999,1,0,0
302.0,310.5,1370,44.4,85,8.5,60828.0,3774.0,1,0,1
300.7,310.8,1506,44.0,97,10.100000000000023,66264.0,4268.0,0,1,0
298.3,308.6,1570,34.8,175,10.300000000000011,54635.99999999999,6089.999999999999,1,0,0
298.6,309.4,1439,47.1,149,10.799999999999955,67776.90000000001,7017.900000000001,0,0,0
301.4,310.7,1459,37.7,40,9.300000000000011,55004.3,1508.0,0,1,0
299.0,309.0,1804,26.8,17,10.0,48347.200000000004,455.6,0,1,0
300.3,309.8,1444,42.0,3,9.5,60648.0,126.0,0,1,0
301.1,312.3,1486,34.9,122,11.199999999999989,51861.4,4257.8,1,0,0
298.9,308.8,1530,38.3,23,9.900000000000034,58598.99999999999,880.9,1,0,0
298.8,309.6,1693,33.3,170,10.800000000000011,56376.899999999994,5660.999999999999,0,1,0
298.5,309.9,1482,42.1,15,11.399999999999977,62392.200000000004,631.5,1,0,0
295.6,306.3,1911,20.9,74,10.699999999999989,39939.899999999994,1546.6,1,0,0
299.0,308.5,1623,33.5,154,9.5,54370.5,5159.0,0,0,0
300.0,310.2,1760,26.9,193,10.199999999999989,47344.0,5191.7,1,0,0
300.5,312.0,1478,39.0,153,11.5,57642.0,5967.0,1,0,0
300.7,310.5,1561,33.2,48,9.800000000000011,51825.200000000004,1593.6000000000001,1,0,0
298.8,310.1,1483,45.4,192,11.300000000000011,67328.2,8716.8,0,0,0
302.7,312.2,1405,51.4,157,9.5,72217.0,8069.8,1,0,0
300.5,309.7,1560,30.2,139,9.199999999999989,47112.0,4197.8,1,0,0
297.9,309.0,2456,13.9,82,11.100000000000023,34138.4,1139.8,0,1,0
297.3,308.7,1577,35.6,133,11.399999999999977,56141.200000000004,4734.8,0,1,0
301.0,311.0,1508,46.9,113,10.0,70725.2,5299.7,0,1,0
301.9,310.9,1616,34.5,46,9.0,55752.0,1587.0,1,0,0
296.8,308.0,1675,29.7,46,11.199999999999989,49747.5,1366.2,1,0,0
298.5,309.6,1579,33.5,91,11.100000000000023,52896.5,3048.5,0,0,0
297.3,308.3,1595,32.2,29,11.0,51359.00000000001,933.8000000000001,0,1,0
304.3,313.5,1525,42.0,2,9.199999999999989,64050.0,84.0,0,1,0
303.2,311.5,1513,37.9,0,8.300000000000011,57342.7,0.0,1,0,0
301.4,310.7,1673,27.8,181,9.300000000000011,46509.4,5031.8,1,0,0
303.7,312.4,1535,38.6,107,8.699999999999989,59251.0,4130.2,1,0,0
299.6,309.3,1558,34.8,115,9.699999999999989,54218.399999999994,4001.9999999999995,1,0,0
297.3,308.2,1553,33.5,2,10.899999999999977,52025.5,67.0,1,0,0
300.1,309.3,1616,32.0,199,9.199999999999989,51712.0,6368.0,1,0,0
301.4,310.6,1464,48.6,96,9.200000000000045,71150.40000000001,4665.6,0,1,0
298.9,308.9,1679,28.7,181,10.0,48187.299999999996,5194.7,0,1,0
297.6,309.6,1419,48.2,215,12.0,68395.8,10363.0,0,0,0
297.5,308.4,1350,52.2,157,10.899999999999977,70470.0,8195.4,0,1,0
301.1,311.0,1565,52.3,183,9.899999999999977,81849.5,9570.9,1,0,0
298.6,309.5,1404,43.3,33,10.899999999999977,60793.2,1428.8999999999999,0,1,0
300.3,311.7,1545,43.5,160,11.399999999999977,67207.5,6960.0,1,0,0
297.9,307.4,1606,35.5,14,9.5,57013.0,497.0,1,0,0
300.7,310.1,1598,32.8,79,9.400000000000034,52414.399999999994,2591.2,1,0,0
302.7,310.6,1564,34.3,0,7.900000000000034,53645.2,0.0,1,0,0
300.7,309.5,1685,31.1,27,8.800000000000011,52403.5,839.7,1,0,0
298.4,308.4,1479,39.2,58,10.0,57976.8,2273.6000000000004,0,0,0
302.3,311.7,1685,30.8,130,9.399999999999977,51898.0,4004.0,0,1,0
302.2,311.3,1510,37.1,10,9.100000000000023,56021.0,371.0,0,1,0
298.9,310.1,1469,53.2,189,11.200000000000045,78150.8,10054.800000000001,0,1,0
303.6,312.3,1915,22.3,116,8.699999999999989,42704.5,2586.8,0,1,0
297.0,308.1,1573,34.9,93,11.100000000000023,54897.7,3245.7,0,1,0
296.6,307.5,1734,27.0,50,10.899999999999977,46818.0,1350.0,0,1,0
302.6,310.3,1647,34.2,14,7.699999999999989,56327.4,478.80000000000007,1,0,0
298.6,309.5,1547,44.8,36,10.899999999999977,69305.59999999999,1612.8,1,0,0
298.9,310.2,1331,49.0,121,11.300000000000011,65219.0,5929.0,0,1,0
298.5,309.6,1572,33.0,127,11.100000000000023,51876.0,4191.0,0,1,0
302.0,310.8,1445,49.1,2,8.800000000000011,70949.5,98.2,1,0,0
297.7,308.9,1530,39.1,108,11.199999999999989,59823.0,4222.8,0,1,0
301.5,310.9,1451,40.6,0,9.399999999999977,58910.6,0.0,1,0,0
297.6,308.4,1517,34.2,66,10.799999999999955,51881.4,2257.2000000000003,1,0,0
301.0,310.9,2047,17.9,178,9.899999999999977,36641.299999999996,3186.2,0,1,0
300.4,311.2,1489,45.3,180,10.800000000000011,67451.7,8153.999999999999,0,0,0
298.3,308.6,1499,38.3,142,10.300000000000011,57411.7,5438.599999999999,1,0,0
298.5,309.5,1294,66.7,12,11.0,86309.8,800.4000000000001,1,0,1
301.9,311.0,2691,12.1,31,9.100000000000023,32561.1,375.09999999999997,1,0,1
301.1,310.5,1603,32.6,121,9.399999999999977,52257.8,3944.6000000000004,0,1,0
298.8,308.9,1379,46.7,204,10.099999999999966,64399.3,9526.800000000001,1,0,0
298.7,309.8,1435,48.8,71,11.100000000000023,70028.0,3464.7999999999997,0,1,0
303.8,313.1,1523,39.8,150,9.300000000000011,60615.399999999994,5970.0,1,0,0
298.0,307.6,1844,23.8,44,9.600000000000023,43887.200000000004,1047.2,0,1,0
297.8,308.7,1404,44.2,62,10.899999999999977,62056.8,2740.4,1,0,0
302.3,310.9,1762,24.5,73,8.599999999999966,43169.0,1788.5,0,1,0
301.4,311.0,1334,53.3,157,9.600000000000023,71102.2,8368.1,1,0,0
296.2,307.2,1389,48.6,7,11.0,67505.40000000001,340.2,0,1,0
297.6,308.6,1522,37.0,106,11.0,56314.0,3922.0,1,0,0
302.2,311.7,1413,46.5,147,9.5,65704.5,6835.5,0,0,0
302.3,311.1,1546,33.1,156,8.800000000000011,51172.600000000006,5163.6,1,0,0
300.7,310.3,1471,40.2,59,9.600000000000023,59134.200000000004,2371.8,0,1,0
302.0,309.7,1386,62.7,142,7.699999999999989,86902.2,8903.4,0,1,1
298.9,309.6,1434,43.8,180,10.700000000000045,62809.2,7883.999999999999,0,1,0
300.8,311.6,1516,35.6,14,10.800000000000011,53969.6,498.40000000000003,1,0,0
300.4,309.9,1496,31.8,154,9.5,47572.8,4897.2,1,0,0
297.8,308.8,1548,36.9,64,11.0,57121.2,2361.6,1,0,0
300.8,311.9,1761,29.0,113,11.099999999999966,51069.0,3277.0,0,1,0
297.9,309.5,1390,47.9,127,11.600000000000023,66581.0,6083.3,1,0,0
300.7,310.9,1369,51.2,63,10.199999999999989,70092.8,3225.6000000000004,0,1,0
302.0,310.5,2197,15.8,133,8.5,34712.6,2101.4,1,0,0
304.0,313.2,1271,68.6,161,9.199999999999989,87190.59999999999,11044.599999999999,0,0,1
300.9,311.1,1546,37.7,133,10.200000000000045,58284.200000000004,5014.1,0,1,0
300.7,311.8,1564,36.8,11,11.100000000000023,57555.2,404.79999999999995,1,0,0
302.3,311.7,1611,38.6,143,9.399999999999977,62184.600000000006,5519.8,1,0,0
299.2,308.5,1378,53.4,100,9.300000000000011,73585.2,5340.0,1,0,0
302.2,311.5,1482,42.6,16,9.300000000000011,63133.200000000004,681.6,0,0,0
299.5,309.3,1506,41.5,77,9.800000000000011,62499.0,3195.5,0,1,0
301.1,312.4,1809,25.1,126,11.299999999999955,45405.9,3162.6000000000004,0,1,0
300.8,312.1,1505,41.3,173,11.300000000000011,62156.49999999999,7144.9,1,0,0
300.5,309.8,1324,72.8,159,9.300000000000011,96387.2,11575.199999999999,0,0,1
300.5,309.3,1578,30.5,34,8.800000000000011,48129.0,1037.0,0,1,0
298.8,309.1,1350,52.5,111,10.300000000000011,70875.0,5827.5,1,0,0
296.7,307.8,1605,31.3,128,11.100000000000023,50236.5,4006.4,1,0,0
302.8,311.1,1563,32.2,78,8.300000000000011,50328.600000000006,2511.6000000000004,1,0,0
296.3,307.4,1958,19.1,67,11.099999999999966,37397.8,1279.7,0,1,0
298.8,308.9,1398,51.5,0,10.099999999999966,71997.0,0.0,1,0,0
297.3,308.1,1468,49.8,0,10.800000000000011,73106.4,0.0,1,0,0
302.3,310.1,1688,30.4,115,7.800000000000011,51315.2,3496.0,0,0,0
302.2,311.5,1413,43.5,83,9.300000000000011,61465.5,3610.5,1,0,0
302.6,312.0,1363,45.7,91,9.399999999999977,62289.100000000006,4158.7,0,1,0
302.9,310.8,1610,32.2,17,7.900000000000034,51842.00000000001,547.4000000000001,1,0,0
302.4,310.1,1645,31.6,93,7.7000000000000455,51982.0,2938.8,1,0,0
298.8,309.8,1911,21.6,126,11.0,41277.600000000006,2721.6000000000004,0,0,0
301.5,310.9,2760,8.0,15,9.399999999999977,22080.0,120.0,1,0,1
302.0,311.0,1420,45.9,144,9.0,65178.0,6609.599999999999,1,0,0
300.7,309.3,1425,45.3,100,8.600000000000023,64552.49999999999,4530.0,1,0,0
299.8,310.0,1397,48.1,164,10.199999999999989,67195.7,7888.400000000001,0,1,0
301.0,310.9,1515,37.3,6,9.899999999999977,56509.49999999999,223.79999999999998,1,0,0
297.1,307.8,1636,30.3,90,10.699999999999989,49570.8,2727.0,1,0,0
303.0,311.2,1601,32.9,69,8.199999999999989,52672.899999999994,2270.1,1,0,0
298.2,307.9,1462,45.5,171,9.699999999999989,66521.0,7780.5,0,0,0
299.0,308.7,2248,16.8,204,9.699999999999989,37766.4,3427.2000000000003,1,0,0
301.2,310.9,1597,37.9,164,9.699999999999989,60526.299999999996,6215.599999999999,1,0,0
297.5,308.6,1596,37.1,30,11.100000000000023,59211.600000000006,1113.0,1,0,0
303.4,311.5,1817,24.7,125,8.100000000000023,44879.9,3087.5,0,1,0
301.9,309.6,1385,45.8,217,7.7000000000000455,63432.99999999999,9938.599999999999,0,1,0
301.1,310.9,1282,67.9,10,9.799999999999955,87047.8,679.0,1,0,1
302.7,310.6,1349,51.2,6,7.900000000000034,69068.8,307.20000000000005,0,1,1
301.8,310.7,1751,29.3,133,8.899999999999977,51304.3,3896.9,1,0,0
301.1,310.0,1470,40.1,23,8.899999999999977,58947.0,922.3000000000001,0,0,0
298.6,309.8,1637,34.6,207,11.199999999999989,56640.200000000004,7162.200000000001,1,0,0
297.2,308.3,1419,39.7,115,11.100000000000023,56334.3,4565.5,1,0,0
303.9,313.0,1408,47.5,76,9.100000000000023,66880.0,3610.0,1,0,0
298.3,309.3,1401,51.9,14,11.0,72711.9,726.6,1,0,0
302.0,310.6,1479,40.5,24,8.600000000000023,59899.5,972.0,0,1,0
303.6,313.0,1534,39.7,115,9.399999999999977,60899.8,4565.5,1,0,0
299.0,310.6,1587,34.2,141,11.600000000000023,54275.4,4822.200000000001,0,1,0
298.3,307.7,1576,33.8,171,9.399999999999977,53268.799999999996,5779.799999999999,1,0,0
300.2,311.4,1450,38.5,68,11.199999999999989,55825.0,2618.0,0,1,0
297.2,308.5,2440,14.0,166,11.300000000000011,34160.0,2324.0,0,0,0
300.3,311.7,1365,53.3,113,11.399999999999977,72754.5,6022.9,1,0,0
295.8,306.6,1621,31.6,95,10.800000000000011,51223.600000000006,3002.0,1,0,0
297.4,308.6,1528,29.1,163,11.200000000000045,44464.8,4743.3,0,1,0
298.7,310.1,1368,56.8,72,11.400000000000034,77702.4,4089.6,0,1,0
299.0,310.2,1516,35.3,102,11.199999999999989,53514.799999999996,3600.6,1,0,0
300.2,310.0,1389,53.6,184,9.800000000000011,74450.40000000001,9862.4,1,0,0
299.4,308.7,1512,37.2,126,9.300000000000011,56246.4,4687.200000000001,1,0,0
303.0,312.2,1257,71.3,122,9.199999999999989,89624.09999999999,8698.6,0,1,1
298.2,308.3,1458,41.8,132,10.100000000000023,60944.399999999994,5517.599999999999,1,0,0
298.8,308.9,1455,41.3,208,10.099999999999966,60091.49999999999,8590.4,1,0,1
301.3,311.1,1678,30.7,34,9.800000000000011,51514.6,1043.8,0,1,0
299.7,309.2,1685,28.9,179,9.5,48696.5,5173.099999999999,0,1,1
295.5,305.9,1542,36.2,12,10.399999999999977,55820.4,434.40000000000003,1,0,0
300.7,311.9,1476,42.0,196,11.199999999999989,61992.0,8232.0,1,0,0
298.9,310.0,1561,45.3,58,11.100000000000023,70713.29999999999,2627.3999999999996,0,1,0
298.6,309.6,1715,28.4,90,11.0,48706.0,2556.0,1,0,0
299.6,309.1,1641,35.8,81,9.5,58747.799999999996,2899.7999999999997,1,0,0
303.5,312.3,1404,48.6,193,8.800000000000011,68234.40000000001,9379.800000000001,1,0,0
297.5,308.9,1738,24.0,195,11.399999999999977,41712.0,4680.0,1,0,0
302.3,311.8,1565,37.8,59,9.5,59156.99999999999,2230.2,1,0,0
299.1,310.2,1425,52.7,154,11.099999999999966,75097.5,8115.8,1,0,0
302.2,310.6,1346,47.5,109,8.400000000000034,63935.0,5177.5,1,0,1
304.3,313.6,1489,40.3,196,9.300000000000011,60006.7,7898.799999999999,0,1,0
301.4,310.6,1347,53.3,104,9.200000000000045,71795.09999999999,5543.2,1,0,0
298.1,308.5,1463,45.9,3,10.399999999999977,67151.7,137.7,0,1,0
302.7,310.6,1690,26.7,4,7.900000000000034,45123.0,106.8,1,0,0
298.8,310.1,1501,48.7,192,11.300000000000011,73098.7,9350.400000000001,0,1,0
302.5,310.3,1688,31.6,66,7.800000000000011,53340.8,2085.6,1,0,0
298.0,307.5,1784,27.8,163,9.5,49595.200000000004,4531.400000000001,0,1,0
301.6,310.7,1638,33.8,196,9.099999999999966,55364.399999999994,6624.799999999999,1,0,0
302.6,312.4,1410,50.3,33,9.799999999999955,70923.0,1659.8999999999999,0,1,0
298.3,307.9,1703,28.9,147,9.599999999999966,49216.7,4248.3,1,0,0
298.4,308.4,1515,40.1,179,10.0,60751.5,7177.900000000001,1,0,0
303.5,312.3,1532,41.7,32,8.800000000000011,63884.4,1334.4,0,1,0
297.1,308.4,1468,44.4,197,11.299999999999955,65179.2,8746.8,1,0,0
301.3,310.0,2068,17.8,176,8.699999999999989,36810.4,3132.8,0,1,0
297.6,308.3,1742,27.7,13,10.699999999999989,48253.4,360.09999999999997,1,0,0
298.4,309.0,1474,52.7,95,10.600000000000023,77679.8,5006.5,1,0,0
298.8,308.8,1523,44.4,55,10.0,67621.2,2442.0,1,0,0
304.1,313.4,1518,42.4,105,9.299999999999955,64363.2,4452.0,0,1,0
297.2,308.6,1437,52.4,37,11.400000000000034,75298.8,1938.8,1,0,0
299.9,309.2,1333,50.8,61,9.300000000000011,67716.4,3098.7999999999997,1,0,0
302.0,310.5,1635,39.8,99,8.5,65072.99999999999,3940.2,1,0,0
300.7,311.2,1878,24.3,24,10.5,45635.4,583.2,1,0,0
298.2,309.0,1377,57.8,8,10.800000000000011,79590.59999999999,462.4,1,0,0
299.3,310.8,1426,42.4,0,11.5,60462.4,0.0,1,0,0
303.5,312.9,1544,36.9,87,9.399999999999977,56973.6,3210.2999999999997,1,0,0
299.4,309.2,1569,40.8,73,9.800000000000011,64015.2,2978.3999999999996,1,0,0
300.1,309.6,1463,45.1,113,9.5,65981.3,5096.3,0,0,0
300.6,311.4,1468,40.4,55,10.799999999999955,59307.2,2222.0,0,1,0
302.7,310.9,1395,48.3,80,8.199999999999989,67378.5,3864.0,1,0,0
301.4,310.5,1571,33.9,208,9.100000000000023,53256.899999999994,7051.2,1,0,0
298.0,308.1,1552,36.6,190,10.100000000000023,56803.200000000004,6954.0,0,1,0
300.9,309.7,1460,42.1,181,8.800000000000011,61466.0,7620.1,1,0,0
300.8,310.5,1582,31.1,193,9.699999999999989,49200.200000000004,6002.3,0,0,0
297.9,307.6,1747,25.3,136,9.700000000000045,44199.1,3440.8,1,0,0
298.4,308.2,1987,19.8,198,9.800000000000011,39342.6,3920.4,0,0,0
299.9,311.3,1429,58.2,103,11.400000000000034,83167.8,5994.6,1,0,0
298.1,309.3,1443,45.3,70,11.199999999999989,65367.899999999994,3171.0,1,0,0
303.3,311.5,1412,55.6,67,8.199999999999989,78507.2,3725.2000000000003,1,0,0
300.9,310.6,1709,29.2,158,9.700000000000045,49902.799999999996,4613.599999999999,0,1,0
297.1,308.3,1496,45.8,190,11.199999999999989,68516.8,8702.0,1,0,0
299.0,310.4,1483,41.5,96,11.399999999999977,61544.5,3984.0,1,0,0
299.2,308.6,1462,55.0,163,9.400000000000034,80410.0,8965.0,0,0,0
298.8,309.8,1557,37.2,139,11.0,57920.4,5170.8,1,0,0
302.9,312.3,1435,47.7,173,9.400000000000034,68449.5,8252.1,1,0,0
299.2,308.5,1381,60.6,59,9.300000000000011,83688.6,3575.4,1,0,0
302.2,310.6,1348,48.4,161,8.400000000000034,65243.2,7792.4,1,0,1
298.8,310.2,1814,26.8,204,11.399999999999977,48615.200000000004,5467.2,1,0,0
299.1,309.0,1405,53.8,18,9.899999999999977,75589.0,968.4,1,0,0
299.0,310.0,1458,44.9,221,11.0,65464.2,9922.9,0,0,0
300.4,311.2,1366,56.1,177,10.800000000000011,76632.6,9929.7,0,1,0
300.8,310.1,1405,61.2,189,9.300000000000011,85986.0,11566.800000000001,1,0,1
301.6,310.7,1457,40.4,213,9.099999999999966,58862.799999999996,8605.199999999999,1,0,0
298.0,308.7,1503,36.3,5,10.699999999999989,54558.899999999994,181.5,0,0,0
298.2,307.8,2029,19.9,96,9.600000000000023,40377.1,1910.3999999999999,1,0,0
298.1,307.8,1316,57.2,191,9.699999999999989,75275.2,10925.2,0,1,0
300.7,311.1,1478,46.8,165,10.400000000000034,69170.4,7721.999999999999,1,0,0
301.1,311.3,1836,22.8,31,10.199999999999989,41860.8,706.8000000000001,0,1,0
303.5,311.6,1577,38.1,112,8.100000000000023,60083.700000000004,4267.2,1,0,0
300.4,311.6,1517,39.0,45,11.200000000000045,59163.0,1755.0,1,0,0
297.9,307.8,1397,45.0,104,9.900000000000034,62865.0,4680.0,1,0,0
304.0,313.1,1404,47.1,90,9.100000000000023,66128.40000000001,4239.0,1,0,0
298.9,308.4,1449,42.4,149,9.5,61437.6,6317.599999999999,0,0,0
298.1,308.7,1683,29.1,161,10.599999999999966,48975.3,4685.1,1,0,0
297.5,308.5,1612,30.0,163,11.0,48360.0,4890.0,0,1,0
298.9,310.2,1705,32.5,63,11.300000000000011,55412.5,2047.5,1,0,0
300.5,311.1,1491,42.6,11,10.600000000000023,63516.6,468.6,1,0,0
297.4,308.4,1392,49.7,174,11.0,69182.40000000001,8647.800000000001,1,0,0
300.2,309.7,1275,60.7,15,9.5,77392.5,910.5,1,0,0
298.7,309.8,1528,36.7,197,11.100000000000023,56077.600000000006,7229.900000000001,0,1,0
298.9,310.2,1533,42.8,138,11.300000000000011,65612.4,5906.4,1,0,0
298.7,309.8,1582,33.4,121,11.100000000000023,52838.799999999996,4041.3999999999996,0,0,0
300.2,310.3,1514,38.7,48,10.100000000000023,58591.8,1857.6000000000001,1,0,0
299.2,308.4,1877,23.9,4,9.199999999999989,44860.299999999996,95.6,1,0,0
297.3,308.3,1550,37.0,54,11.0,57350.0,1998.0,1,0,0
297.4,308.7,1468,46.6,94,11.300000000000011,68408.8,4380.400000000001,1,0,0
297.2,308.5,1611,31.6,197,11.300000000000011,50907.600000000006,6225.200000000001,0,1,0
302.2,310.7,1601,33.0,166,8.5,52833.0,5478.0,0,1,0
303.0,311.2,1641,32.6,63,8.199999999999989,53496.600000000006,2053.8,1,0,0
298.2,307.9,1551,36.0,186,9.699999999999989,55836.0,6696.0,1,0,0
298.3,309.5,1521,37.1,84,11.199999999999989,56429.1,3116.4,0,0,0
298.2,308.3,1824,24.2,49,10.100000000000023,44140.799999999996,1185.8,0,0,0
297.3,307.8,1538,48.0,171,10.5,73824.0,8208.0,0,1,0
298.3,309.6,1469,54.8,191,11.300000000000011,80501.2,10466.8,0,1,0
299.6,310.1,1646,29.6,73,10.5,48721.600000000006,2160.8,0,1,0
301.2,310.6,1811,24.0,84,9.400000000000034,43464.0,2016.0,1,0,0
300.3,311.7,1447,36.8,0,11.399999999999977,53249.6,0.0,0,1,0
303.5,312.4,1481,43.7,20,8.899999999999977,64719.700000000004,874.0,1,0,0
302.2,310.8,1827,23.8,9,8.600000000000023,43482.6,214.20000000000002,1,0,0
302.2,311.4,1398,47.2,202,9.199999999999989,65985.6,9534.400000000001,0,1,0
301.0,311.3,1472,35.3,73,10.300000000000011,51961.6,2576.8999999999996,1,0,0
302.5,311.9,1520,44.9,94,9.399999999999977,68248.0,4220.599999999999,1,0,0
300.9,310.1,2090,17.8,133,9.200000000000045,37202.0,2367.4,1,0,0
300.8,311.8,1928,21.8,209,11.0,42030.4,4556.2,1,0,0
301.8,309.7,1598,30.4,124,7.899999999999977,48579.2,3769.6,1,0,0
299.7,309.4,1650,29.8,93,9.699999999999989,49170.0,2771.4,1,0,0
300.1,310.2,1429,42.0,206,10.099999999999966,60018.0,8652.0,0,1,0
303.6,312.5,1710,31.4,180,8.899999999999977,53694.0,5652.0,1,0,0
303.6,312.4,1418,46.0,128,8.799999999999955,65228.0,5888.0,1,0,0
298.2,307.8,1429,46.9,117,9.600000000000023,67020.09999999999,5487.3,1,0,0
300.6,311.5,1282,60.2,24,10.899999999999977,77176.40000000001,1444.8000000000002,0,0,0
297.3,308.2,1490,41.0,16,10.899999999999977,61090.0,656.0,1,0,0
300.7,309.9,1775,26.6,149,9.199999999999989,47215.0,3963.4,1,0,0
297.4,308.4,1517,41.0,18,11.0,62197.0,738.0,0,1,0
298.7,309.0,1691,30.1,154,10.300000000000011,50899.100000000006,4635.400000000001,1,0,0
303.6,311.8,1432,42.5,150,8.199999999999989,60860.0,6375.0,0,1,0
300.5,309.5,1379,55.6,2,9.0,76672.40000000001,111.2,1,0,0
299.2,308.5,1438,46.6,63,9.300000000000011,67010.8,2935.8,1,0,0
302.4,311.0,1555,40.6,205,8.600000000000023,63133.0,8323.0,1,0,0
299.7,311.1,1574,36.4,135,11.400000000000034,57293.6,4914.0,1,0,0
302.1,311.0,1351,49.5,196,8.899999999999977,66874.5,9702.0,1,0,0
300.7,310.8,1724,30.0,76,10.100000000000023,51720.0,2280.0,0,1,0
300.6,309.6,1365,50.0,70,9.0,68250.0,3500.0,0,1,0
301.5,311.1,1731,27.9,101,9.600000000000023,48294.899999999994,2817.8999999999996,1,0,0
301.0,309.8,1594,31.1,143,8.800000000000011,49573.4,4447.3,0,1,0
299.2,308.8,1605,31.1,181,9.600000000000023,49915.5,5629.1,1,0,0
300.6,311.9,1372,60.1,212,11.299999999999955,82457.2,12741.2,1,0,1
303.3,312.2,1506,40.0,50,8.899999999999977,60240.0,2000.0,1,0,0
303.8,312.7,1374,53.6,136,8.899999999999977,73646.40000000001,7289.6,0,1,0
298.5,308.6,1522,36.9,53,10.100000000000023,56161.799999999996,1955.6999999999998,1,0,0
300.1,311.4,1524,40.6,98,11.299999999999955,61874.4,3978.8,0,1,0
297.4,308.5,1369,53.2,43,11.100000000000023,72830.8,2287.6,1,0,0
301.6,310.6,1321,60.8,73,9.0,80316.8,4438.4,1,0,0
303.2,311.4,1349,51.1,9,8.199999999999989,68933.90000000001,459.90000000000003,1,0,1
300.0,309.1,1631,28.3,110,9.100000000000023,46157.3,3113.0,1,0,0
298.7,309.8,1422,40.7,85,11.100000000000023,57875.4,3459.5000000000005,0,0,0
299.2,310.6,1434,48.4,153,11.400000000000034,69405.59999999999,7405.2,0,0,0
298.8,310.0,1487,41.4,152,11.199999999999989,61561.799999999996,6292.8,1,0,0
300.4,311.9,1868,21.3,92,11.5,39788.4,1959.6000000000001,1,0,0
302.0,310.6,1346,54.7,196,8.600000000000023,73626.2,10721.2,0,0,0
301.0,312.2,1372,47.0,59,11.199999999999989,64484.0,2773.0,1,0,0
298.0,309.6,1633,34.8,41,11.600000000000023,56828.399999999994,1426.8,1,0,0
300.7,310.1,1261,56.6,98,9.400000000000034,71372.6,5546.8,1,0,0
302.0,311.3,1725,27.7,23,9.300000000000011,47782.5,637.1,0,1,0
302.7,312.2,1369,51.8,174,9.5,70914.2,9013.199999999999,1,0,0
302.5,312.0,1579,35.7,167,9.5,56370.3,5961.900000000001,0,0,0
300.5,311.2,1551,36.6,205,10.699999999999989,56766.600000000006,7503.0,0,1,0
298.9,310.4,1546,37.7,159,11.5,58284.200000000004,5994.3,1,0,0
299.0,309.0,1544,31.8,25,10.0,49099.200000000004,795.0,1,0,0
302.4,310.2,1392,55.8,143,7.800000000000011,77673.59999999999,7979.4,0,1,0
300.7,309.7,1397,51.3,155,9.0,71666.09999999999,7951.5,0,1,0
298.2,308.9,1683,31.7,74,10.699999999999989,53351.1,2345.7999999999997,1,0,0
299.4,308.9,1762,29.3,91,9.5,51626.6,2666.3,0,0,0
299.7,310.3,1429,47.7,35,10.600000000000023,68163.3,1669.5,0,1,0
300.0,309.0,1622,31.8,103,9.0,51579.6,3275.4,0,0,0
299.1,308.5,1371,55.5,159,9.399999999999977,76090.5,8824.5,1,0,0
299.5,309.1,1336,42.1,217,9.600000000000023,56245.6,9135.7,1,0,0
302.7,310.4,1489,42.7,33,7.699999999999989,63580.3,1409.1000000000001,1,0,0
297.6,308.5,1490,43.4,154,10.899999999999977,64666.0,6683.599999999999,0,1,0
301.7,310.5,1388,50.5,176,8.800000000000011,70094.0,8888.0,0,0,0
299.8,311.2,1564,40.0,172,11.399999999999977,62560.0,6880.0,1,0,0
302.7,310.5,1263,67.8,197,7.800000000000011,85631.4,13356.599999999999,1,0,1
299.1,310.2,1352,52.8,41,11.099999999999966,71385.59999999999,2164.7999999999997,1,0,0
298.4,309.0,1544,38.8,97,10.600000000000023,59907.2,3763.6,0,1,0
302.4,310.5,1372,45.7,144,8.100000000000023,62700.4,6580.8,0,1,1
300.3,309.1,1458,44.3,175,8.800000000000011,64589.399999999994,7752.499999999999,0,1,0
303.3,311.5,1373,47.3,60,8.199999999999989,64942.899999999994,2838.0,0,1,1
302.4,311.1,1432,44.5,195,8.700000000000045,63724.0,8677.5,0,1,0
300.4,309.4,1362,42.1,182,9.0,57340.200000000004,7662.2,0,1,0
298.3,307.9,1435,39.9,143,9.599999999999966,57256.5,5705.7,1,0,0
300.0,309.1,1465,40.6,9,9.100000000000023,59479.0,365.40000000000003,1,0,0
303.5,312.9,1504,44.8,111,9.399999999999977,67379.2,4972.799999999999,1,0,0
301.8,310.1,1738,28.0,58,8.300000000000011,48664.0,1624.0,1,0,0
300.6,310.5,1519,37.0,91,9.899999999999977,56203.0,3367.0,0,0,0
301.6,311.0,1485,40.1,142,9.399999999999977,59548.5,5694.2,1,0,0
296.8,307.4,1549,48.3,105,10.599999999999966,74816.7,5071.5,1,0,0
302.0,310.8,1902,23.4,188,8.800000000000011,44506.799999999996,4399.2,1,0,0
300.9,312.4,1364,52.5,125,11.5,71610.0,6562.5,1,0,0
300.1,309.3,1712,28.5,141,9.199999999999989,48792.0,4018.5,1,0,0
300.5,309.9,1466,53.2,172,9.399999999999977,77991.2,9150.4,0,1,0
300.0,309.7,1652,28.6,112,9.699999999999989,47247.200000000004,3203.2000000000003,0,1,0
302.9,312.2,1605,33.9,86,9.300000000000011,54409.5,2915.4,1,0,0
301.0,310.9,1916,22.0,42,9.899999999999977,42152.0,924.0,0,0,0
301.8,310.6,1403,46.8,151,8.800000000000011,65660.4,7066.799999999999,1,0,0
298.5,309.4,1560,37.9,37,10.899999999999977,59124.0,1402.3,1,0,0
301.1,311.3,2207,16.6,43,10.199999999999989,36636.200000000004,713.8000000000001,0,0,0
298.9,309.6,1600,33.5,175,10.700000000000045,53600.0,5862.5,0,0,0
298.0,308.6,1610,33.1,56,10.600000000000023,53291.0,1853.6000000000001,1,0,0
302.4,311.0,1317,59.4,179,8.600000000000023,78229.8,10632.6,1,0,0
298.9,308.6,1539,45.4,4,9.700000000000045,69870.59999999999,181.6,1,0,0
300.4,311.0,1802,26.0,197,10.600000000000023,46852.0,5122.0,1,0,0
303.4,311.8,2268,15.8,20,8.400000000000034,35834.4,316.0,1,0,0
296.8,307.9,1843,25.2,116,11.099999999999966,46443.6,2923.2,0,1,0
302.7,310.6,1501,48.7,4,7.900000000000034,73098.7,194.8,1,0,0
300.9,312.0,1720,27.9,202,11.100000000000023,47988.0,5635.799999999999,0,0,0
298.8,308.4,1473,41.1,128,9.599999999999966,60540.3,5260.8,1,0,0
299.8,310.1,1553,42.0,177,10.300000000000011,65226.0,7434.0,1,0,0
297.2,308.5,1588,40.4,190,11.300000000000011,64155.2,7676.0,1,0,0
297.3,308.2,1653,31.4,9,10.899999999999977,51904.2,282.59999999999997,0,0,0
300.1,311.3,1676,30.3,151,11.199999999999989,50782.8,4575.3,1,0,0
299.6,311.0,1714,30.2,128,11.399999999999977,51762.799999999996,3865.6,0,0,0
301.3,310.4,1538,38.4,195,9.099999999999966,59059.2,7488.0,1,0,0
297.3,308.0,1403,45.0,77,10.699999999999989,63135.0,3465.0,0,1,0
301.0,310.8,1549,41.4,121,9.800000000000011,64128.6,5009.4,1,0,0
297.4,308.5,1643,33.8,132,11.100000000000023,55533.399999999994,4461.599999999999,1,0,0
299.2,308.4,1475,38.7,22,9.199999999999989,57082.50000000001,851.4000000000001,1,0,0
301.1,310.0,1433,48.1,14,8.899999999999977,68927.3,673.4,0,1,0
295.6,306.1,1669,29.0,161,10.5,48401.0,4669.0,0,1,0
297.6,308.9,1479,38.1,182,11.299999999999955,56349.9,6934.2,0,1,0
300.5,310.7,1654,28.6,161,10.199999999999989,47304.4,4604.6,0,0,0
302.3,311.7,1465,43.5,117,9.399999999999977,63727.5,5089.5,1,0,0
295.9,306.7,1547,40.9,107,10.800000000000011,63272.299999999996,4376.3,1,0,0
301.9,310.6,1260,65.9,29,8.700000000000045,83034.0,1911.1000000000001,0,1,0
302.6,312.3,1534,34.3,31,9.699999999999989,52616.2,1063.3,1,0,0
303.9,312.7,1800,24.3,158,8.800000000000011,43740.0,3839.4,1,0,0
298.6,308.3,1422,40.4,179,9.699999999999989,57448.799999999996,7231.599999999999,1,0,0
298.3,308.8,1349,52.1,104,10.5,70282.90000000001,5418.400000000001,0,1,0
300.5,309.9,1483,49.3,124,9.399999999999977,73111.9,6113.2,0,1,0
298.5,309.6,1502,39.4,84,11.100000000000023,59178.799999999996,3309.6,0,1,0
298.1,309.0,1592,33.9,85,10.899999999999977,53968.799999999996,2881.5,1,0,0
302.4,311.8,1358,50.6,133,9.400000000000034,68714.8,6729.8,0,1,0
301.5,310.5,1396,44.5,117,9.0,62122.0,5206.5,1,0,0
302.3,310.8,1723,26.3,213,8.5,45314.9,5601.900000000001,1,0,0
299.2,308.4,1386,54.1,26,9.199999999999989,74982.6,1406.6000000000001,1,0,0
300.3,311.5,1540,41.5,151,11.199999999999989,63910.0,6266.5,0,1,0
299.2,308.9,1712,26.4,95,9.699999999999989,45196.799999999996,2508.0,0,0,0
300.7,311.1,1324,52.2,85,10.400000000000034,69112.8,4437.0,1,0,0
299.1,308.6,2329,14.6,95,9.5,34003.4,1387.0,0,1,0
302.8,310.6,2016,19.9,199,7.800000000000011,40118.399999999994,3960.1,1,0,0
297.3,308.3,1484,43.9,13,11.0,65147.6,570.6999999999999,1,0,0
299.3,308.5,1510,45.4,72,9.199999999999989,68554.0,3268.7999999999997,1,0,0
301.4,310.7,1329,52.0,160,9.300000000000011,69108.0,8320.0,0,0,0
295.5,306.0,1456,39.2,167,10.5,57075.200000000004,6546.400000000001,1,0,0
302.4,311.9,1541,37.9,192,9.5,58403.899999999994,7276.799999999999,1,0,0
299.8,309.4,1439,47.4,57,9.599999999999966,68208.59999999999,2701.7999999999997,0,1,0
298.1,308.1,1452,40.8,56,10.0,59241.6,2284.7999999999997,0,1,0
303.6,312.9,1480,41.4,135,9.299999999999955,61272.0,5589.0,1,0,0
303.8,312.6,1565,36.0,179,8.800000000000011,56340.0,6444.0,1,0,0
295.7,306.3,1462,44.3,37,10.600000000000023,64766.6,1639.1,0,1,0
297.2,308.1,1554,41.3,147,10.900000000000034,64180.2,6071.099999999999,0,1,0
300.6,310.4,1401,42.6,114,9.799999999999955,59682.6,4856.400000000001,1,0,0
295.6,306.3,1636,32.7,56,10.699999999999989,53497.200000000004,1831.2000000000003,1,0,0
296.9,308.4,1450,46.9,186,11.5,68005.0,8723.4,0,1,0
299.1,308.9,1617,32.3,223,9.799999999999955,52229.1,7202.9,1,0,0
297.3,308.6,1486,42.6,105,11.300000000000011,63303.6,4473.0,1,0,0
300.6,311.5,1459,47.0,63,10.899999999999977,68573.0,2961.0,1,0,0
300.3,311.7,1707,33.6,158,11.399999999999977,57355.200000000004,5308.8,1,0,0
300.4,310.7,1656,36.3,127,10.300000000000011,60112.799999999996,4610.099999999999,0,0,0
300.6,311.9,1413,41.3,43,11.299999999999955,58356.899999999994,1775.8999999999999,1,0,0
298.1,308.6,1415,46.3,27,10.5,65514.49999999999,1250.1,0,1,0
297.7,307.4,1764,29.0,139,9.699999999999989,51156.0,4031.0,1,0,0
299.7,309.3,1494,37.8,214,9.600000000000023,56473.2,8089.2,0,0,0
301.9,311.0,1455,46.0,29,9.100000000000023,66930.0,1334.0,1,0,0
302.6,311.5,1442,59.8,169,8.899999999999977,86231.59999999999,10106.199999999999,1,0,1
299.4,308.6,1415,56.4,175,9.200000000000045,79806.0,9870.0,1,0,0
297.6,308.4,1569,38.3,93,10.799999999999955,60092.7,3561.8999999999996,0,1,0
300.7,310.3,1662,34.4,57,9.600000000000023,57172.799999999996,1960.8,1,0,0
300.1,310.5,1492,50.9,111,10.399999999999977,75942.8,5649.9,1,0,0
302.4,310.1,1577,35.8,136,7.7000000000000455,56456.6,4868.799999999999,0,1,0
300.7,311.1,2377,14.3,135,10.400000000000034,33991.1,1930.5,1,0,0
303.1,311.2,1435,40.1,219,8.099999999999966,57543.5,8781.9,1,0,0
296.3,307.4,1760,28.4,56,11.099999999999966,49984.0,1590.3999999999999,1,0,0
298.2,308.9,1614,35.5,15,10.699999999999989,57297.0,532.5,0,1,0
298.4,309.3,1549,40.8,139,10.900000000000034,63199.2,5671.2,1,0,0
303.6,312.9,1873,23.5,7,9.299999999999955,44015.5,164.5,1,0,0
300.2,311.5,1454,42.8,88,11.300000000000011,62231.2,3766.3999999999996,0,0,0
302.6,311.0,1284,68.0,114,8.399999999999977,87312.0,7752.0,1,0,1
297.8,309.1,1432,42.6,17,11.300000000000011,61003.200000000004,724.2,0,1,0
299.2,308.8,1314,52.5,193,9.600000000000023,68985.0,10132.5,0,1,0
298.6,308.4,1485,42.9,38,9.799999999999955,63706.5,1630.2,1,0,0
297.9,309.0,1525,38.5,113,11.100000000000023,58712.5,4350.5,0,1,0
301.2,311.0,1573,32.8,57,9.800000000000011,51594.399999999994,1869.6,1,0,0
300.8,311.7,1681,31.3,221,10.899999999999977,52615.3,6917.3,1,0,0
299.0,309.0,1469,40.1,13,10.0,58906.9,521.3000000000001,1,0,0
301.4,311.3,1674,33.3,46,9.900000000000034,55744.2,1531.8,1,0,0
297.4,308.4,1340,52.6,15,11.0,70484.0,789.0,0,1,0
301.5,310.8,1452,44.1,157,9.300000000000011,64033.200000000004,6923.7,0,1,0
298.6,309.5,1580,33.9,70,10.899999999999977,53562.0,2373.0,0,1,0
297.8,309.4,1445,48.2,10,11.599999999999966,69649.0,482.0,0,0,0
301.1,310.5,1646,30.7,76,9.399999999999977,50532.2,2333.2,0,1,0
301.1,311.0,1918,21.7,28,9.899999999999977,41620.6,607.6,1,0,0
299.3,308.7,1390,49.3,215,9.399999999999977,68527.0,10599.5,0,1,0
298.0,307.5,1683,27.8,26,9.5,46787.4,722.8000000000001,0,0,0
302.9,312.2,1510,41.4,94,9.300000000000011,62514.0,3891.6,1,0,0
299.1,310.2,1711,28.1,17,11.099999999999966,48079.100000000006,477.70000000000005,0,1,0
301.0,310.5,1408,47.0,202,9.5,66176.0,9494.0,1,0,0
298.8,309.8,1551,36.6,15,11.0,56766.600000000006,549.0,0,1,0
300.9,310.5,1599,40.5,57,9.600000000000023,64759.5,2308.5,1,0,0
300.2,310.0,1486,40.1,182,9.800000000000011,59588.6,7298.2,1,0,0
300.7,310.8,1346,52.0,193,10.100000000000023,69992.0,10036.0,0,0,0
296.8,307.8,1664,32.8,142,11.0,54579.2,4657.599999999999,0,1,0
303.1,311.1,1594,35.5,13,8.0,56587.0,461.5,0,1,0
298.1,307.4,1335,56.2,190,9.299999999999955,75027.0,10678.0,0,1,0
301.0,310.9,1492,36.7,199,9.899999999999977,54756.4,7303.3,1,0,0
300.3,311.7,1406,47.5,14,11.399999999999977,66785.0,665.0,1,0,0
300.2,311.6,1513,40.8,157,11.400000000000034,61730.399999999994,6405.599999999999,0,1,0
302.3,311.8,1879,23.0,124,9.5,43217.0,2852.0,0,1,0
302.9,312.2,1292,54.4,136,9.300000000000011,70284.8,7398.4,0,1,0
301.1,311.1,1429,42.5,123,10.0,60732.5,5227.5,1,0,0
300.6,311.7,1553,39.8,0,11.099999999999966,61809.399999999994,0.0,1,0,0
297.8,307.7,1505,39.7,25,9.899999999999977,59748.50000000001,992.5000000000001,1,0,0
298.1,308.2,1654,35.3,155,10.099999999999966,58386.2,5471.5,0,1,0
301.5,310.9,1580,32.3,11,9.399999999999977,51033.99999999999,355.29999999999995,1,0,0
299.0,309.5,1861,23.3,73,10.5,43361.3,1700.9,1,0,0
302.5,311.9,1553,40.1,187,9.399999999999977,62275.3,7498.7,1,0,0
298.1,307.8,1565,35.3,119,9.699999999999989,55244.49999999999,4200.7,1,0,0
297.0,307.9,1422,53.0,115,10.899999999999977,75366.0,6095.0,0,1,0
302.2,310.9,1522,35.9,61,8.699999999999989,54639.799999999996,2189.9,0,0,0
299.4,309.3,1391,46.6,185,9.900000000000034,64820.6,8621.0,1,0,0
302.6,311.9,1448,49.5,72,9.299999999999955,71676.0,3564.0,1,0,0
297.1,308.2,1402,51.2,186,11.099999999999966,71782.40000000001,9523.2,1,0,0
298.3,308.5,1539,36.1,168,10.199999999999989,55557.9,6064.8,1,0,0
301.1,311.6,1266,55.5,210,10.5,70263.0,11655.0,0,1,0
298.0,307.6,1694,29.1,169,9.600000000000023,49295.4,4917.900000000001,1,0,0
300.8,311.9,1498,39.3,23,11.099999999999966,58871.399999999994,903.9,1,0,0
298.3,307.8,1485,42.0,13,9.5,62370.0,546.0,0,1,0
300.6,309.4,1410,40.6,99,8.799999999999955,57246.0,4019.4,1,0,0
298.0,307.7,1430,47.3,49,9.699999999999989,67639.0,2317.7,1,0,0
297.3,308.3,1410,48.1,23,11.0,67821.0,1106.3,1,0,0
302.4,310.1,1520,36.6,97,7.7000000000000455,55632.0,3550.2000000000003,0,1,0
300.5,311.3,1468,41.1,34,10.800000000000011,60334.8,1397.4,0,1,0
297.8,307.9,1726,27.3,35,10.099999999999966,47119.8,955.5,0,1,0
295.5,306.1,1822,24.3,164,10.600000000000023,44274.6,3985.2000000000003,0,1,0
302.2,311.3,1378,55.5,35,9.100000000000023,76479.0,1942.5,1,0,0
297.4,308.5,1600,42.1,190,11.100000000000023,67360.0,7999.0,0,1,0
301.2,309.8,1709,27.0,151,8.600000000000023,46143.0,4077.0,0,0,0
299.1,310.6,1818,24.1,173,11.5,43813.8,4169.3,1,0,0
299.6,308.9,1685,27.8,161,9.299999999999955,46843.0,4475.8,0,1,0
301.2,310.7,1962,22.5,28,9.5,44145.0,630.0,0,1,0
302.6,312.4,1398,41.6,40,9.799999999999955,58156.8,1664.0,1,0,0
298.3,308.8,1645,30.4,33,10.5,50008.0,1003.1999999999999,1,0,0
297.6,309.6,1592,35.8,57,12.0,56993.6,2040.6,0,1,0
302.2,311.1,1516,33.7,158,8.900000000000034,51089.200000000004,5324.6,0,1,0
301.4,311.0,1634,32.6,155,9.600000000000023,53268.4,5053.0,1,0,0
299.1,308.9,1680,27.2,110,9.799999999999955,45696.0,2992.0,1,0,0
299.3,310.7,1374,48.9,222,11.399999999999977,67188.59999999999,10855.8,0,1,0
298.9,310.5,1640,29.2,195,11.600000000000023,47888.0,5694.0,1,0,0
302.3,310.9,1710,30.4,218,8.599999999999966,51984.0,6627.2,0,1,1
300.5,311.6,1246,52.9,165,11.100000000000023,65913.4,8728.5,0,1,0
299.5,309.3,1941,22.5,18,9.800000000000011,43672.5,405.0,1,0,0
300.8,310.7,1586,33.4,142,9.899999999999977,52972.399999999994,4742.8,1,0,0
299.2,308.4,1396,48.5,5,9.199999999999989,67706.0,242.5,0,1,0
298.6,309.4,1440,48.2,136,10.799999999999955,69408.0,6555.200000000001,1,0,0
298.8,310.0,1486,38.5,55,11.199999999999989,57211.0,2117.5,0,1,0
297.6,309.5,1623,33.1,224,11.899999999999977,53721.3,7414.400000000001,0,0,0
301.9,310.6,1573,36.6,15,8.700000000000045,57571.8,549.0,1,0,0
297.7,309.7,1570,35.8,160,12.0,56205.99999999999,5728.0,0,0,0
302.0,310.6,1583,35.2,171,8.600000000000023,55721.600000000006,6019.200000000001,1,0,0
298.4,308.2,1282,60.7,216,9.800000000000011,77817.40000000001,13111.2,1,0,1
298.1,309.0,1533,36.1,189,10.899999999999977,55341.3,6822.900000000001,0,1,0
298.8,308.8,1441,40.5,63,10.0,58360.5,2551.5,0,1,0
298.1,307.7,1633,30.7,145,9.599999999999966,50133.1,4451.5,0,1,0
297.6,309.0,1487,45.4,64,11.399999999999977,67509.8,2905.6,1,0,0
301.8,310.6,1650,31.9,126,8.800000000000011,52635.0,4019.3999999999996,1,0,0
298.9,310.1,1555,40.6,176,11.200000000000045,63133.0,7145.6,0,1,0
301.4,310.3,1492,41.4,195,8.900000000000034,61768.799999999996,8073.0,1,0,0
304.0,313.2,1615,37.8,127,9.199999999999989,61046.99999999999,4800.599999999999,1,0,0
303.2,311.5,1336,58.2,2,8.300000000000011,77755.2,116.4,0,1,1
302.2,311.3,1389,46.9,106,9.100000000000023,65144.1,4971.4,1,0,0
303.3,311.8,1692,30.6,18,8.5,51775.200000000004,550.8000000000001,1,0,0
301.4,310.4,1559,36.0,196,9.0,56124.0,7056.0,1,0,0
301.9,309.7,1719,31.9,0,7.800000000000011,54836.1,0.0,1,0,0
303.4,311.8,1391,42.7,197,8.400000000000034,59395.700000000004,8411.900000000001,0,1,0
302.6,310.4,1743,26.3,191,7.7999999999999545,45840.9,5023.3,1,0,0
301.8,310.1,2372,13.9,205,8.300000000000011,32970.8,2849.5,0,1,1
297.7,307.3,1514,38.6,19,9.600000000000023,58440.4,733.4,0,0,0
297.4,308.1,1729,31.7,204,10.700000000000045,54809.299999999996,6466.8,1,0,0
298.1,308.0,1374,48.8,156,9.899999999999977,67051.2,7612.799999999999,0,1,0
300.8,310.2,1850,22.8,33,9.399999999999977,42180.0,752.4,1,0,0
298.7,310.0,1519,38.1,198,11.300000000000011,57873.9,7543.8,0,1,0
299.0,310.3,1501,43.0,91,11.300000000000011,64543.0,3913.0,1,0,0
300.2,311.8,1798,23.2,210,11.600000000000023,41713.6,4872.0,1,0,0
300.4,309.3,1411,41.6,160,8.900000000000034,58697.6,6656.0,0,1,0
299.8,309.1,1668,30.3,200,9.300000000000011,50540.4,6060.0,1,0,0
298.7,309.8,1402,54.3,128,11.100000000000023,76128.59999999999,6950.4,1,0,0
304.0,312.7,1456,51.2,160,8.699999999999989,74547.2,8192.0,0,1,0
299.3,308.8,1636,35.5,180,9.5,58078.0,6390.0,0,0,0
300.3,309.4,1705,29.4,190,9.099999999999966,50127.0,5586.0,1,0,0
301.3,311.2,1675,32.1,12,9.899999999999977,53767.5,385.20000000000005,1,0,0
301.3,310.8,1428,55.2,88,9.5,78825.6,4857.6,1,0,0
296.5,307.4,1432,49.2,64,10.899999999999977,70454.40000000001,3148.8,0,0,0
299.4,308.5,1845,22.9,76,9.100000000000023,42250.5,1740.3999999999999,1,0,0
295.9,306.5,1594,33.2,55,10.600000000000023,52920.8,1826.0000000000002,0,0,0
299.0,309.1,1523,38.6,177,10.100000000000023,58787.8,6832.2,1,0,0
298.8,310.2,1581,37.5,75,11.399999999999977,59287.5,2812.5,0,1,0
303.6,311.9,1544,37.1,88,8.299999999999955,57282.4,3264.8,0,0,0
297.4,308.3,1335,57.9,113,10.900000000000034,77296.5,6542.7,0,1,0
295.8,306.4,1335,51.7,69,10.599999999999966,69019.5,3567.3,0,1,0
300.4,309.8,1421,47.2,0,9.400000000000034,67071.2,0.0,0,1,0
299.0,310.2,1533,43.5,159,11.199999999999989,66685.5,6916.5,1,0,0
301.9,310.8,1455,42.7,85,8.900000000000034,62128.50000000001,3629.5000000000005,0,0,0
297.7,308.9,1715,27.2,193,11.199999999999989,46648.0,5249.599999999999,1,0,0
300.9,310.4,1375,44.7,87,9.5,61462.50000000001,3888.9,0,1,0
300.1,310.6,1374,45.4,119,10.5,62379.6,5402.599999999999,1,0,0
298.4,309.0,1507,36.1,191,10.600000000000023,54402.700000000004,6895.1,0,1,0
300.1,308.9,1548,38.4,31,8.799999999999955,59443.2,1190.3999999999999,0,1,0
299.6,310.7,1922,23.3,205,11.099999999999966,44782.6,4776.5,1,0,1
298.2,308.8,1436,51.9,153,10.600000000000023,74528.4,7940.7,0,0,0
298.9,310.2,1362,53.0,185,11.300000000000011,72186.0,9805.0,1,0,0
297.3,308.7,1551,40.0,125,11.399999999999977,62040.0,5000.0,1,0,0
300.7,312.3,1446,45.4,86,11.600000000000023,65648.4,3904.4,0,0,0
299.2,308.5,1867,27.0,138,9.300000000000011,50409.0,3726.0,1,0,0
302.1,311.0,1711,28.7,83,8.899999999999977,49105.7,2382.1,0,1,0
300.4,310.2,1529,36.2,10,9.800000000000011,55349.8,362.0,1,0,0
300.5,311.5,1708,31.2,57,11.0,53289.6,1778.3999999999999,1,0,0
303.7,312.7,1469,48.5,147,9.0,71246.5,7129.5,0,1,0
300.5,310.3,1435,43.3,31,9.800000000000011,62135.49999999999,1342.3,1,0,0
298.2,307.6,1368,51.8,5,9.400000000000034,70862.4,259.0,1,0,0
300.4,309.5,1543,38.9,37,9.100000000000023,60022.7,1439.3,1,0,0
301.1,310.9,1396,45.1,12,9.799999999999955,62959.6,541.2,0,1,0
298.8,309.7,1439,45.8,81,10.899999999999977,65906.2,3709.7999999999997,0,1,0
302.6,311.4,1757,29.5,151,8.799999999999955,51831.5,4454.5,0,1,0
298.8,308.6,1268,55.8,155,9.800000000000011,70754.4,8649.0,1,0,0
299.6,310.2,1468,48.0,9,10.599999999999966,70464.0,432.0,1,0,0
299.8,309.4,1480,40.9,2,9.599999999999966,60532.0,81.8,1,0,0
296.9,307.9,1435,41.6,139,11.0,59696.0,5782.400000000001,1,0,0
299.1,310.5,1471,38.4,146,11.399999999999977,56486.4,5606.4,1,0,0
300.9,310.8,1599,33.0,7,9.900000000000034,52767.0,231.0,0,1,0
302.3,311.8,1281,51.7,61,9.5,66227.7,3153.7000000000003,1,0,0
298.1,308.3,1680,33.7,185,10.199999999999989,56616.00000000001,6234.500000000001,0,1,0
296.0,306.6,1628,36.8,121,10.600000000000023,59910.399999999994,4452.799999999999,0,1,0
301.6,310.5,1602,32.3,2,8.899999999999977,51744.6,64.6,0,0,0
300.6,309.3,1601,40.2,69,8.699999999999989,64360.200000000004,2773.8,1,0,0
298.6,308.4,1310,59.7,40,9.799999999999955,78207.0,2388.0,1,0,0
301.5,310.4,1593,36.8,50,8.899999999999977,58622.399999999994,1839.9999999999998,0,1,0
303.3,311.6,1484,44.6,223,8.300000000000011,66186.40000000001,9945.800000000001,1,0,0
299.5,310.0,1388,52.4,94,10.5,72731.2,4925.599999999999,1,0,0
300.2,311.0,2370,14.7,144,10.800000000000011,34839.0,2116.7999999999997,0,1,0
300.2,309.5,1495,32.6,49,9.300000000000011,48737.0,1597.4,1,0,0
298.0,307.7,1492,38.7,202,9.699999999999989,57740.4,7817.400000000001,1,0,0
303.7,312.7,1669,31.7,120,9.0,52907.299999999996,3804.0,0,1,0
303.0,311.1,1428,39.8,181,8.100000000000023,56834.399999999994,7203.799999999999,0,1,0
300.1,309.3,1570,36.8,189,9.199999999999989,57775.99999999999,6955.2,1,0,0
300.7,310.6,1778,27.1,215,9.900000000000034,48183.8,5826.5,0,1,0
300.1,309.8,1430,56.7,44,9.699999999999989,81081.0,2494.8,1,0,0
300.8,310.5,1559,40.1,220,9.699999999999989,62515.9,8822.0,0,0,0
298.1,308.6,1551,42.8,0,10.5,66382.79999999999,0.0,0,1,0
301.5,310.0,1417,44.6,49,8.5,63198.200000000004,2185.4,0,1,0
303.9,313.2,1481,40.0,100,9.300000000000011,59240.0,4000.0,1,0,0
298.8,308.6,1331,62.8,81,9.800000000000011,83586.8,5086.8,1,0,0
302.0,310.6,1467,44.9,86,8.600000000000023,65868.3,3861.4,1,0,0
302.4,311.8,1448,43.4,141,9.400000000000034,62843.2,6119.4,1,0,0
301.6,310.8,1343,49.5,140,9.199999999999989,66478.5,6930.0,0,1,0
298.2,308.9,1737,25.5,26,10.699999999999989,44293.5,663.0,1,0,0
297.4,309.0,1324,56.9,173,11.600000000000023,75335.59999999999,9843.699999999999,1,0,0
299.6,309.2,1602,37.3,31,9.599999999999966,59754.6,1156.3,1,0,0
301.8,311.1,1543,36.4,120,9.300000000000011,56165.2,4368.0,0,0,0
300.3,311.7,1333,55.2,18,11.399999999999977,73581.6,993.6,1,0,0
300.9,309.5,1758,26.8,116,8.600000000000023,47114.4,3108.8,0,1,0
303.4,311.5,1424,50.8,128,8.100000000000023,72339.2,6502.4,1,0,0
298.7,310.1,1676,33.5,70,11.400000000000034,56146.0,2345.0,1,0,0
299.2,308.7,1492,37.8,91,9.5,56397.6,3439.7999999999997,1,0,0
299.0,310.2,1598,33.4,44,11.199999999999989,53373.2,1469.6,0,1,0
301.6,311.2,1408,42.9,89,9.599999999999966,60403.2,3818.1,1,0,0
300.0,309.1,1463,45.7,11,9.100000000000023,66859.1,502.70000000000005,0,1,0
297.8,307.8,1573,37.9,33,10.0,59616.7,1250.7,1,0,0
296.7,307.8,1453,46.0,33,11.100000000000023,66838.0,1518.0,1,0,0
296.9,307.8,1426,50.7,130,10.900000000000034,72298.2,6591.0,0,1,0
303.4,311.8,1316,50.9,69,8.400000000000034,66984.4,3512.1,0,1,1
297.5,308.6,1349,51.5,21,11.100000000000023,69473.5,1081.5,0,1,0
297.1,307.9,1496,44.7,88,10.799999999999955,66871.2,3933.6000000000004,1,0,0
298.7,309.9,1434,53.0,144,11.199999999999989,76002.0,7632.0,0,1,0
298.5,308.4,1513,33.6,172,9.899999999999977,50836.8,5779.2,1,0,0
300.5,312.0,1453,45.1,151,11.5,65530.3,6810.1,1,0,0
300.0,311.4,1604,38.7,185,11.399999999999977,62074.8,7159.500000000001,1,0,0
295.6,306.2,1426,48.6,124,10.599999999999966,69303.6,6026.400000000001,1,0,0
300.9,312.1,1359,51.7,146,11.200000000000045,70260.3,7548.200000000001,1,0,0
303.2,311.4,1351,53.8,8,8.199999999999989,72683.8,430.4,1,0,1
299.9,311.3,1535,38.1,160,11.400000000000034,58483.5,6096.0,1,0,0
297.3,307.8,1385,44.4,169,10.5,61494.0,7503.599999999999,1,0,0
298.5,308.6,1344,53.0,114,10.100000000000023,71232.0,6042.0,0,1,0
300.8,312.0,1374,50.2,154,11.199999999999989,68974.8,7730.8,1,0,0
300.2,311.6,1510,47.5,146,11.400000000000034,71725.0,6935.0,0,1,0
296.8,307.9,1337,56.5,5,11.099999999999966,75540.5,282.5,1,0,0
300.4,311.8,1362,47.6,188,11.400000000000034,64831.200000000004,8948.800000000001,0,1,0
303.8,313.1,1394,45.4,36,9.300000000000011,63287.6,1634.3999999999999,1,0,0
304.2,313.4,1735,28.9,192,9.199999999999989,50141.5,5548.799999999999,1,0,0
298.2,309.0,2449,13.8,45,10.800000000000011,33796.200000000004,621.0,1,0,0
296.8,308.1,1492,43.7,222,11.300000000000011,65200.4,9701.400000000001,0,0,0
302.3,311.7,1368,53.6,165,9.399999999999977,73324.8,8844.0,0,1,0
296.9,308.0,1546,31.1,11,11.100000000000023,48080.600000000006,342.1,1,0,0
299.8,311.1,1452,44.3,167,11.300000000000011,64323.6,7398.099999999999,0,1,0
297.2,308.3,1326,57.2,100,11.100000000000023,75847.2,5720.0,0,1,0
297.9,308.5,1383,44.6,184,10.600000000000023,61681.8,8206.4,0,0,0
302.6,312.2,1458,38.8,34,9.599999999999966,56570.399999999994,1319.1999999999998,0,1,0
302.3,310.7,1499,37.8,137,8.399999999999977,56662.2,5178.599999999999,1,0,0
303.4,311.9,1402,50.0,54,8.5,70100.0,2700.0,0,0,0
301.8,310.2,1457,40.4,213,8.399999999999977,58862.799999999996,8605.199999999999,1,0,0
300.6,311.0,1543,34.7,89,10.399999999999977,53542.100000000006,3088.3,1,0,0
303.9,313.0,1433,48.4,178,9.100000000000023,69357.2,8615.199999999999,1,0,0
298.3,309.2,1486,42.4,16,10.899999999999977,63006.4,678.4,0,0,0
298.9,310.1,1473,42.6,164,11.200000000000045,62749.8,6986.400000000001,1,0,0
297.8,307.4,1355,45.8,60,9.599999999999966,62058.99999999999,2748.0,1,0,0
301.7,310.8,1954,21.6,198,9.100000000000023,42206.4,4276.8,0,1,0
300.0,309.8,1474,40.6,78,9.800000000000011,59844.4,3166.8,1,0,0
299.3,308.8,1647,32.9,172,9.5,54186.299999999996,5658.8,1,0,0
299.4,309.0,1613,32.2,178,9.600000000000023,51938.600000000006,5731.6,1,0,0
303.7,312.6,1514,35.5,138,8.900000000000034,53747.0,4899.0,0,0,0
296.7,307.7,1597,32.1,114,11.0,51263.700000000004,3659.4,0,1,0
298.2,308.0,1969,21.7,32,9.800000000000011,42727.299999999996,694.4,0,1,0
299.2,308.4,1841,22.8,40,9.199999999999989,41974.8,912.0,1,0,0
298.3,309.4,1356,45.4,96,11.099999999999966,61562.4,4358.4,1,0,0
297.6,308.8,1385,44.4,181,11.199999999999989,61494.0,8036.4,0,0,0
301.8,310.7,1465,35.8,82,8.899999999999977,52446.99999999999,2935.6,0,1,0
301.8,311.0,1651,32.5,195,9.199999999999989,53657.5,6337.5,1,0,0
296.8,308.2,1361,53.8,193,11.399999999999977,73221.8,10383.4,1,0,0
299.8,311.2,1369,46.2,146,11.399999999999977,63247.8,6745.200000000001,1,0,0
299.2,308.9,1573,37.4,212,9.699999999999989,58830.2,7928.799999999999,0,1,0
300.4,310.0,1769,26.1,38,9.600000000000023,46170.9,991.8000000000001,1,0,0
302.3,310.9,2034,19.7,190,8.599999999999966,40069.799999999996,3743.0,1,0,0
299.1,310.5,1419,48.8,76,11.399999999999977,69247.2,3708.7999999999997,1,0,0
298.7,309.6,1254,57.1,124,10.900000000000034,71603.40000000001,7080.400000000001,0,1,0
298.7,309.6,1654,34.3,136,10.900000000000034,56732.2,4664.799999999999,0,0,0
302.5,310.3,1447,39.2,172,7.800000000000011,56722.4,6742.400000000001,0,1,0
303.6,312.7,2174,17.6,37,9.099999999999966,38262.4,651.2,0,1,0
302.3,311.5,1387,47.3,2,9.199999999999989,65605.09999999999,94.6,1,0,0
302.0,311.2,1625,30.7,189,9.199999999999989,49887.5,5802.3,0,1,0
302.2,311.3,1570,36.1,0,9.100000000000023,56677.0,0.0,1,0,0
296.8,307.6,1304,48.7,142,10.800000000000011,63504.8,6915.400000000001,1,0,0
298.0,307.4,1606,35.2,195,9.399999999999977,56531.200000000004,6864.000000000001,0,0,0
297.7,309.0,1504,40.4,35,11.300000000000011,60761.6,1414.0,0,1,0
302.5,310.4,1967,20.3,50,7.899999999999977,39930.1,1015.0,1,0,0
298.8,308.6,1571,33.7,61,9.800000000000011,52942.700000000004,2055.7000000000003,0,1,0
301.4,310.9,1489,38.9,179,9.5,57922.1,6963.099999999999,0,1,0
299.2,310.4,1325,52.0,34,11.199999999999989,68900.0,1768.0,0,1,0
299.7,309.2,1412,45.3,205,9.5,63963.6,9286.5,0,1,0
301.2,310.9,1424,45.2,68,9.699999999999989,64364.8,3073.6000000000004,0,1,0
298.1,309.9,1629,32.5,45,11.799999999999955,52942.5,1462.5,1,0,0
302.0,311.1,1406,48.8,159,9.100000000000023,68612.8,7759.2,0,1,0
300.9,310.5,1616,33.5,25,9.600000000000023,54136.0,837.5,1,0,0
298.0,307.8,1588,35.4,114,9.800000000000011,56215.2,4035.6,0,0,0
303.5,311.6,1562,34.2,107,8.100000000000023,53420.4,3659.4,0,1,0
299.6,309.2,1597,36.3,35,9.599999999999966,57971.1,1270.5,0,0,0
299.5,310.7,1488,39.5,95,11.199999999999989,58776.0,3752.5,0,1,0
300.2,309.5,1434,51.5,189,9.300000000000011,73851.0,9733.5,0,1,0
302.4,312.0,1562,37.9,10,9.600000000000023,59199.799999999996,379.0,1,0,0
303.8,312.9,1442,48.3,52,9.099999999999966,69648.59999999999,2511.6,1,0,0
300.8,310.7,1483,40.8,28,9.899999999999977,60506.399999999994,1142.3999999999999,0,1,0
298.6,309.4,1698,33.2,147,10.799999999999955,56373.600000000006,4880.400000000001,1,0,0
303.0,312.3,1483,38.8,114,9.300000000000011,57540.399999999994,4423.2,0,1,0
300.1,309.1,1731,30.4,92,9.0,52622.399999999994,2796.7999999999997,0,1,0
301.0,310.1,1558,32.6,0,9.100000000000023,50790.8,0.0,1,0,0
298.4,309.6,1477,35.6,101,11.200000000000045,52581.200000000004,3595.6000000000004,1,0,0
300.7,311.0,1462,41.9,126,10.300000000000011,61257.799999999996,5279.4,1,0,0
299.0,310.3,1494,46.6,144,11.300000000000011,69620.40000000001,6710.400000000001,0,1,0
298.8,308.8,1555,40.6,61,10.0,63133.0,2476.6,1,0,0
303.6,312.6,1502,39.5,103,9.0,59329.0,4068.5,1,0,0
297.6,308.7,1460,46.7,150,11.099999999999966,68182.0,7005.0,1,0,0
300.9,310.0,2595,13.7,207,9.100000000000023,35551.5,2835.8999999999996,1,0,0
299.8,309.3,1663,35.2,208,9.5,58537.600000000006,7321.6,0,1,0
296.8,307.5,1347,54.8,43,10.699999999999989,73815.59999999999,2356.4,1,0,0
302.3,311.5,1565,35.6,41,9.199999999999989,55714.0,1459.6000000000001,1,0,0
298.7,309.2,1449,42.3,182,10.5,61292.7,7698.599999999999,0,0,0
302.3,311.7,2170,18.2,91,9.399999999999977,39494.0,1656.2,1,0,0
302.4,311.1,1652,33.9,139,8.700000000000045,56002.799999999996,4712.099999999999,1,0,0
297.4,308.7,1522,46.3,146,11.300000000000011,70468.59999999999,6759.799999999999,0,0,0
301.4,310.4,1689,30.6,110,9.0,51683.4,3366.0,1,0,0
298.3,308.4,1593,37.0,174,10.099999999999966,58941.0,6438.0,1,0,0
302.4,310.2,1633,28.0,164,7.800000000000011,45724.0,4592.0,1,0,0
303.1,311.1,1420,55.8,113,8.0,79236.0,6305.4,1,0,0
302.0,310.9,1446,44.0,64,8.899999999999977,63624.0,2816.0,1,0,0
298.1,308.8,1628,37.6,12,10.699999999999989,61212.8,451.20000000000005,0,1,0
297.9,307.3,1420,47.8,171,9.400000000000034,67876.0,8173.799999999999,0,1,0
299.4,308.6,1492,40.5,181,9.200000000000045,60426.0,7330.5,1,0,0
299.8,310.2,1411,49.7,161,10.399999999999977,70126.7,8001.700000000001,0,0,0
302.5,311.5,1493,35.1,131,9.0,52404.3,4598.1,1,0,0
297.4,308.6,1469,42.6,80,11.200000000000045,62579.4,3408.0,0,1,0
302.3,311.4,1500,40.2,30,9.099999999999966,60300.00000000001,1206.0,0,1,0
298.8,309.5,1645,32.8,157,10.699999999999989,53955.99999999999,5149.599999999999,1,0,0
301.2,310.3,1548,38.6,59,9.100000000000023,59752.8,2277.4,1,0,0
302.3,310.9,1627,32.3,0,8.599999999999966,52552.1,0.0,0,1,0
300.2,310.3,1202,59.5,40,10.100000000000023,71519.0,2380.0,1,0,0
302.3,311.8,1363,54.0,119,9.5,73602.0,6426.0,0,1,1
299.0,309.4,1798,25.5,89,10.399999999999977,45849.0,2269.5,1,0,0
301.6,310.8,1564,34.1,150,9.199999999999989,53332.4,5115.0,1,0,0
300.5,310.7,1488,39.4,159,10.199999999999989,58627.2,6264.599999999999,1,0,0
300.8,310.9,1398,38.2,50,10.099999999999966,53403.600000000006,1910.0000000000002,1,0,0
301.1,310.7,1436,45.3,8,9.599999999999966,65050.799999999996,362.4,1,0,0
297.5,308.5,1484,44.7,40,11.0,66334.8,1788.0,0,1,0
301.4,310.7,1280,61.0,106,9.300000000000011,78080.0,6466.0,1,0,0
297.3,308.0,1447,49.0,61,10.699999999999989,70903.0,2989.0,1,0,0
300.0,311.4,1508,38.2,18,11.399999999999977,57605.600000000006,687.6,1,0,0
298.8,310.0,1412,46.3,107,11.199999999999989,65375.6,4954.099999999999,1,0,0
296.2,306.9,1526,34.9,140,10.699999999999989,53257.4,4886.0,1,0,0
300.7,311.8,1478,41.9,207,11.100000000000023,61928.2,8673.3,1,0,0
299.4,308.6,1746,26.8,107,9.200000000000045,46792.8,2867.6,1,0,0
298.0,307.8,1716,26.6,9,9.800000000000011,45645.600000000006,239.4,1,0,0
301.4,311.0,1234,55.8,152,9.600000000000023,68857.2,8481.6,0,1,0
298.9,309.8,1534,42.1,23,10.900000000000034,64581.4,968.3000000000001,1,0,0
299.7,311.1,1439,44.9,174,11.400000000000034,64611.1,7812.599999999999,1,0,0
299.1,310.4,1594,33.3,147,11.299999999999955,53080.2,4895.099999999999,1,0,0
301.9,311.0,1430,49.8,174,9.100000000000023,71214.0,8665.199999999999,0,0,0
301.5,310.5,1453,48.0,124,9.0,69744.0,5952.0,0,0,0
298.6,309.5,1684,27.8,44,10.899999999999977,46815.200000000004,1223.2,0,1,0
301.6,310.9,1532,43.6,15,9.299999999999955,66795.2,654.0,1,0,0
298.1,307.6,1565,36.3,140,9.5,56809.49999999999,5082.0,0,1,0
300.2,311.7,1397,50.2,71,11.5,70129.40000000001,3564.2000000000003,0,1,0
299.9,310.5,1539,32.8,213,10.600000000000023,50479.2,6986.4,1,0,0
298.9,309.9,1592,32.0,60,11.0,50944.0,1920.0,1,0,0
299.2,309.9,1516,41.4,219,10.699999999999989,62762.4,9066.6,1,0,0
297.6,308.3,1816,28.8,106,10.699999999999989,52300.8,3052.8,1,0,0
302.4,311.0,1338,67.6,194,8.600000000000023,90448.79999999999,13114.4,1,0,1
297.7,308.4,1510,38.6,72,10.699999999999989,58286.0,2779.2000000000003,1,0,0
298.8,310.0,1529,38.5,77,11.199999999999989,58866.5,2964.5,0,1,0
301.7,311.0,1537,33.5,146,9.300000000000011,51489.5,4891.0,0,1,0
300.7,310.2,1479,52.3,9,9.5,77351.7,470.7,0,0,0
300.7,311.8,1486,47.3,19,11.100000000000023,70287.8,898.6999999999999,1,0,0
298.5,309.6,1441,48.2,107,11.100000000000023,69456.2,5157.400000000001,0,1,0
300.8,309.7,1373,45.4,179,8.899999999999977,62334.2,8126.599999999999,1,0,0
300.9,310.8,1571,39.9,51,9.900000000000034,62682.899999999994,2034.8999999999999,1,0,0
301.6,310.9,1385,50.7,195,9.299999999999955,70219.5,9886.5,1,0,0
301.9,310.8,1906,21.7,62,8.900000000000034,41360.2,1345.3999999999999,1,0,0
297.9,308.8,1681,31.7,94,10.900000000000034,53287.7,2979.7999999999997,1,0,0
301.9,310.9,1590,34.3,106,9.0,54536.99999999999,3635.7999999999997,0,0,0
298.4,308.7,1588,35.0,99,10.300000000000011,55580.0,3465.0,1,0,0
297.9,309.0,1583,36.7,104,11.100000000000023,58096.100000000006,3816.8,1,0,0
298.8,308.5,1425,47.4,90,9.699999999999989,67545.0,4266.0,0,1,0
304.2,313.4,1475,40.2,98,9.199999999999989,59295.00000000001,3939.6000000000004,1,0,0
299.3,308.9,1767,24.8,196,9.599999999999966,43821.6,4860.8,0,1,0
301.0,312.2,1489,40.3,117,11.199999999999989,60006.7,4715.099999999999,0,0,0
297.5,309.3,1563,36.1,100,11.800000000000011,56424.3,3610.0,0,0,0
303.0,311.2,1735,26.1,194,8.199999999999989,45283.5,5063.400000000001,1,0,0
296.9,307.8,1285,52.1,100,10.900000000000034,66948.5,5210.0,1,0,0
300.1,311.3,1535,42.3,92,11.199999999999989,64930.49999999999,3891.6,1,0,0
301.5,310.7,1454,39.4,17,9.199999999999989,57287.6,669.8,0,1,0
299.1,308.3,1506,38.0,125,9.199999999999989,57228.0,4750.0,0,1,0
297.4,308.3,1465,42.0,13,10.900000000000034,61530.0,546.0,1,0,0
302.6,312.1,1439,52.3,35,9.5,75259.7,1830.5,1,0,0
300.1,311.3,1523,34.1,135,11.199999999999989,51934.3,4603.5,0,1,0
296.7,307.9,1579,33.4,50,11.199999999999989,52738.6,1670.0,0,0,0
301.2,312.4,1428,36.6,99,11.199999999999989,52264.8,3623.4,0,1,0
303.9,313.2,1624,39.8,107,9.300000000000011,64635.2,4258.599999999999,0,1,0
302.5,311.5,1626,36.0,44,9.0,58536.0,1584.0,0,0,0
299.6,309.4,1677,31.1,191,9.799999999999955,52154.700000000004,5940.1,1,0,0
301.4,310.6,1381,46.1,70,9.200000000000045,63664.1,3227.0,1,0,0
301.8,310.7,1551,37.7,64,8.899999999999977,58472.700000000004,2412.8,1,0,0
300.2,310.1,1474,44.0,198,9.900000000000034,64856.0,8712.0,0,1,0
299.7,311.2,1835,23.7,183,11.5,43489.5,4337.099999999999,1,0,0
303.5,311.5,1629,33.5,73,8.0,54571.5,2445.5,0,0,0
298.9,310.0,1323,52.9,106,11.100000000000023,69986.7,5607.4,0,1,0
296.9,307.5,2721,9.3,18,10.600000000000023,25305.300000000003,167.4,1,0,1
301.7,311.1,1618,36.7,115,9.400000000000034,59380.600000000006,4220.5,0,1,0
295.5,306.0,1326,50.8,18,10.5,67360.8,914.4,0,1,0
302.7,310.7,1369,47.5,11,8.0,65027.5,522.5,1,0,1
302.7,312.0,1484,41.5,65,9.300000000000011,61586.0,2697.5,0,0,0
301.5,310.9,1400,50.8,2,9.399999999999977,71120.0,101.6,1,0,0
300.4,309.9,2563,12.8,81,9.5,32806.4,1036.8,0,0,1
299.1,310.8,1517,38.4,185,11.699999999999989,58252.799999999996,7104.0,0,1,0
301.2,310.7,1568,38.3,49,9.5,60054.399999999994,1876.6999999999998,1,0,0
301.1,310.5,1529,38.7,91,9.399999999999977,59172.3,3521.7000000000003,1,0,0
299.8,309.1,1496,44.4,155,9.300000000000011,66422.4,6882.0,0,1,0
300.4,311.7,1555,38.7,5,11.300000000000011,60178.50000000001,193.5,0,1,0
299.8,311.1,1820,24.9,174,11.300000000000011,45318.0,4332.599999999999,1,0,0
300.3,311.6,1463,41.6,102,11.300000000000011,60860.8,4243.2,0,0,0
302.1,311.6,1701,26.2,46,9.5,44566.2,1205.2,0,0,0
303.4,312.8,1360,50.8,94,9.400000000000034,69088.0,4775.2,1,0,0
298.3,308.6,1584,29.3,162,10.300000000000011,46411.200000000004,4746.6,1,0,0
298.7,309.8,1695,29.0,145,11.100000000000023,49155.0,4205.0,1,0,0
296.3,307.2,1454,42.5,35,10.899999999999977,61795.0,1487.5,0,1,0
300.3,310.3,1362,60.3,206,10.0,82128.59999999999,12421.8,1,0,1
299.9,309.5,1412,57.9,59,9.600000000000023,81754.8,3416.1,0,1,0
300.8,312.0,1450,45.0,183,11.199999999999989,65250.0,8235.0,0,1,0
297.4,308.3,1854,21.8,24,10.900000000000034,40417.200000000004,523.2,1,0,0
296.6,307.4,1521,38.6,173,10.799999999999955,58710.6,6677.8,1,0,0
298.1,308.3,1530,42.0,184,10.199999999999989,64260.0,7728.0,0,0,0
297.7,308.2,1720,25.6,174,10.5,44032.0,4454.400000000001,0,1,0
298.1,308.1,1616,32.8,65,10.0,53004.799999999996,2132.0,1,0,0
297.5,309.3,1459,49.7,201,11.800000000000011,72512.3,9989.7,0,0,0
299.0,310.4,1452,46.2,168,11.399999999999977,67082.40000000001,7761.6,1,0,0
297.4,308.9,1348,59.1,201,11.5,79666.8,11879.1,0,1,0
297.9,308.8,1538,37.6,54,10.900000000000034,57828.8,2030.4,0,1,0
299.5,309.1,1357,47.3,106,9.600000000000023,64186.1,5013.799999999999,1,0,0
295.3,305.7,1473,38.5,189,10.399999999999977,56710.5,7276.5,0,1,0
300.3,311.3,1377,53.8,125,11.0,74082.59999999999,6725.0,0,1,0
301.0,311.6,1357,45.6,137,10.600000000000023,61879.200000000004,6247.2,0,1,0
301.3,311.0,1539,36.9,206,9.699999999999989,56789.1,7601.4,1,0,0
304.3,313.5,1464,36.7,194,9.199999999999989,53728.8,7119.8,1,0,0
303.0,311.2,1460,43.9,103,8.199999999999989,64094.0,4521.7,0,1,0
300.8,309.6,1498,45.8,47,8.800000000000011,68608.4,2152.6,1,0,0
302.3,311.8,1443,43.4,175,9.5,62626.2,7595.0,0,1,0
299.6,309.1,1366,55.2,95,9.5,75403.2,5244.0,0,1,0
300.4,311.8,1689,30.8,196,11.400000000000034,52021.200000000004,6036.8,1,0,0
299.6,310.8,1393,49.9,78,11.199999999999989,69510.7,3892.2,1,0,0
300.5,311.5,1661,35.9,110,11.0,59629.899999999994,3949.0,1,0,0
297.5,309.3,1623,33.4,74,11.800000000000011,54208.2,2471.6,1,0,0
297.4,308.3,1444,44.0,18,10.900000000000034,63536.0,792.0,0,1,0
297.4,308.5,1486,48.6,75,11.100000000000023,72219.6,3645.0,1,0,0
303.3,312.6,1623,34.6,102,9.300000000000011,56155.8,3529.2000000000003,1,0,0
300.4,311.2,1351,62.0,18,10.800000000000011,83762.0,1116.0,1,0,0
295.7,306.2,1397,52.0,101,10.5,72644.0,5252.0,1,0,0
300.0,311.4,1791,24.1,213,11.399999999999977,43163.100000000006,5133.3,0,1,0
302.5,311.5,1521,44.1,37,9.0,67076.1,1631.7,1,0,0
298.5,308.7,1367,47.3,47,10.199999999999989,64659.1,2223.1,0,1,0
299.2,310.6,1498,41.1,88,11.400000000000034,61567.8,3616.8,1,0,0
298.3,307.8,1330,55.4,114,9.5,73682.0,6315.599999999999,0,1,0
300.4,309.8,1356,44.4,136,9.400000000000034,60206.4,6038.4,0,1,0
300.9,310.6,1504,46.4,129,9.700000000000045,69785.59999999999,5985.599999999999,1,0,0
301.4,310.6,1459,35.0,87,9.200000000000045,51065.0,3045.0,0,1,0
298.2,308.8,1645,28.2,58,10.600000000000023,46389.0,1635.6,0,1,0
303.5,313.0,1547,40.3,73,9.5,62344.1,2941.8999999999996,1,0,0
303.1,312.5,1453,49.1,140,9.399999999999977,71342.3,6874.0,1,0,0
301.7,311.0,1311,46.8,136,9.300000000000011,61354.799999999996,6364.799999999999,0,1,0
297.1,308.1,1584,36.8,215,11.0,58291.2,7911.999999999999,1,0,0
298.9,309.9,1404,39.8,62,11.0,55879.2,2467.6,1,0,0
302.1,310.1,1447,46.6,169,8.0,67430.2,7875.400000000001,1,0,0
295.4,305.8,1407,50.7,192,10.400000000000034,71334.90000000001,9734.400000000001,1,0,0
299.2,309.0,1541,36.3,104,9.800000000000011,55938.299999999996,3775.2,0,1,0
299.9,309.6,1294,49.7,126,9.700000000000045,64311.8,6262.200000000001,1,0,0
301.4,310.7,1617,34.3,101,9.300000000000011,55463.1,3464.2999999999997,0,1,0
297.5,308.4,1369,54.8,145,10.899999999999977,75021.2,7946.0,0,1,0
300.5,311.8,1331,55.3,167,11.300000000000011,73604.3,9235.1,0,1,0
301.5,311.1,1434,49.6,129,9.600000000000023,71126.40000000001,6398.400000000001,1,0,0
302.1,310.9,1916,23.1,51,8.799999999999955,44259.600000000006,1178.1000000000001,0,1,0
303.8,312.5,1447,46.6,198,8.699999999999989,67430.2,9226.800000000001,0,0,0
300.5,311.1,1296,61.3,202,10.600000000000023,79444.8,12382.599999999999,0,1,1
300.0,310.4,1881,21.9,102,10.399999999999977,41193.899999999994,2233.7999999999997,0,0,0
300.5,310.6,1499,45.2,8,10.100000000000023,67754.8,361.6,1,0,0
296.9,307.9,1385,44.8,144,11.0,62047.99999999999,6451.2,0,1,0
298.5,309.6,1861,26.9,130,11.100000000000023,50060.899999999994,3497.0,1,0,0
296.7,308.0,1580,32.2,39,11.300000000000011,50876.00000000001,1255.8000000000002,1,0,0
298.2,309.0,1353,50.3,150,10.800000000000011,68055.9,7545.0,0,1,0
301.2,310.9,1413,50.1,141,9.699999999999989,70791.3,7064.1,1,0,0
298.6,309.9,1356,59.5,34,11.299999999999955,80682.0,2023.0,1,0,0
304.2,313.6,1424,43.7,151,9.400000000000034,62228.8,6598.700000000001,0,1,0
300.7,311.1,2478,13.4,170,10.400000000000034,33205.200000000004,2278.0,1,0,1
298.2,308.3,1448,43.3,199,10.100000000000023,62698.399999999994,8616.699999999999,0,1,0
300.6,310.5,1462,41.3,68,9.899999999999977,60380.6,2808.3999999999996,0,1,0
301.1,310.7,1583,40.7,2,9.599999999999966,64428.100000000006,81.4,0,1,0
298.1,308.1,1410,45.8,71,10.0,64577.99999999999,3251.7999999999997,1,0,0
300.6,310.6,2127,18.7,53,10.0,39774.9,991.0999999999999,1,0,0
297.7,308.3,1488,41.0,101,10.600000000000023,61008.0,4141.0,0,0,0
301.2,311.2,1635,29.6,211,10.0,48396.0,6245.6,1,0,0
299.4,309.1,1670,35.9,68,9.700000000000045,59953.0,2441.2,1,0,0
300.2,309.8,1394,47.4,21,9.600000000000023,66075.59999999999,995.4,0,1,0
299.7,309.2,1631,35.1,177,9.5,57248.100000000006,6212.7,1,0,0
300.0,309.5,1879,22.4,79,9.5,42089.6,1769.6,0,1,0
304.1,313.3,1494,39.0,49,9.199999999999989,58266.0,1911.0,0,1,0
297.1,308.0,1690,25.6,159,10.899999999999977,43264.0,4070.4,0,1,0
302.8,310.6,1404,43.2,203,7.800000000000011,60652.8,8769.6,1,0,0
301.9,309.6,1439,41.7,201,7.7000000000000455,60006.3,8381.7,0,1,0
298.0,308.4,1472,42.0,15,10.399999999999977,61824.0,630.0,1,0,0
295.7,306.3,1490,34.3,97,10.600000000000023,51106.99999999999,3327.1,1,0,0
301.6,310.9,1492,45.2,155,9.299999999999955,67438.40000000001,7006.0,1,0,0
297.4,308.4,1487,46.2,150,11.0,68699.40000000001,6930.0,0,0,0
299.0,310.0,1667,30.0,53,11.0,50010.0,1590.0,0,1,0
298.6,309.4,1316,51.4,52,10.799999999999955,67642.4,2672.7999999999997,1,0,0
299.7,309.6,1512,36.2,172,9.900000000000034,54734.4,6226.400000000001,1,0,0
302.6,312.1,1473,37.3,184,9.5,54942.899999999994,6863.2,1,0,0
299.0,310.1,1580,41.9,55,11.100000000000023,66202.0,2304.5,1,0,0
300.9,310.7,1412,57.5,16,9.800000000000011,81190.0,920.0,1,0,0
302.2,311.1,1476,39.6,96,8.900000000000034,58449.6,3801.6000000000004,0,0,0
300.4,309.7,1488,42.2,133,9.300000000000011,62793.600000000006,5612.6,0,1,0
299.6,310.2,1473,42.7,81,10.599999999999966,62897.100000000006,3458.7000000000003,1,0,0
303.7,312.0,1402,48.6,76,8.300000000000011,68137.2,3693.6,0,1,0
297.2,308.6,1489,40.2,214,11.400000000000034,59857.8,8602.800000000001,1,0,0
295.6,306.1,1383,48.7,147,10.5,67352.1,7158.900000000001,1,0,0
301.5,310.5,1589,36.7,118,9.0,58316.3,4330.6,1,0,0
302.1,310.7,1325,45.1,208,8.599999999999966,59757.5,9380.800000000001,1,0,1
299.0,310.3,1558,35.4,223,11.300000000000011,55153.2,7894.2,0,1,0
302.6,311.0,1424,38.0,144,8.399999999999977,54112.0,5472.0,1,0,0
302.0,310.5,1263,60.6,90,8.5,76537.8,5454.0,1,0,1
299.9,311.0,1747,27.6,177,11.100000000000023,48217.200000000004,4885.2,1,0,0
299.4,308.7,1381,56.7,102,9.300000000000011,78302.7,5783.400000000001,1,0,0
302.6,310.4,1365,66.8,80,7.7999999999999545,91182.0,5344.0,1,0,1
302.3,311.4,1909,23.2,25,9.099999999999966,44288.799999999996,580.0,0,1,0
300.6,310.2,1555,41.9,19,9.599999999999966,65154.5,796.1,1,0,0
298.7,309.9,1464,38.0,74,11.199999999999989,55632.0,2812.0,1,0,0
302.3,311.4,1570,37.2,15,9.099999999999966,58404.00000000001,558.0,1,0,0
300.3,309.7,1582,30.8,144,9.399999999999977,48725.6,4435.2,0,0,0
303.6,312.8,1400,43.2,23,9.199999999999989,60480.00000000001,993.6,0,1,0
303.4,312.7,1594,32.8,79,9.300000000000011,52283.2,2591.2,0,1,0
296.8,307.8,1565,39.5,124,11.0,61817.5,4898.0,1,0,0
303.5,311.8,1927,21.9,195,8.300000000000011,42201.299999999996,4270.5,1,0,0
302.0,309.8,1456,58.1,145,7.800000000000011,84593.6,8424.5,1,0,0
301.5,310.8,1512,38.9,9,9.300000000000011,58816.799999999996,350.09999999999997,1,0,0
301.0,310.9,1515,41.8,170,9.899999999999977,63326.99999999999,7105.999999999999,0,1,0
297.7,309.1,1435,38.8,165,11.400000000000034,55677.99999999999,6401.999999999999,1,0,0
302.2,310.8,1562,38.1,78,8.600000000000023,59512.200000000004,2971.8,0,1,0
298.9,308.2,1372,63.6,30,9.300000000000011,87259.2,1908.0,0,1,1
298.9,308.9,1753,25.8,33,10.0,45227.4,851.4,1,0,0
299.8,309.7,1707,29.1,94,9.899999999999977,49673.700000000004,2735.4,1,0,0
301.4,310.0,1776,25.6,30,8.600000000000023,45465.600000000006,768.0,1,0,0
301.0,311.4,1481,37.5,193,10.399999999999977,55537.5,7237.5,1,0,0
300.6,309.6,1726,30.0,147,9.0,51780.0,4410.0,1,0,0
299.0,308.3,1377,47.2,35,9.300000000000011,64994.4,1652.0,0,1,0
300.0,311.5,1812,28.3,94,11.5,51279.6,2660.2000000000003,1,0,0
300.6,309.8,1688,28.6,135,9.199999999999989,48276.8,3861.0,1,0,0
298.0,308.7,1430,51.9,47,10.699999999999989,74217.0,2439.2999999999997,0,1,0
302.1,310.8,1504,37.5,42,8.699999999999989,56400.0,1575.0,0,1,0
300.4,311.2,1673,28.9,171,10.800000000000011,48349.7,4941.9,1,0,0
299.8,311.1,1603,35.1,179,11.300000000000011,56265.3,6282.900000000001,1,0,0
301.8,310.9,1899,24.7,31,9.099999999999966,46905.299999999996,765.6999999999999,1,0,0
297.6,308.4,1626,32.4,130,10.799999999999955,52682.399999999994,4212.0,1,0,0
300.3,311.4,1371,50.2,109,11.099999999999966,68824.2,5471.8,0,1,0
298.2,308.9,1709,28.1,81,10.699999999999989,48022.9,2276.1,1,0,0
298.8,308.6,1584,34.4,42,9.800000000000011,54489.6,1444.8,1,0,0
298.1,308.0,1638,35.1,38,9.899999999999977,57493.8,1333.8,1,0,0
301.0,310.0,1480,43.5,21,9.0,64380.0,913.5,1,0,0
301.9,311.3,1522,35.6,63,9.400000000000034,54183.200000000004,2242.8,0,1,0
299.0,310.0,1387,45.2,110,11.0,62692.4,4972.0,0,0,0
303.6,312.4,1504,49.5,109,8.799999999999955,74448.0,5395.5,0,1,0
297.3,308.3,1504,36.3,45,11.0,54595.2,1633.4999999999998,1,0,0
303.3,312.1,1693,30.0,80,8.800000000000011,50790.0,2400.0,0,1,0
297.8,307.8,1622,32.1,18,10.0,52066.200000000004,577.8000000000001,0,1,0
301.3,310.4,1440,41.5,197,9.099999999999966,59760.0,8175.5,1,0,0
296.9,307.7,1464,41.4,6,10.800000000000011,60609.6,248.39999999999998,1,0,0
298.7,309.7,1393,45.7,99,11.0,63660.100000000006,4524.3,1,0,0
300.8,311.7,1490,46.4,217,10.899999999999977,69136.0,10068.8,1,0,0
301.5,310.4,1350,54.9,153,8.899999999999977,74115.0,8399.699999999999,0,1,0
303.8,313.2,1506,46.9,154,9.399999999999977,70631.4,7222.599999999999,0,0,0
302.2,310.6,1346,49.2,134,8.400000000000034,66223.2,6592.8,0,1,1
303.8,312.9,1378,45.6,184,9.099999999999966,62836.8,8390.4,0,0,0
302.9,312.3,1426,44.7,157,9.400000000000034,63742.200000000004,7017.900000000001,0,1,0
302.3,311.7,1504,37.3,107,9.399999999999977,56099.2,3991.1,0,1,0
298.5,309.5,1315,48.9,127,11.0,64303.5,6210.3,0,1,0
297.2,307.9,1450,37.2,151,10.699999999999989,53940.00000000001,5617.200000000001,0,0,0
302.4,310.3,1900,24.4,113,7.900000000000034,46360.0,2757.2,1,0,0
298.2,309.2,1922,22.6,132,11.0,43437.200000000004,2983.2000000000003,1,0,0
298.2,309.4,1398,52.9,79,11.199999999999989,73954.2,4179.099999999999,1,0,0
301.7,310.8,1594,32.4,204,9.100000000000023,51645.6,6609.599999999999,0,1,0
299.7,309.1,1347,55.3,139,9.400000000000034,74489.09999999999,7686.7,1,0,0
302.4,310.9,1469,41.6,124,8.5,61110.4,5158.400000000001,0,1,0
300.9,309.6,1384,42.4,131,8.700000000000045,58681.6,5554.4,1,0,0
303.7,312.4,1404,46.6,119,8.699999999999989,65426.4,5545.400000000001,1,0,0
303.6,312.6,1606,33.6,184,9.0,53961.600000000006,6182.400000000001,1,0,0
303.6,312.8,1825,25.2,29,9.199999999999989,45990.0,730.8,0,1,0
298.5,309.5,1366,61.9,130,11.0,84555.4,8047.0,0,1,0
298.2,309.0,1610,31.7,155,10.800000000000011,51037.0,4913.5,1,0,0
303.9,313.0,1626,31.4,209,9.100000000000023,51056.399999999994,6562.599999999999,1,0,0
297.5,308.6,1546,33.8,139,11.100000000000023,52254.799999999996,4698.2,1,0,0
298.5,309.3,1488,43.7,189,10.800000000000011,65025.600000000006,8259.300000000001,0,1,0
301.3,311.0,1495,40.8,148,9.699999999999989,60995.99999999999,6038.4,0,1,0
298.7,309.5,1487,33.6,183,10.800000000000011,49963.200000000004,6148.8,0,1,0
301.2,310.7,1394,42.8,168,9.5,59663.2,7190.4,0,1,0
300.3,311.7,1551,36.4,84,11.399999999999977,56456.399999999994,3057.6,0,1,0
299.2,310.6,1370,61.9,42,11.400000000000034,84803.0,2599.7999999999997,1,0,0
298.8,309.8,1477,46.7,59,11.0,68975.90000000001,2755.3,0,1,0
297.2,307.9,1441,40.0,195,10.699999999999989,57640.0,7800.0,1,0,0
299.5,309.1,1863,22.5,79,9.600000000000023,41917.5,1777.5,1,0,0
301.1,310.8,1792,25.8,121,9.699999999999989,46233.6,3121.8,0,0,0
300.5,309.3,1475,46.8,94,8.800000000000011,69030.0,4399.2,1,0,0
296.5,307.6,1541,38.5,98,11.100000000000023,59328.5,3773.0,1,0,0
303.5,312.0,1397,52.9,80,8.5,73901.3,4232.0,0,0,0
298.9,310.2,1532,37.7,166,11.300000000000011,57756.4,6258.200000000001,0,0,0
298.7,309.9,1753,26.8,40,11.199999999999989,46980.4,1072.0,1,0,0
299.2,309.1,1503,34.7,6,9.900000000000034,52154.100000000006,208.20000000000002,0,1,0
298.5,309.5,1370,52.4,113,11.0,71788.0,5921.2,1,0,0
301.3,310.5,1365,47.7,70,9.199999999999989,65110.50000000001,3339.0,1,0,0
303.7,312.7,1359,56.8,194,9.0,77191.2,11019.199999999999,1,0,1
299.8,309.7,1431,40.3,101,9.899999999999977,57669.299999999996,4070.2999999999997,1,0,0
297.3,308.5,1398,60.4,12,11.199999999999989,84439.2,724.8,1,0,0
297.7,309.1,1562,36.8,172,11.400000000000034,57481.6,6329.599999999999,1,0,0
300.9,310.4,2021,18.8,30,9.5,37994.8,564.0,1,0,0
303.9,313.0,1483,45.0,78,9.100000000000023,66735.0,3510.0,1,0,0
298.8,309.8,1599,33.6,131,11.0,53726.4,4401.6,1,0,0
297.5,309.6,1312,50.7,0,12.100000000000023,66518.40000000001,0.0,1,0,0
300.0,311.5,1349,48.6,113,11.5,65561.40000000001,5491.8,1,0,0
296.3,307.1,1774,25.9,154,10.800000000000011,45946.6,3988.6,0,0,0
298.1,308.3,1453,41.5,204,10.199999999999989,60299.5,8466.0,0,1,0
299.1,308.4,1693,31.6,65,9.299999999999955,53498.8,2054.0,1,0,0
298.9,310.1,1356,47.8,116,11.200000000000045,64816.799999999996,5544.799999999999,1,0,0
302.5,310.3,1411,49.5,110,7.800000000000011,69844.5,5445.0,0,1,0
298.2,309.0,1508,40.5,192,10.800000000000011,61074.0,7776.0,0,1,0
298.4,308.1,1367,57.8,92,9.700000000000045,79012.59999999999,5317.599999999999,1,0,0
302.2,311.2,1630,36.0,169,9.0,58680.0,6084.0,1,0,0
303.7,312.4,1525,43.9,188,8.699999999999989,66947.5,8253.199999999999,1,0,0
300.8,312.6,1376,53.6,119,11.800000000000011,73753.6,6378.400000000001,1,0,0
302.3,310.9,1403,47.2,173,8.599999999999966,66221.6,8165.6,1,0,0
300.7,310.5,1536,47.4,192,9.800000000000011,72806.4,9100.8,1,0,0
297.4,308.4,1525,38.7,62,11.0,59017.50000000001,2399.4,1,0,0
302.3,311.2,1454,43.8,112,8.899999999999977,63685.2,4905.599999999999,0,1,0
299.2,308.5,1442,46.5,11,9.300000000000011,67053.0,511.5,1,0,0
300.7,310.4,1366,52.6,205,9.699999999999989,71851.6,10783.0,1,0,0
297.6,308.5,1431,52.6,26,10.899999999999977,75270.6,1367.6000000000001,0,1,0
299.3,310.5,1505,38.8,30,11.199999999999989,58393.99999999999,1164.0,1,0,0
302.7,312.1,1597,39.8,153,9.400000000000034,63560.6,6089.4,1,0,0
303.8,312.5,1655,28.0,170,8.699999999999989,46340.0,4760.0,0,0,0
300.4,312.0,1631,34.9,115,11.600000000000023,56921.899999999994,4013.5,1,0,0
301.2,312.4,1505,39.6,102,11.199999999999989,59598.0,4039.2000000000003,0,1,0
303.1,312.7,1353,51.8,97,9.599999999999966,70085.4,5024.599999999999,1,0,0
301.1,311.1,1508,41.5,184,10.0,62582.0,7636.0,1,0,0
299.5,310.8,1571,38.2,74,11.300000000000011,60012.200000000004,2826.8,1,0,0
302.5,311.9,1354,49.4,117,9.399999999999977,66887.59999999999,5779.8,1,0,0
300.5,309.8,1441,48.8,200,9.300000000000011,70320.8,9760.0,1,0,0
298.0,308.7,2101,17.4,198,10.699999999999989,36557.399999999994,3445.2,0,1,0
297.5,309.2,1530,40.0,206,11.699999999999989,61200.0,8240.0,0,1,0
300.3,309.6,1568,39.6,85,9.300000000000011,62092.8,3366.0,1,0,0
299.8,309.7,1483,39.6,87,9.899999999999977,58726.8,3445.2000000000003,1,0,0
300.3,309.6,1509,46.6,95,9.300000000000011,70319.40000000001,4427.0,0,1,0
296.4,307.5,1331,47.8,99,11.100000000000023,63621.799999999996,4732.2,1,0,0
302.7,311.7,1480,45.2,8,9.0,66896.0,361.6,1,0,0
303.3,311.4,1395,59.1,4,8.099999999999966,82444.5,236.4,0,1,0
296.7,307.8,1505,39.4,236,11.100000000000023,59297.0,9298.4,1,0,0
299.8,311.2,2142,16.6,144,11.399999999999977,35557.200000000004,2390.4,1,0,0
301.0,310.0,1212,67.9,30,9.0,82294.8,2037.0000000000002,0,0,0
299.5,309.0,1602,31.3,210,9.5,50142.6,6573.0,0,1,0
300.3,311.2,1381,65.2,136,10.899999999999977,90041.2,8867.2,0,1,1
298.9,310.1,1366,62.7,161,11.200000000000045,85648.2,10094.7,0,0,0
300.8,310.6,1360,48.8,91,9.800000000000011,66368.0,4440.8,1,0,0
301.3,310.8,1381,47.9,33,9.5,66149.9,1580.7,1,0,0
300.8,311.1,1698,24.8,156,10.300000000000011,42110.4,3868.8,0,0,0
302.6,310.5,1524,33.7,204,7.899999999999977,51358.8,6874.8,0,1,0
299.3,308.4,1438,42.3,0,9.099999999999966,60827.399999999994,0.0,0,1,0
303.3,311.8,1441,44.9,61,8.5,64700.9,2738.9,0,1,0
301.4,310.7,1509,38.3,95,9.300000000000011,57794.7,3638.4999999999995,1,0,0
296.8,307.9,1271,61.4,125,11.099999999999966,78039.4,7675.0,1,0,0
300.3,311.7,1682,27.8,178,11.399999999999977,46759.6,4948.400000000001,1,0,0
297.5,308.6,1481,38.8,14,11.100000000000023,57462.799999999996,543.1999999999999,0,0,0
298.5,309.3,1552,36.8,133,10.800000000000011,57113.6,4894.4,0,1,0
296.7,307.8,1468,39.2,35,11.100000000000023,57545.600000000006,1372.0,1,0,0
303.5,312.8,1404,55.8,84,9.300000000000011,78343.2,4687.2,0,0,0
300.4,311.6,1359,55.4,160,11.200000000000045,75288.59999999999,8864.0,0,1,0
298.9,309.2,1581,36.7,101,10.300000000000011,58022.700000000004,3706.7000000000003,0,1,0
302.7,310.5,1880,22.7,207,7.800000000000011,42676.0,4698.9,0,1,0
300.7,309.5,1439,43.8,41,8.800000000000011,63028.2,1795.8,0,1,0
301.9,310.4,1708,24.8,17,8.5,42358.4,421.6,1,0,0
302.4,310.3,1375,52.5,161,7.900000000000034,72187.5,8452.5,0,1,1
302.3,311.6,1544,34.3,0,9.300000000000011,52959.2,0.0,1,0,0
300.2,310.3,1331,52.1,30,10.100000000000023,69345.1,1563.0,1,0,0
300.5,309.3,1589,34.9,91,8.800000000000011,55456.1,3175.9,0,1,0
297.5,308.9,1554,34.8,204,11.399999999999977,54079.2,7099.2,1,0,0
302.3,311.2,1549,40.6,66,8.899999999999977,62889.4,2679.6,1,0,0
298.0,308.0,1479,50.7,70,10.0,74985.3,3549.0,0,0,0
298.8,308.7,1498,39.5,89,9.899999999999977,59171.0,3515.5,0,1,0
301.2,310.7,1551,41.2,82,9.5,63901.200000000004,3378.4,1,0,0
299.7,309.6,1359,50.7,161,9.900000000000034,68901.3,8162.700000000001,1,0,0
299.9,310.4,1576,34.3,188,10.5,54056.799999999996,6448.4,0,1,0
296.3,307.4,1335,50.5,48,11.099999999999966,67417.5,2424.0,0,1,0
301.5,310.5,2297,15.8,191,9.0,36292.6,3017.8,1,0,0
297.6,308.6,1463,46.7,85,11.0,68322.1,3969.5000000000005,0,0,0
303.6,311.8,1736,32.9,99,8.199999999999989,57114.399999999994,3257.1,1,0,0
298.5,309.7,1552,34.0,205,11.199999999999989,52768.0,6970.0,0,1,0
302.3,311.2,1386,53.5,59,8.899999999999977,74151.0,3156.5,1,0,0
298.8,310.1,1719,28.8,206,11.300000000000011,49507.200000000004,5932.8,0,1,0
300.3,309.6,1326,52.4,57,9.300000000000011,69482.4,2986.7999999999997,1,0,0
298.6,309.0,1469,46.0,4,10.399999999999977,67574.0,184.0,1,0,0
300.0,311.5,1666,32.0,128,11.5,53312.0,4096.0,1,0,0
303.5,313.0,1465,41.0,56,9.5,60065.0,2296.0,1,0,0
298.8,309.1,1513,40.3,160,10.300000000000011,60973.899999999994,6448.0,1,0,0
297.7,308.7,1449,40.2,95,11.0,58249.8,3819.0000000000005,1,0,0
297.4,308.3,1475,40.5,222,10.900000000000034,59737.5,8991.0,1,0,1
298.0,308.9,1578,35.6,153,10.899999999999977,56176.8,5446.8,1,0,0
296.7,307.9,1743,27.9,55,11.199999999999989,48629.7,1534.5,1,0,0
303.4,312.3,1663,33.9,78,8.900000000000034,56375.7,2644.2,1,0,0
300.7,310.9,1535,37.1,113,10.199999999999989,56948.5,4192.3,1,0,0
298.8,309.7,1448,44.8,31,10.899999999999977,64870.399999999994,1388.8,0,1,0
303.5,313.1,1897,23.6,75,9.600000000000023,44769.200000000004,1770.0,1,0,0
299.4,309.1,1547,40.9,50,9.700000000000045,63272.299999999996,2045.0,0,0,0
299.4,309.3,1366,48.4,116,9.900000000000034,66114.4,5614.4,1,0,0
301.4,311.3,1397,42.3,48,9.900000000000034,59093.1,2030.3999999999999,1,0,0
300.3,309.9,1621,34.1,36,9.599999999999966,55276.100000000006,1227.6000000000001,1,0,0
303.4,312.7,1576,49.9,28,9.300000000000011,78642.4,1397.2,0,1,0
298.2,309.0,1341,43.8,171,10.800000000000011,58735.799999999996,7489.799999999999,1,0,0
298.3,308.0,2886,3.8,57,9.699999999999989,10966.8,216.6,1,0,1
297.7,309.0,1874,24.4,28,11.300000000000011,45725.6,683.1999999999999,1,0,0
303.7,312.5,1632,36.6,186,8.800000000000011,59731.200000000004,6807.6,1,0,0
303.5,311.6,2183,17.0,110,8.100000000000023,37111.0,1870.0,1,0,0
297.7,308.4,1418,51.9,77,10.699999999999989,73594.2,3996.2999999999997,0,0,0
297.8,308.9,1518,40.4,2,11.099999999999966,61327.2,80.8,1,0,0
300.3,309.8,1450,55.0,135,9.5,79750.0,7425.0,1,0,0
302.3,311.7,1793,25.3,200,9.399999999999977,45362.9,5060.0,1,0,0
301.6,310.8,1961,21.8,148,9.199999999999989,42749.8,3226.4,1,0,0
302.5,310.5,1507,40.2,201,8.0,60581.4,8080.200000000001,0,1,0
301.1,311.6,1432,48.1,202,10.5,68879.2,9716.2,1,0,0
297.8,308.3,1477,44.8,170,10.5,66169.59999999999,7615.999999999999,1,0,0
298.4,309.3,1504,39.3,192,10.900000000000034,59107.2,7545.599999999999,1,0,0
300.1,311.3,1748,26.6,42,11.199999999999989,46496.8,1117.2,0,1,0
300.9,310.8,1477,38.4,31,9.900000000000034,56716.799999999996,1190.3999999999999,0,0,0
302.9,312.2,1469,42.0,214,9.300000000000011,61698.0,8988.0,1,0,0
298.0,309.2,1665,36.6,22,11.199999999999989,60939.0,805.2,1,0,0
302.9,312.6,1394,46.4,82,9.700000000000045,64681.6,3804.7999999999997,0,1,0
301.4,310.7,1436,54.1,90,9.300000000000011,77687.6,4869.0,1,0,0
302.8,312.1,1441,52.1,79,9.300000000000011,75076.1,4115.900000000001,1,0,0
302.3,310.1,1487,46.0,184,7.800000000000011,68402.0,8464.0,1,0,0
298.2,309.0,1410,47.6,76,10.800000000000011,67116.0,3617.6,0,1,0
301.0,310.9,1765,24.2,179,9.899999999999977,42713.0,4331.8,0,1,0
302.5,310.9,1477,39.2,144,8.399999999999977,57898.4,5644.8,1,0,0
297.6,308.6,1390,53.4,175,11.0,74226.0,9345.0,0,1,0
299.9,309.5,1779,26.1,169,9.600000000000023,46431.9,4410.900000000001,1,0,0
299.1,310.6,1577,37.1,44,11.5,58506.700000000004,1632.4,1,0,0
303.6,313.0,1522,35.8,133,9.399999999999977,54487.6,4761.4,1,0,0
300.9,311.4,2073,21.4,105,10.5,44362.2,2247.0,1,0,0
300.0,310.0,1486,41.8,69,10.0,62114.799999999996,2884.2,1,0,0
298.7,309.6,1755,26.9,73,10.900000000000034,47209.5,1963.6999999999998,0,0,0
298.3,309.0,1526,36.9,20,10.699999999999989,56309.4,738.0,0,1,0
298.1,308.1,1390,49.8,85,10.0,69222.0,4233.0,0,1,0
298.9,310.0,1515,42.9,170,11.100000000000023,64993.5,7293.0,1,0,0
297.6,308.5,1466,39.7,34,10.899999999999977,58200.200000000004,1349.8000000000002,0,1,0
300.3,309.9,1601,31.7,180,9.599999999999966,50751.7,5706.0,1,0,0
302.3,311.8,1355,50.1,104,9.5,67885.5,5210.400000000001,0,1,0
300.3,311.8,1483,45.1,181,11.5,66883.3,8163.1,0,1,0
296.2,307.2,1356,43.6,22,11.0,59121.6,959.2,1,0,0
299.9,310.4,1367,53.3,201,10.5,72861.09999999999,10713.3,0,1,0
298.6,309.8,1842,20.1,142,11.199999999999989,37024.200000000004,2854.2000000000003,1,0,0
301.5,310.6,1565,43.9,142,9.100000000000023,68703.5,6233.8,1,0,0
304.2,313.4,1482,41.4,32,9.199999999999989,61354.799999999996,1324.8,1,0,0
302.5,311.1,1499,38.8,135,8.600000000000023,58161.2,5238.0,1,0,0
298.9,310.0,1378,49.3,18,11.100000000000023,67935.4,887.4,1,0,0
300.3,309.6,1537,37.1,187,9.300000000000011,57022.700000000004,6937.7,1,0,0
301.0,310.3,1617,34.5,126,9.300000000000011,55786.5,4347.0,1,0,0
296.7,307.6,1516,37.4,146,10.900000000000034,56698.4,5460.4,1,0,0
298.1,307.8,1503,44.7,54,9.699999999999989,67184.1,2413.8,0,1,0
300.7,311.0,1969,20.7,109,10.300000000000011,40758.299999999996,2256.2999999999997,1,0,0
298.8,309.9,1439,45.2,40,11.099999999999966,65042.8,1808.0,0,0,1
297.4,308.8,1324,53.5,169,11.400000000000034,70834.0,9041.5,0,0,0
299.1,308.5,1587,35.6,2,9.399999999999977,56497.200000000004,71.2,0,1,0
301.3,311.0,1463,50.2,214,9.699999999999989,73442.6,10742.800000000001,0,1,0
301.8,310.3,1765,27.3,29,8.5,48184.5,791.7,1,0,0
302.6,312.0,1496,45.0,79,9.399999999999977,67320.0,3555.0,0,1,0
302.2,310.9,1506,34.0,49,8.699999999999989,51204.0,1666.0,1,0,0
297.0,307.9,1529,42.2,157,10.899999999999977,64523.8,6625.400000000001,1,0,0
303.7,312.9,1502,40.5,0,9.199999999999989,60831.0,0.0,1,0,0
303.7,312.7,1395,53.9,123,9.0,75190.5,6629.7,1,0,0
300.3,309.8,1617,40.8,158,9.5,65973.59999999999,6446.4,0,1,0
300.9,310.3,1321,48.8,150,9.400000000000034,64464.799999999996,7320.0,1,0,0
297.5,308.8,1455,46.1,147,11.300000000000011,67075.5,6776.7,0,1,0
300.6,310.4,1510,42.8,124,9.799999999999955,64627.99999999999,5307.2,0,0,0
299.3,308.9,1577,34.9,160,9.599999999999966,55037.299999999996,5584.0,0,1,0
300.3,310.2,1429,44.7,203,9.899999999999977,63876.3,9074.1,0,1,0
303.3,311.3,1502,39.5,38,8.0,59329.0,1501.0,0,0,0
300.1,311.4,1485,40.4,75,11.299999999999955,59994.0,3030.0,0,0,0
300.1,309.4,1329,55.2,143,9.299999999999955,73360.8,7893.6,0,0,0
297.3,308.7,1619,31.6,129,11.399999999999977,51160.4,4076.4,1,0,0
298.0,308.8,1610,33.7,212,10.800000000000011,54257.00000000001,7144.400000000001,1,0,0
301.2,310.0,1445,45.6,18,8.800000000000011,65892.0,820.8000000000001,0,1,0
298.1,308.9,1335,50.4,110,10.799999999999955,67284.0,5544.0,0,1,0
301.2,310.7,1747,27.3,35,9.5,47693.1,955.5,0,0,0
299.8,311.3,1727,30.0,24,11.5,51810.0,720.0,1,0,0
300.0,309.7,1542,47.1,25,9.699999999999989,72628.2,1177.5,1,0,0
297.7,309.4,1461,43.7,142,11.699999999999989,63845.700000000004,6205.400000000001,0,1,0
299.2,310.6,1704,30.6,160,11.400000000000034,52142.4,4896.0,0,0,0
302.8,312.1,1958,20.3,56,9.300000000000011,39747.4,1136.8,1,0,0
300.8,311.2,2237,17.0,95,10.399999999999977,38029.0,1615.0,0,0,0
298.0,308.3,1473,42.6,107,10.300000000000011,62749.8,4558.2,1,0,0
299.7,309.1,1508,41.2,152,9.400000000000034,62129.600000000006,6262.400000000001,0,1,0
303.0,312.7,1426,46.8,99,9.699999999999989,66736.8,4633.2,0,1,0
300.5,309.8,1555,38.9,166,9.300000000000011,60489.5,6457.4,0,1,0
297.4,309.0,1468,41.4,156,11.600000000000023,60775.2,6458.4,0,0,0
298.5,309.3,1570,40.1,131,10.800000000000011,62957.0,5253.1,1,0,0
298.2,307.8,1439,41.6,62,9.600000000000023,59862.4,2579.2000000000003,1,0,0
298.6,309.6,1397,54.1,47,11.0,75577.7,2542.7000000000003,0,1,0
302.3,310.6,1525,48.7,114,8.300000000000011,74267.5,5551.8,0,0,0
302.4,311.1,1634,34.2,184,8.700000000000045,55882.8,6292.8,1,0,0
302.4,312.0,1457,43.4,23,9.600000000000023,63233.799999999996,998.1999999999999,0,0,0
300.2,309.6,1359,51.5,66,9.400000000000034,69988.5,3399.0,1,0,0
300.3,311.5,1667,28.8,56,11.199999999999989,48009.6,1612.8,1,0,0
300.3,309.4,1612,33.1,150,9.099999999999966,53357.200000000004,4965.0,0,1,0
302.3,310.7,1402,50.9,157,8.399999999999977,71361.8,7991.3,1,0,0
298.1,307.9,1665,32.0,7,9.799999999999955,53280.0,224.0,1,0,0
298.0,308.8,1496,44.9,179,10.800000000000011,67170.4,8037.099999999999,1,0,0
300.0,311.4,1484,37.0,183,11.399999999999977,54908.0,6771.0,1,0,0
301.1,310.5,1547,35.8,81,9.399999999999977,55382.6,2899.7999999999997,0,1,0
301.3,311.3,1509,42.5,213,10.0,64132.5,9052.5,1,0,0
300.6,310.0,1438,53.8,103,9.399999999999977,77364.4,5541.4,1,0,0
297.1,308.2,2267,15.7,181,11.099999999999966,35591.9,2841.7,1,0,0
299.6,309.2,1540,36.7,221,9.599999999999966,56518.00000000001,8110.700000000001,1,0,0
300.1,311.5,1343,46.2,28,11.399999999999977,62046.600000000006,1293.6000000000001,0,1,0
300.3,309.7,1452,41.5,139,9.399999999999977,60258.0,5768.5,0,0,0
300.9,310.9,1370,52.5,107,10.0,71925.0,5617.5,1,0,0
298.4,308.3,1433,62.3,20,9.900000000000034,89275.9,1246.0,1,0,1
298.9,310.2,1654,31.1,158,11.300000000000011,51439.4,4913.8,1,0,0
299.0,310.3,1584,34.4,83,11.300000000000011,54489.6,2855.2,1,0,0
297.6,308.3,1523,39.5,137,10.699999999999989,60158.5,5411.5,1,0,0
298.4,308.9,1577,37.1,0,10.5,58506.700000000004,0.0,0,0,0
300.7,310.0,1641,34.6,178,9.300000000000011,56778.600000000006,6158.8,0,1,0
302.8,312.5,1462,43.4,68,9.699999999999989,63450.799999999996,2951.2,1,0,0
296.9,308.1,1357,41.8,127,11.200000000000045,56722.6,5308.599999999999,0,1,0
297.2,307.9,1326,75.4,172,10.699999999999989,99980.40000000001,12968.800000000001,1,0,1
300.7,310.8,1534,41.3,69,10.100000000000023,63354.2,2849.7,1,0,0
298.2,308.3,1568,36.0,92,10.100000000000023,56448.0,3312.0,1,0,0
300.7,309.6,1390,48.5,7,8.900000000000034,67415.0,339.5,0,0,0
300.9,311.9,2140,16.5,43,11.0,35310.0,709.5,0,0,0
299.3,310.5,1404,47.5,12,11.199999999999989,66690.0,570.0,0,1,0
298.4,307.7,1626,31.1,166,9.300000000000011,50568.600000000006,5162.6,0,0,0
296.8,307.9,1718,25.2,148,11.099999999999966,43293.6,3729.6,1,0,0
301.1,311.2,1774,29.6,186,10.099999999999966,52510.4,5505.6,1,0,0
301.3,310.8,1494,35.3,54,9.5,52738.2,1906.1999999999998,0,1,0
300.4,309.7,1740,31.1,113,9.300000000000011,54114.0,3514.3,1,0,0
300.4,311.7,1478,39.9,185,11.300000000000011,58972.2,7381.5,0,1,0
297.6,308.6,1415,47.3,169,11.0,66929.5,7993.7,1,0,0
302.3,311.4,1484,39.5,22,9.099999999999966,58618.0,869.0,0,1,0
300.7,310.6,1505,35.6,105,9.900000000000034,53578.0,3738.0,0,1,0
302.6,311.5,1629,34.4,228,8.899999999999977,56037.6,7843.2,0,0,1
301.0,310.6,1641,33.4,12,9.600000000000023,54809.399999999994,400.79999999999995,1,0,0
302.2,311.5,1588,30.6,39,9.300000000000011,48592.8,1193.4,1,0,0
299.9,311.4,1497,37.0,162,11.5,55389.0,5994.0,0,0,0
301.2,310.5,1505,43.6,78,9.300000000000011,65618.0,3400.8,0,0,0
298.3,308.4,1539,43.4,69,10.099999999999966,66792.59999999999,2994.6,0,1,0
303.6,311.8,1659,34.7,94,8.199999999999989,57567.3,3261.8,0,1,0
297.5,308.8,1477,39.0,127,11.300000000000011,57603.0,4953.0,1,0,0
298.2,307.7,1681,31.0,84,9.5,52111.0,2604.0,0,1,0
300.4,311.7,1508,45.4,164,11.300000000000011,68463.2,7445.599999999999,0,1,0
299.8,309.4,1633,27.5,29,9.599999999999966,44907.5,797.5,1,0,0
297.8,308.9,1506,33.5,26,11.099999999999966,50451.0,871.0,1,0,0
300.3,311.7,1723,28.3,193,11.399999999999977,48760.9,5461.900000000001,0,1,0
296.8,308.3,1506,45.9,182,11.5,69125.4,8353.8,1,0,0
300.4,309.8,1409,47.5,138,9.400000000000034,66927.5,6555.0,0,0,0
300.2,311.6,1606,31.0,199,11.400000000000034,49786.0,6169.0,1,0,0
301.5,310.8,1417,49.7,5,9.300000000000011,70424.90000000001,248.5,1,0,0
297.8,309.0,1675,30.0,110,11.199999999999989,50250.0,3300.0,0,1,0
303.7,311.9,1332,52.7,66,8.199999999999989,70196.40000000001,3478.2000000000003,0,0,1
300.7,311.0,1334,53.9,150,10.300000000000011,71902.59999999999,8085.0,0,1,0
300.6,310.7,1501,45.3,175,10.099999999999966,67995.3,7927.499999999999,0,0,0
303.3,311.4,1732,25.6,232,8.099999999999966,44339.200000000004,5939.200000000001,1,0,0
298.2,307.9,1429,49.4,141,9.699999999999989,70592.59999999999,6965.4,1,0,0
302.2,311.4,1397,53.0,17,9.199999999999989,74041.0,901.0,1,0,0
297.6,308.3,1595,34.3,41,10.699999999999989,54708.49999999999,1406.3,1,0,0
297.6,308.7,1622,37.9,79,11.099999999999966,61473.799999999996,2994.1,1,0,0
300.5,309.8,1370,55.9,143,9.300000000000011,76583.0,7993.7,0,1,0
298.9,309.9,1590,31.3,98,11.0,49767.0,3067.4,1,0,0
302.7,312.1,1564,32.1,188,9.400000000000034,50204.4,6034.8,0,1,0
303.0,312.7,1361,48.8,120,9.699999999999989,66416.8,5856.0,1,0,0
299.1,308.8,1491,41.0,209,9.699999999999989,61131.0,8569.0,0,1,0
298.4,309.5,1397,50.3,110,11.100000000000023,70269.09999999999,5533.0,1,0,0
298.9,309.1,2861,4.6,143,10.200000000000045,13160.599999999999,657.8,1,0,1
300.6,312.2,2174,18.5,95,11.599999999999966,40219.0,1757.5,0,1,0
300.7,310.5,1960,21.0,194,9.800000000000011,41160.0,4074.0,1,0,0
300.1,311.4,1467,35.7,45,11.299999999999955,52371.9,1606.5000000000002,1,0,0
299.3,309.1,1493,38.0,151,9.800000000000011,56734.0,5738.0,1,0,0
300.1,310.3,1345,57.1,71,10.199999999999989,76799.5,4054.1,0,1,0
297.6,309.0,1822,25.4,202,11.399999999999977,46278.799999999996,5130.799999999999,1,0,0
302.0,310.4,1448,43.4,167,8.399999999999977,62843.2,7247.8,1,0,0
302.9,312.4,1550,36.9,194,9.5,57195.0,7158.599999999999,1,0,0
300.1,309.1,1400,46.7,77,9.0,65380.00000000001,3595.9,1,0,0
302.6,312.0,1447,45.5,173,9.399999999999977,65838.5,7871.5,1,0,0
296.3,307.3,1498,41.6,15,11.0,62316.8,624.0,0,1,0
301.1,310.5,1324,52.4,171,9.399999999999977,69377.59999999999,8960.4,1,0,0
299.6,309.3,1553,32.4,112,9.699999999999989,50317.2,3628.7999999999997,0,1,0
300.4,309.6,1432,44.7,192,9.200000000000045,64010.4,8582.400000000001,1,0,0
303.1,311.3,1403,55.6,150,8.199999999999989,78006.8,8340.0,1,0,0
300.2,311.6,1322,50.9,215,11.400000000000034,67289.8,10943.5,1,0,0
298.0,309.2,1558,41.7,35,11.199999999999989,64968.600000000006,1459.5,0,1,0
297.6,308.5,1452,42.6,116,10.899999999999977,61855.200000000004,4941.6,1,0,0
299.2,308.7,1514,41.9,196,9.5,63436.6,8212.4,1,0,0
300.4,309.6,1543,38.1,209,9.200000000000045,58788.3,7962.900000000001,1,0,0
300.8,309.7,1258,54.9,168,8.899999999999977,69064.2,9223.199999999999,0,1,0
299.1,310.5,1532,36.6,62,11.399999999999977,56071.200000000004,2269.2000000000003,1,0,0
300.1,309.6,1625,38.0,46,9.5,61750.0,1748.0,0,1,0
296.9,307.8,1828,24.6,91,10.900000000000034,44968.8,2238.6,0,1,0
300.4,309.5,1547,50.7,131,9.100000000000023,78432.90000000001,6641.700000000001,0,0,0
298.9,309.9,1404,41.4,20,11.0,58125.6,828.0,0,1,0
299.8,309.2,1439,36.1,203,9.399999999999977,51947.9,7328.3,1,0,0
298.3,307.6,1942,20.6,176,9.300000000000011,40005.200000000004,3625.6000000000004,1,0,0
302.7,310.6,1686,26.3,9,7.900000000000034,44341.8,236.70000000000002,1,0,0
298.7,308.5,1469,39.9,67,9.800000000000011,58613.1,2673.2999999999997,1,0,0
299.7,311.0,1448,49.8,80,11.300000000000011,72110.4,3984.0,0,1,0
298.2,308.1,1379,62.3,149,9.900000000000034,85911.7,9282.699999999999,1,0,0
303.4,312.3,1680,30.6,67,8.900000000000034,51408.0,2050.2000000000003,1,0,0
300.7,312.1,1395,41.9,157,11.400000000000034,58450.5,6578.3,1,0,0
298.3,308.9,1646,25.4,46,10.599999999999966,41808.399999999994,1168.3999999999999,0,1,0
297.1,308.1,1633,33.3,192,11.0,54378.899999999994,6393.599999999999,1,0,0
300.5,311.6,1425,42.4,102,11.100000000000023,60420.0,4324.8,1,0,0
297.6,309.0,1735,26.4,41,11.399999999999977,45804.0,1082.3999999999999,0,0,0
301.3,310.0,1665,31.4,0,8.699999999999989,52281.0,0.0,1,0,0
304.1,313.4,1399,43.7,111,9.299999999999955,61136.3,4850.700000000001,1,0,0
300.6,311.7,1389,52.1,210,11.099999999999966,72366.90000000001,10941.0,0,1,0
298.9,310.5,1717,26.9,17,11.600000000000023,46187.299999999996,457.29999999999995,1,0,0
300.5,311.4,1442,47.0,53,10.899999999999977,67774.0,2491.0,1,0,0
301.2,311.0,1670,33.0,200,9.800000000000011,55110.0,6600.0,1,0,0
297.1,308.6,1717,31.3,61,11.5,53742.1,1909.3,0,1,0
298.2,308.9,1512,38.5,28,10.699999999999989,58212.0,1078.0,0,1,0
304.0,313.3,1415,52.8,82,9.300000000000011,74712.0,4329.599999999999,0,1,0
298.0,307.6,1581,43.4,113,9.600000000000023,68615.4,4904.2,0,1,0
301.3,310.6,1481,40.9,57,9.300000000000011,60572.9,2331.2999999999997,1,0,0
300.2,309.6,1442,49.2,61,9.400000000000034,70946.40000000001,3001.2000000000003,0,0,0
297.7,307.6,1921,22.9,68,9.900000000000034,43990.899999999994,1557.1999999999998,1,0,0
300.4,311.8,1589,42.0,201,11.400000000000034,66738.0,8442.0,1,0,0
303.7,312.7,1316,51.8,197,9.0,68168.8,10204.599999999999,0,1,0
300.7,310.8,1486,37.1,186,10.100000000000023,55130.6,6900.6,1,0,0
297.2,308.6,1284,51.3,32,11.400000000000034,65869.2,1641.6,0,1,0
298.5,308.0,1384,59.5,27,9.5,82348.0,1606.5,1,0,0
296.3,307.2,1646,35.0,192,10.899999999999977,57610.0,6720.0,1,0,0
303.0,312.3,1674,29.5,109,9.300000000000011,49383.0,3215.5,0,1,0
301.8,310.6,1522,43.8,70,8.800000000000011,66663.59999999999,3066.0,1,0,0
303.6,311.7,1476,40.1,85,8.099999999999966,59187.6,3408.5,0,0,0
297.8,307.8,1412,48.3,27,10.0,68199.59999999999,1304.1,1,0,0
302.4,311.0,1610,33.1,161,8.600000000000023,53291.0,5329.1,1,0,0
297.7,307.2,1668,37.8,5,9.5,63050.399999999994,189.0,1,0,0
296.9,308.3,1555,38.2,175,11.400000000000034,59401.00000000001,6685.000000000001,1,0,0
297.6,308.3,1648,29.1,134,10.699999999999989,47956.8,3899.4,0,1,0
301.9,310.4,1373,48.0,73,8.5,65904.0,3504.0,0,1,1
302.0,311.0,1566,37.8,218,9.0,59194.799999999996,8240.4,1,0,0
298.5,308.0,1363,49.2,149,9.5,67059.6,7330.8,0,1,0
298.8,309.1,1439,39.2,104,10.300000000000011,56408.8,4076.8,1,0,0
300.7,310.7,1425,45.3,48,10.0,64552.49999999999,2174.3999999999996,1,0,0
298.2,308.4,1477,49.9,72,10.199999999999989,73702.3,3592.7999999999997,1,0,0
299.2,308.4,1436,41.8,28,9.199999999999989,60024.799999999996,1170.3999999999999,1,0,0
300.8,310.8,1461,41.3,53,10.0,60339.299999999996,2188.8999999999996,0,1,0
301.0,312.2,1601,33.0,109,11.199999999999989,52833.0,3597.0,1,0,0
297.7,308.8,1469,43.7,96,11.100000000000023,64195.3,4195.200000000001,0,0,0
296.8,308.2,1643,34.7,191,11.399999999999977,57012.100000000006,6627.700000000001,1,0,0
300.3,311.4,1526,38.5,101,11.099999999999966,58751.0,3888.5,1,0,0
299.9,309.5,2008,20.4,165,9.600000000000023,40963.2,3365.9999999999995,1,0,0
297.4,308.2,1585,46.2,37,10.800000000000011,73227.0,1709.4,0,0,0
298.0,308.1,1454,37.1,35,10.100000000000023,53943.4,1298.5,1,0,0
299.5,309.4,1387,56.2,32,9.899999999999977,77949.40000000001,1798.4,0,1,0
300.2,311.7,1286,55.1,42,11.5,70858.6,2314.2000000000003,1,0,0
300.8,310.9,1514,38.7,66,10.099999999999966,58591.8,2554.2000000000003,0,1,0
300.9,310.9,1497,43.2,62,10.0,64670.4,2678.4,1,0,0
297.2,308.0,1474,43.7,162,10.800000000000011,64413.8,7079.400000000001,1,0,0
302.4,310.9,1560,31.8,172,8.5,49608.0,5469.6,1,0,0
302.6,311.1,1520,43.0,88,8.5,65360.0,3784.0,0,1,0
301.7,310.5,1458,41.4,153,8.800000000000011,60361.2,6334.2,0,1,0
299.4,309.0,1660,28.4,139,9.600000000000023,47144.0,3947.6,1,0,0
298.5,308.0,1624,29.8,160,9.5,48395.200000000004,4768.0,1,0,0
302.9,311.0,1452,58.3,123,8.100000000000023,84651.59999999999,7170.9,0,0,0
298.6,309.5,1450,44.2,63,10.899999999999977,64090.00000000001,2784.6000000000004,1,0,0
298.9,308.6,1560,32.2,118,9.700000000000045,50232.00000000001,3799.6000000000004,1,0,0
300.7,310.8,1597,30.5,38,10.100000000000023,48708.5,1159.0,1,0,0
302.7,310.7,1398,57.7,19,8.0,80664.6,1096.3,1,0,0
299.6,309.4,1643,32.9,145,9.799999999999955,54054.7,4770.5,1,0,0
300.2,310.3,1593,36.1,36,10.100000000000023,57507.3,1299.6000000000001,0,1,0
300.3,309.9,1570,34.0,31,9.599999999999966,53380.0,1054.0,1,0,0
300.4,309.8,1725,30.4,195,9.400000000000034,52440.0,5928.0,0,1,0
300.6,310.7,1438,48.5,78,10.099999999999966,69743.0,3783.0,1,0,1
302.8,312.3,1386,57.8,172,9.5,80110.8,9941.6,1,0,0
298.6,310.0,1334,48.0,42,11.399999999999977,64032.0,2016.0,1,0,0
296.2,307.3,1477,35.2,53,11.100000000000023,51990.4,1865.6000000000001,0,1,0
301.9,310.4,1518,34.1,155,8.5,51763.8,5285.5,1,0,0
302.4,310.4,1521,38.5,142,8.0,58558.5,5467.0,1,0,0
297.4,308.8,1462,49.7,132,11.400000000000034,72661.40000000001,6560.400000000001,1,0,0
303.7,313.0,1811,24.3,209,9.300000000000011,44007.3,5078.7,1,0,0
297.9,307.7,1537,37.7,15,9.800000000000011,57944.9,565.5,1,0,0
301.8,310.2,1437,42.3,0,8.399999999999977,60785.1,0.0,0,1,0
302.8,312.3,1366,49.1,221,9.5,67070.6,10851.1,1,0,0
302.3,311.6,1398,49.1,119,9.300000000000011,68641.8,5842.900000000001,1,0,0
301.8,310.5,1478,38.6,141,8.699999999999989,57050.8,5442.6,0,0,0
297.2,308.6,1500,37.1,161,11.400000000000034,55650.0,5973.1,1,0,0
301.9,310.9,1379,54.8,99,9.0,75569.2,5425.2,1,0,0
302.2,311.4,1432,45.3,33,9.199999999999989,64869.6,1494.8999999999999,0,1,0
299.0,310.4,1606,31.1,134,11.399999999999977,49946.600000000006,4167.400000000001,1,0,0
301.7,310.3,1787,26.7,33,8.600000000000023,47712.9,881.1,0,1,0
302.7,310.8,1555,36.1,35,8.100000000000023,56135.5,1263.5,0,1,0
297.9,309.0,1502,40.2,30,11.100000000000023,60380.4,1206.0,1,0,0
300.1,309.3,1340,56.0,130,9.199999999999989,75040.0,7280.0,1,0,0
301.7,311.0,2016,19.3,180,9.300000000000011,38908.8,3474.0,0,0,0
299.6,310.9,1533,31.8,91,11.299999999999955,48749.4,2893.8,1,0,0
300.5,311.9,1676,35.2,97,11.399999999999977,58995.200000000004,3414.4,0,1,0
300.4,311.4,1936,23.9,131,11.0,46270.399999999994,3130.8999999999996,1,0,0
303.4,311.9,1534,33.2,210,8.5,50928.8,6972.000000000001,0,0,0
297.4,308.3,1347,45.8,43,10.900000000000034,61692.6,1969.3999999999999,1,0,0
302.3,311.6,1488,41.8,75,9.300000000000011,62198.399999999994,3135.0,1,0,0
297.9,309.2,1577,34.7,5,11.300000000000011,54721.9,173.5,0,0,0
299.0,310.3,1483,39.2,153,11.300000000000011,58133.600000000006,5997.6,1,0,0
298.0,307.6,1472,46.7,116,9.600000000000023,68742.40000000001,5417.200000000001,0,1,0
302.5,311.5,1655,32.3,142,9.0,53456.49999999999,4586.599999999999,0,0,0
297.2,308.3,1453,45.8,105,11.100000000000023,66547.4,4809.0,0,0,0
303.4,312.7,1357,55.3,31,9.300000000000011,75042.09999999999,1714.3,0,1,0
302.3,311.8,1369,56.2,208,9.5,76937.8,11689.6,1,0,1
300.6,311.8,1652,27.2,52,11.199999999999989,44934.4,1414.3999999999999,1,0,0
301.3,311.0,1348,44.5,78,9.699999999999989,59986.0,3471.0,1,0,0
300.9,310.8,1790,26.2,191,9.900000000000034,46898.0,5004.2,0,1,0
303.3,312.7,1262,63.8,100,9.399999999999977,80515.59999999999,6380.0,1,0,0
300.4,309.7,1384,45.1,159,9.300000000000011,62418.4,7170.900000000001,1,0,0
302.2,311.6,1594,36.8,82,9.400000000000034,58659.2,3017.6,0,0,0
300.5,309.8,1663,29.1,145,9.300000000000011,48393.3,4219.5,1,0,1
300.4,309.7,1539,37.7,156,9.300000000000011,58020.3,5881.200000000001,0,1,0
296.8,307.9,1372,49.0,140,11.099999999999966,67228.0,6860.0,1,0,0
302.7,312.2,1376,52.8,164,9.5,72652.8,8659.199999999999,1,0,0
298.1,307.8,1761,28.2,76,9.699999999999989,49660.2,2143.2,1,0,0
298.2,309.0,1643,34.1,91,10.800000000000011,56026.3,3103.1,1,0,0
299.8,309.6,1598,31.0,139,9.800000000000011,49538.0,4309.0,1,0,0
298.9,310.1,1466,42.5,187,11.200000000000045,62305.0,7947.5,1,0,0
300.7,309.6,1568,35.2,82,8.900000000000034,55193.600000000006,2886.4,0,1,0
297.3,308.6,1431,42.0,109,11.300000000000011,60102.0,4578.0,0,0,0
298.2,307.9,1847,23.6,69,9.699999999999989,43589.200000000004,1628.4,1,0,0
300.0,311.3,1493,41.4,28,11.300000000000011,61810.2,1159.2,1,0,0
300.6,309.9,1428,48.8,109,9.299999999999955,69686.4,5319.2,1,0,0
300.7,311.7,2097,18.9,232,11.0,39633.299999999996,4384.799999999999,0,1,1
300.1,311.7,1400,48.5,205,11.599999999999966,67900.0,9942.5,0,1,0
298.2,308.7,1436,49.1,26,10.5,70507.6,1276.6000000000001,1,0,0
298.0,308.3,1662,32.7,0,10.300000000000011,54347.4,0.0,1,0,0
298.8,310.2,1707,27.6,56,11.399999999999977,47113.200000000004,1545.6000000000001,0,0,0
298.8,309.7,1751,29.6,160,10.899999999999977,51829.600000000006,4736.0,1,0,0
302.5,312.0,1456,46.3,208,9.5,67412.8,9630.4,1,0,0
298.4,309.5,1692,28.3,136,11.100000000000023,47883.6,3848.8,1,0,0
302.3,312.0,1354,52.2,165,9.699999999999989,70678.8,8613.0,1,0,0
298.0,308.2,1611,30.6,195,10.199999999999989,49296.600000000006,5967.0,1,0,0
298.9,310.6,1615,33.0,221,11.700000000000045,53295.0,7293.0,0,0,0
301.6,310.9,1623,34.1,56,9.299999999999955,55344.3,1909.6000000000001,1,0,0
303.5,312.2,1818,23.6,109,8.699999999999989,42904.8,2572.4,0,1,0
298.5,308.4,1612,36.1,174,9.899999999999977,58193.200000000004,6281.400000000001,0,0,0
297.0,307.9,1455,49.0,204,10.899999999999977,71295.0,9996.0,1,0,0
297.4,307.9,1390,52.0,131,10.5,72280.0,6812.0,0,0,0
297.4,309.2,1620,33.2,28,11.800000000000011,53784.00000000001,929.6000000000001,1,0,0
298.4,308.0,1605,32.4,154,9.600000000000023,52002.0,4989.599999999999,1,0,0
304.1,313.1,1550,30.9,9,9.0,47895.0,278.09999999999997,1,0,0
300.7,309.5,1445,46.4,24,8.800000000000011,67048.0,1113.6,0,1,0
297.7,308.9,1531,48.3,84,11.199999999999989,73947.3,4057.2,0,1,0
300.6,310.6,1931,22.0,24,10.0,42482.0,528.0,1,0,0
297.4,308.1,1620,31.2,143,10.700000000000045,50544.0,4461.599999999999,0,1,0
298.1,307.8,1379,49.1,135,9.699999999999989,67708.90000000001,6628.5,1,0,0
301.5,310.5,1551,34.3,166,9.0,53199.299999999996,5693.799999999999,0,0,0
302.2,311.6,1383,44.3,72,9.400000000000034,61266.899999999994,3189.6,1,0,0
301.8,310.0,1393,44.9,208,8.199999999999989,62545.7,9339.199999999999,1,0,0
301.0,309.6,1724,28.1,133,8.600000000000023,48444.4,3737.3,1,0,0
302.7,310.5,1511,37.7,60,7.800000000000011,56964.700000000004,2262.0,1,0,0
300.3,309.6,1624,32.6,175,9.300000000000011,52942.4,5705.0,1,0,0
300.8,310.7,1525,39.4,175,9.899999999999977,60085.0,6895.0,1,0,0
297.9,307.6,1298,52.7,132,9.700000000000045,68404.6,6956.400000000001,1,0,0
302.2,311.7,1488,44.6,178,9.5,66364.8,7938.8,1,0,0
300.3,309.6,1419,42.5,137,9.300000000000011,60307.5,5822.5,0,1,0
299.9,309.0,1553,40.0,88,9.100000000000023,62120.0,3520.0,1,0,0
297.1,308.5,1555,36.2,0,11.399999999999977,56291.00000000001,0.0,1,0,0
297.6,308.1,1379,57.4,122,10.5,79154.59999999999,7002.8,0,1,0
302.6,312.3,1660,30.3,36,9.699999999999989,50298.0,1090.8,1,0,0
303.6,312.6,1436,42.0,110,9.0,60312.0,4620.0,0,0,0
299.5,310.7,1364,49.5,0,11.199999999999989,67518.0,0.0,0,1,0
295.5,305.9,1453,47.3,9,10.399999999999977,68726.9,425.7,0,1,0
301.1,311.0,1378,51.1,190,9.899999999999977,70415.8,9709.0,1,0,0
300.5,309.8,1416,48.5,110,9.300000000000011,68676.0,5335.0,0,1,0
300.5,311.7,2141,17.2,196,11.199999999999989,36825.2,3371.2,0,1,0
300.3,311.7,1646,28.9,198,11.399999999999977,47569.399999999994,5722.2,0,1,0
297.4,308.6,1820,24.6,79,11.200000000000045,44772.0,1943.4,1,0,0
299.7,310.9,1620,37.2,203,11.199999999999989,60264.00000000001,7551.6,0,1,0
301.9,309.9,1374,48.5,180,8.0,66639.0,8730.0,1,0,1
297.9,307.6,1612,30.7,134,9.700000000000045,49488.4,4113.8,1,0,0
299.9,311.3,1522,45.7,153,11.400000000000034,69555.40000000001,6992.1,1,0,0
300.7,310.8,1469,46.4,75,10.100000000000023,68161.59999999999,3480.0,0,1,0
297.9,308.7,1751,26.6,111,10.800000000000011,46576.600000000006,2952.6000000000004,0,1,0
298.2,307.6,1511,31.0,209,9.400000000000034,46841.0,6479.0,1,0,1
304.2,313.4,1740,23.7,86,9.199999999999989,41238.0,2038.2,1,0,0
304.1,313.3,1732,28.5,132,9.199999999999989,49362.0,3762.0,1,0,0
300.7,309.4,1589,35.0,52,8.699999999999989,55615.0,1820.0,0,1,0
301.0,310.5,1601,33.2,77,9.5,53153.200000000004,2556.4,1,0,0
298.7,308.5,1375,46.4,48,9.800000000000011,63800.0,2227.2,1,0,0
298.0,307.8,1414,51.7,140,9.800000000000011,73103.8,7238.0,1,0,0
301.9,310.9,1441,43.7,0,9.0,62971.700000000004,0.0,0,1,0
295.8,306.5,1534,37.9,88,10.699999999999989,58138.6,3335.2,1,0,0
299.8,309.7,1320,61.7,134,9.899999999999977,81444.0,8267.800000000001,0,1,0
300.1,309.6,1584,36.7,165,9.5,58132.8,6055.500000000001,0,1,0
300.7,310.2,1348,54.8,50,9.5,73870.4,2740.0,1,0,0
301.7,310.2,1331,61.2,47,8.5,81457.2,2876.4,1,0,1
299.7,309.0,1645,31.9,155,9.300000000000011,52475.5,4944.5,0,1,0
299.1,309.5,1339,48.2,86,10.399999999999977,64539.8,4145.2,0,1,0
300.8,310.3,1383,46.6,19,9.5,64447.8,885.4,1,0,0
298.9,310.0,1719,27.3,58,11.100000000000023,46928.700000000004,1583.4,1,0,0
300.7,310.6,1720,30.3,96,9.900000000000034,52116.0,2908.8,1,0,0
300.3,309.2,1587,31.4,43,8.899999999999977,49831.799999999996,1350.2,1,0,0
303.3,311.5,1601,35.2,10,8.199999999999989,56355.200000000004,352.0,1,0,0
297.9,308.9,1547,44.0,72,11.0,68068.0,3168.0,0,1,0
298.6,309.6,1449,42.5,16,11.0,61582.5,680.0,0,0,0
300.7,310.0,1672,29.7,176,9.300000000000011,49658.4,5227.2,1,0,0
300.0,309.5,1735,28.9,82,9.5,50141.5,2369.7999999999997,0,0,0
302.2,311.0,1832,23.2,70,8.800000000000011,42502.4,1624.0,1,0,0
300.1,309.0,1314,58.2,114,8.899999999999977,76474.8,6634.8,1,0,0
298.9,309.0,1812,25.9,174,10.100000000000023,46930.799999999996,4506.599999999999,0,1,0
297.8,309.3,2243,15.7,36,11.5,35215.1,565.1999999999999,0,1,0
297.1,307.9,1365,54.0,174,10.799999999999955,73710.0,9396.0,0,0,0
297.0,308.1,1489,44.1,96,11.100000000000023,65664.90000000001,4233.6,1,0,0
297.5,308.9,1466,43.0,15,11.399999999999977,63038.0,645.0,1,0,0
300.7,310.6,1407,42.4,218,9.900000000000034,59656.799999999996,9243.199999999999,0,1,0
301.4,310.5,1495,52.5,201,9.100000000000023,78487.5,10552.5,0,1,0
301.2,310.8,1461,40.6,47,9.600000000000023,59316.6,1908.2,1,0,0
298.0,307.7,1435,45.6,184,9.699999999999989,65436.0,8390.4,1,0,0
297.9,307.8,1365,46.9,73,9.900000000000034,64018.5,3423.7,1,0,0
302.8,312.5,1422,46.1,4,9.699999999999989,65554.2,184.4,0,0,0
301.1,310.8,1724,27.5,101,9.699999999999989,47410.0,2777.5,1,0,0
300.5,309.3,1574,33.5,101,8.800000000000011,52729.0,3383.5,1,0,0
301.9,310.4,1376,54.9,126,8.5,75542.4,6917.4,1,0,1
301.7,310.9,1405,46.4,207,9.199999999999989,65192.0,9604.8,1,0,1
302.6,311.9,1397,46.9,82,9.299999999999955,65519.299999999996,3845.7999999999997,1,0,0
300.5,312.0,1779,27.7,46,11.5,49278.299999999996,1274.2,0,1,0
300.0,311.4,1466,39.0,125,11.399999999999977,57174.0,4875.0,0,1,0
301.3,310.6,1966,22.6,161,9.300000000000011,44431.600000000006,3638.6000000000004,1,0,0
298.2,307.9,1399,54.9,139,9.699999999999989,76805.09999999999,7631.099999999999,1,0,0
300.8,310.5,1511,35.8,54,9.699999999999989,54093.799999999996,1933.1999999999998,0,1,0
298.7,309.7,1565,39.3,94,11.0,61504.49999999999,3694.2,0,0,0
297.6,308.6,1664,30.1,81,11.0,50086.4,2438.1,1,0,0
299.7,309.2,1302,55.5,87,9.5,72261.0,4828.5,0,0,0
297.4,308.4,1664,28.1,67,11.0,46758.4,1882.7,1,0,0
301.1,312.3,1534,39.0,129,11.199999999999989,59826.0,5031.0,1,0,0
302.4,310.9,1469,39.6,86,8.5,58172.4,3405.6,1,0,0
300.0,310.5,1558,36.7,137,10.5,57178.600000000006,5027.900000000001,0,0,0
303.2,311.4,1238,54.6,226,8.199999999999989,67594.8,12339.6,1,0,1
297.9,308.4,1637,34.5,191,10.5,56476.5,6589.5,0,0,0
303.8,313.2,1379,50.2,178,9.399999999999977,69225.8,8935.6,0,0,0
298.7,309.8,1539,33.4,2,11.100000000000023,51402.6,66.8,1,0,0
301.3,310.7,1532,40.7,178,9.399999999999977,62352.4,7244.6,0,1,0
300.6,310.0,1313,52.9,93,9.399999999999977,69457.7,4919.7,1,0,0
301.7,310.1,1384,50.5,38,8.400000000000034,69892.0,1919.0,1,0,0
297.8,309.0,1403,64.2,0,11.199999999999989,90072.6,0.0,1,0,1
299.9,309.2,1761,25.6,115,9.300000000000011,45081.600000000006,2944.0,1,0,0
303.9,312.8,1419,47.9,196,8.900000000000034,67970.09999999999,9388.4,1,0,0
300.0,309.6,1364,45.9,16,9.600000000000023,62607.6,734.4,1,0,0
297.5,308.5,1662,30.3,26,11.0,50358.6,787.8000000000001,0,1,0
302.7,311.1,1418,43.4,130,8.400000000000034,61541.2,5642.0,0,0,0
304.1,313.2,1586,41.1,129,9.099999999999966,65184.600000000006,5301.900000000001,0,1,0
297.2,308.4,2182,17.3,119,11.199999999999989,37748.6,2058.7000000000003,0,0,0
301.5,310.6,1394,46.5,206,9.100000000000023,64821.0,9579.0,1,0,0
300.3,310.0,1537,37.5,6,9.699999999999989,57637.5,225.0,0,1,0
301.7,311.0,1503,44.8,134,9.300000000000011,67334.4,6003.2,1,0,0
300.7,311.1,1440,43.0,148,10.400000000000034,61920.0,6364.0,1,0,0
303.6,312.9,1381,57.8,27,9.299999999999955,79821.8,1560.6,1,0,0
298.4,308.0,1526,41.1,162,9.600000000000023,62718.6,6658.2,1,0,0
298.6,309.5,1687,29.3,47,10.899999999999977,49429.1,1377.1000000000001,1,0,0
297.2,308.6,1562,33.0,84,11.400000000000034,51546.0,2772.0,1,0,0
301.0,311.0,1402,55.3,98,10.0,77530.59999999999,5419.4,1,0,0
300.0,311.4,1864,23.3,2,11.399999999999977,43431.200000000004,46.6,0,1,0
298.4,308.8,1352,56.7,24,10.400000000000034,76658.40000000001,1360.8000000000002,1,0,0
296.9,307.7,1653,35.9,177,10.800000000000011,59342.7,6354.3,1,0,0
298.7,309.1,1423,49.5,200,10.400000000000034,70438.5,9900.0,0,1,0
301.8,310.9,1358,52.3,56,9.099999999999966,71023.4,2928.7999999999997,0,1,0
298.3,310.1,1545,36.3,90,11.800000000000011,56083.49999999999,3266.9999999999995,1,0,0
300.1,311.5,1334,54.0,26,11.399999999999977,72036.0,1404.0,1,0,0
295.6,306.0,1370,52.4,115,10.399999999999977,71788.0,6026.0,1,0,0
298.7,308.5,1483,42.5,46,9.800000000000011,63027.5,1955.0,1,0,0
299.1,308.2,1348,56.1,110,9.099999999999966,75622.8,6171.0,1,0,0
302.6,312.3,1454,54.8,253,9.699999999999989,79679.2,13864.4,0,1,1
299.1,310.5,1485,37.8,46,11.399999999999977,56132.99999999999,1738.8,1,0,0
296.8,307.9,1709,28.4,118,11.099999999999966,48535.6,3351.2,1,0,0
299.3,308.9,1258,69.4,119,9.599999999999966,87305.20000000001,8258.6,1,0,1
300.1,309.4,1560,47.7,26,9.299999999999955,74412.0,1240.2,1,0,0
300.0,309.1,1431,45.4,90,9.100000000000023,64967.4,4086.0,1,0,0
303.9,313.1,1790,26.7,17,9.200000000000045,47793.0,453.9,0,0,0
300.3,309.9,1527,41.4,2,9.599999999999966,63217.799999999996,82.8,1,0,0
299.2,308.5,1490,43.2,158,9.300000000000011,64368.00000000001,6825.6,1,0,0
297.9,308.8,1602,32.1,59,10.900000000000034,51424.200000000004,1893.9,0,1,0
298.9,310.0,1452,48.9,185,11.100000000000023,71002.8,9046.5,1,0,0
298.8,309.6,1890,24.0,173,10.800000000000011,45360.0,4152.0,1,0,0
297.7,308.9,1742,26.3,24,11.199999999999989,45814.6,631.2,1,0,0
297.8,308.8,1579,32.9,70,11.0,51949.1,2303.0,1,0,0
301.0,311.6,1448,43.9,145,10.600000000000023,63567.2,6365.5,0,1,0
297.8,307.3,1859,24.0,178,9.5,44616.0,4272.0,1,0,0
298.7,309.6,1424,50.4,32,10.900000000000034,71769.59999999999,1612.8,0,1,0
301.2,310.1,1295,56.6,39,8.900000000000034,73297.0,2207.4,0,1,0
296.1,307.2,1615,30.8,18,11.099999999999966,49742.0,554.4,1,0,0
298.0,309.2,1378,49.7,94,11.199999999999989,68486.6,4671.8,1,0,0
298.8,308.7,1543,38.2,44,9.899999999999977,58942.600000000006,1680.8000000000002,0,1,0
299.0,308.2,1358,42.7,50,9.199999999999989,57986.600000000006,2135.0,0,1,0
301.4,310.5,1647,33.3,85,9.100000000000023,54845.1,2830.4999999999995,1,0,0
298.8,308.7,1635,35.2,47,9.899999999999977,57552.00000000001,1654.4,1,0,0
300.9,310.7,1485,41.0,181,9.800000000000011,60885.0,7421.0,0,1,0
298.8,308.5,1711,28.5,140,9.699999999999989,48763.5,3990.0,0,1,0
295.6,306.3,1426,45.5,53,10.699999999999989,64883.0,2411.5,0,1,0
302.4,311.9,1366,47.3,162,9.5,64611.799999999996,7662.599999999999,0,0,0
298.9,310.2,1491,45.1,101,11.300000000000011,67244.1,4555.1,1,0,0
301.7,309.9,1533,40.9,106,8.199999999999989,62699.7,4335.4,0,1,0
303.9,313.2,1393,46.5,9,9.300000000000011,64774.5,418.5,1,0,0
298.0,309.2,1438,42.9,101,11.199999999999989,61690.2,4332.9,0,1,0
297.9,307.8,1451,38.2,80,9.900000000000034,55428.200000000004,3056.0,1,0,0
302.0,310.8,1783,23.1,190,8.800000000000011,41187.3,4389.0,0,1,0
297.5,308.0,1560,39.0,141,10.5,60840.0,5499.0,0,1,0
298.1,309.3,1332,51.0,72,11.199999999999989,67932.0,3672.0,0,0,0
298.3,309.5,1560,36.9,131,11.199999999999989,57564.0,4833.9,0,1,0
302.6,312.1,1519,38.1,178,9.5,57873.9,6781.8,1,0,0
301.7,310.7,1318,55.0,194,9.0,72490.0,10670.0,1,0,0
298.6,309.4,1315,55.5,28,10.799999999999955,72982.5,1554.0,1,0,0
301.6,310.6,1613,42.5,97,9.0,68552.5,4122.5,1,0,0
300.5,309.7,1580,42.8,196,9.199999999999989,67624.0,8388.8,1,0,0
301.9,310.5,1892,21.8,177,8.600000000000023,41245.6,3858.6,1,0,0
298.1,308.1,1791,27.3,63,10.0,48894.3,1719.9,1,0,0
302.8,312.2,1509,36.5,52,9.399999999999977,55078.5,1898.0,1,0,0
302.8,312.3,1336,57.5,187,9.5,76820.0,10752.5,0,0,0
297.6,308.8,1453,39.7,69,11.199999999999989,57684.100000000006,2739.3,0,1,0
297.4,308.7,2874,4.2,118,11.300000000000011,12070.800000000001,495.6,1,0,1
302.3,311.7,1483,40.5,8,9.399999999999977,60061.5,324.0,0,1,0
298.5,308.7,1347,48.5,33,10.199999999999989,65329.5,1600.5,0,1,0
296.5,307.4,1565,43.5,194,10.899999999999977,68077.5,8439.0,0,1,0
303.6,311.9,1473,50.1,84,8.299999999999955,73797.3,4208.400000000001,1,0,0
297.4,307.9,1557,35.5,174,10.5,55273.5,6177.0,1,0,0
303.6,312.0,1827,23.3,103,8.399999999999977,42569.1,2399.9,1,0,0
302.1,311.2,1447,50.3,11,9.099999999999966,72784.09999999999,553.3,1,0,0
300.1,309.3,1654,31.0,201,9.199999999999989,51274.0,6231.0,1,0,0
300.1,309.5,1660,32.7,57,9.399999999999977,54282.00000000001,1863.9,1,0,0
300.6,309.6,1411,41.6,140,9.0,58697.6,5824.0,1,0,0
299.9,309.8,1716,28.2,117,9.900000000000034,48391.2,3299.4,1,0,0
302.4,311.1,1905,20.9,77,8.700000000000045,39814.5,1609.3,1,0,0
303.7,312.8,1558,37.7,206,9.100000000000023,58736.600000000006,7766.200000000001,0,1,0
301.4,310.8,1610,34.6,187,9.400000000000034,55706.0,6470.2,1,0,0
301.8,310.8,1576,38.6,38,9.0,60833.600000000006,1466.8,1,0,0
302.5,311.1,1571,34.2,201,8.600000000000023,53728.200000000004,6874.200000000001,1,0,0
298.3,308.4,1490,41.7,170,10.099999999999966,62133.00000000001,7089.000000000001,1,0,0
302.6,310.2,1923,21.5,18,7.599999999999966,41344.5,387.0,1,0,0
300.6,310.7,1339,52.9,0,10.099999999999966,70833.09999999999,0.0,0,1,0
300.7,312.3,1577,33.2,100,11.600000000000023,52356.4,3320.0000000000005,1,0,0
300.7,310.1,1367,52.6,167,9.400000000000034,71904.2,8784.2,0,1,0
298.4,309.7,1679,33.3,167,11.300000000000011,55910.7,5561.099999999999,0,1,0
299.5,310.7,1438,45.7,106,11.199999999999989,65716.6,4844.200000000001,1,0,0
301.5,310.6,1357,42.1,212,9.100000000000023,57129.700000000004,8925.2,1,0,0
303.6,312.3,1451,43.4,119,8.699999999999989,62973.4,5164.599999999999,1,0,0
300.0,309.2,1635,32.4,4,9.199999999999989,52974.0,129.6,0,1,0
297.2,308.3,1578,37.8,3,11.100000000000023,59648.399999999994,113.39999999999999,0,1,0
298.1,308.0,1704,30.9,61,9.899999999999977,52653.6,1884.8999999999999,1,0,0
295.7,306.2,1423,42.5,121,10.5,60477.5,5142.5,0,1,0
297.7,308.7,1249,60.4,143,11.0,75439.59999999999,8637.199999999999,1,0,0
298.3,309.9,1507,41.6,112,11.599999999999966,62691.200000000004,4659.2,1,0,0
298.9,308.7,1389,44.9,69,9.800000000000011,62366.1,3098.1,1,0,0
297.4,308.5,1495,37.8,211,11.100000000000023,56510.99999999999,7975.799999999999,1,0,0
300.7,310.7,1343,51.6,211,10.0,69298.8,10887.6,0,1,0
298.0,307.8,1453,37.7,119,9.800000000000011,54778.100000000006,4486.3,1,0,0
298.4,308.5,1636,35.7,107,10.100000000000023,58405.200000000004,3819.9,0,1,0
298.2,308.3,1688,32.0,202,10.100000000000023,54016.0,6464.0,1,0,0
297.1,308.4,1583,31.9,2,11.299999999999955,50497.7,63.8,1,0,0
298.0,308.9,1607,37.7,49,10.899999999999977,60583.9,1847.3000000000002,1,0,0
300.7,310.9,1650,29.4,102,10.199999999999989,48510.0,2998.7999999999997,1,0,0
300.3,309.9,1540,39.9,203,9.599999999999966,61446.0,8099.7,1,0,0
297.4,309.4,1620,35.4,51,12.0,57348.0,1805.3999999999999,1,0,0
297.4,308.5,1692,34.3,83,11.100000000000023,58035.6,2846.8999999999996,1,0,0
300.6,309.5,1471,49.6,29,8.899999999999977,72961.6,1438.4,1,0,0
297.4,308.3,1535,34.6,51,10.900000000000034,53111.0,1764.6000000000001,0,1,0
300.5,309.9,1443,48.3,122,9.399999999999977,69696.9,5892.599999999999,1,0,0
302.3,311.4,1372,46.0,86,9.099999999999966,63112.0,3956.0,0,0,0
300.4,311.5,1662,29.0,137,11.100000000000023,48198.0,3973.0,0,0,0
298.9,308.6,1524,40.4,131,9.700000000000045,61569.6,5292.4,0,1,0
300.7,311.9,1419,47.7,179,11.199999999999989,67686.3,8538.300000000001,1,0,0
300.9,310.4,1576,40.4,92,9.5,63670.399999999994,3716.7999999999997,0,1,0
302.5,312.0,1411,44.2,177,9.5,62366.200000000004,7823.400000000001,1,0,0
299.2,308.5,1445,45.2,222,9.300000000000011,65314.00000000001,10034.400000000001,1,0,0
301.9,311.2,1657,29.1,23,9.300000000000011,48218.700000000004,669.3000000000001,1,0,0
298.8,308.7,1591,31.1,68,9.899999999999977,49480.100000000006,2114.8,1,0,0
302.8,312.2,1481,40.2,230,9.399999999999977,59536.200000000004,9246.0,1,0,0
300.5,311.9,1370,44.8,20,11.399999999999977,61375.99999999999,896.0,0,1,0
302.9,311.2,1634,36.9,71,8.300000000000011,60294.6,2619.9,1,0,0
302.6,312.1,1288,68.5,0,9.5,88228.0,0.0,1,0,1
297.1,308.2,1427,45.2,136,11.099999999999966,64500.4,6147.200000000001,1,0,0
297.6,308.8,1357,49.7,104,11.199999999999989,67442.90000000001,5168.8,0,1,0
297.5,308.9,1535,37.7,12,11.399999999999977,57869.50000000001,452.40000000000003,0,1,0
297.5,308.5,1557,39.1,47,11.0,60878.700000000004,1837.7,0,0,0
298.9,310.2,2099,20.0,98,11.300000000000011,41980.0,1960.0,0,1,0
300.6,311.7,1734,29.9,72,11.099999999999966,51846.6,2152.7999999999997,1,0,0
301.3,310.7,1536,39.3,31,9.399999999999977,60364.799999999996,1218.3,1,0,0
297.9,307.8,1499,37.5,78,9.900000000000034,56212.5,2925.0,1,0,0
297.1,308.6,1442,37.1,59,11.5,53498.200000000004,2188.9,1,0,0
297.5,308.1,1469,44.8,5,10.600000000000023,65811.2,224.0,0,1,0
298.3,308.4,1585,30.6,127,10.099999999999966,48501.0,3886.2000000000003,1,0,0
298.8,309.7,1392,48.7,133,10.899999999999977,67790.40000000001,6477.1,0,1,0
298.8,308.6,1449,49.4,150,9.800000000000011,71580.59999999999,7410.0,0,0,0
301.1,311.1,1387,53.1,188,10.0,73649.7,9982.800000000001,1,0,0
301.8,309.5,1525,39.6,227,7.699999999999989,60390.0,8989.2,1,0,0
298.8,309.9,1428,42.4,132,11.099999999999966,60547.2,5596.8,1,0,0
301.6,310.9,1419,50.2,51,9.299999999999955,71233.8,2560.2000000000003,0,0,0
297.1,307.9,1342,49.1,179,10.799999999999955,65892.2,8788.9,1,0,0
301.7,311.0,1441,44.3,208,9.300000000000011,63836.299999999996,9214.4,1,0,1
302.3,311.0,1657,31.1,3,8.699999999999989,51532.700000000004,93.30000000000001,1,0,0
301.6,310.7,1683,29.7,131,9.099999999999966,49985.1,3890.7,1,0,0
302.4,311.2,1404,52.0,57,8.800000000000011,73008.0,2964.0,1,0,0
300.5,309.9,1480,40.0,148,9.399999999999977,59200.0,5920.0,1,0,0
299.7,309.2,1346,57.4,138,9.5,77260.4,7921.2,1,0,0
300.7,311.0,1418,49.3,106,10.300000000000011,69907.4,5225.799999999999,0,1,0
296.8,307.6,1547,36.5,179,10.800000000000011,56465.5,6533.5,1,0,0
302.1,310.1,1615,29.9,176,8.0,48288.5,5262.4,0,0,0
300.3,311.8,1592,32.1,11,11.5,51103.200000000004,353.1,0,1,0
300.6,310.6,1427,52.8,75,10.0,75345.59999999999,3960.0,0,1,0
298.4,308.9,1501,50.0,203,10.5,75050.0,10150.0,1,0,0
301.3,310.3,1419,55.7,125,9.0,79038.3,6962.5,1,0,0
297.5,308.6,1793,26.7,70,11.100000000000023,47873.1,1869.0,1,0,0
301.5,310.5,1611,33.8,144,9.0,54451.799999999996,4867.2,1,0,0
301.9,309.7,1568,37.5,135,7.800000000000011,58800.0,5062.5,0,1,0
303.5,311.6,1466,47.0,80,8.100000000000023,68902.0,3760.0,0,0,0
302.1,311.5,1477,45.4,111,9.399999999999977,67055.8,5039.4,1,0,0
301.0,311.6,1461,40.6,154,10.600000000000023,59316.6,6252.400000000001,1,0,0
301.1,310.2,1850,27.7,44,9.099999999999966,51245.0,1218.8,0,1,0
301.8,310.8,1383,46.4,37,9.0,64171.2,1716.8,1,0,0
297.4,308.5,1389,39.2,54,11.100000000000023,54448.8,2116.8,1,0,0
303.6,312.9,1450,45.3,29,9.299999999999955,65685.0,1313.6999999999998,1,0,0
303.3,311.4,1692,27.9,55,8.099999999999966,47206.799999999996,1534.5,0,0,0
301.6,310.6,1391,49.4,164,9.0,68715.4,8101.599999999999,1,0,0
298.8,310.0,2098,19.6,148,11.199999999999989,41120.8,2900.8,1,0,0
299.4,309.3,1596,31.8,40,9.900000000000034,50752.8,1272.0,1,0,0
298.7,309.7,1362,50.5,34,11.0,68781.0,1717.0,0,1,0
295.7,306.3,1712,28.5,43,10.600000000000023,48792.0,1225.5,0,1,0
297.5,308.9,1390,44.6,140,11.399999999999977,61994.0,6244.0,1,0,0
300.2,311.0,1777,27.5,151,10.800000000000011,48867.5,4152.5,0,0,0
298.8,309.1,1489,49.1,128,10.300000000000011,73109.90000000001,6284.8,1,0,0
302.0,310.4,1611,35.6,117,8.399999999999977,57351.600000000006,4165.2,1,0,0
300.9,310.8,1482,37.0,5,9.900000000000034,54834.0,185.0,1,0,0
299.6,310.9,1448,46.3,196,11.299999999999955,67042.4,9074.8,1,0,0
303.5,311.8,1451,45.2,173,8.300000000000011,65585.2,7819.6,1,0,0
297.2,308.5,1364,55.6,163,11.300000000000011,75838.40000000001,9062.800000000001,0,1,0
302.7,310.5,1446,40.9,211,7.800000000000011,59141.4,8629.9,1,0,1
300.2,309.8,1650,29.6,13,9.600000000000023,48840.0,384.8,1,0,0
300.0,309.3,1413,40.7,117,9.300000000000011,57509.100000000006,4761.900000000001,0,1,0
298.8,309.2,1372,48.5,120,10.399999999999977,66542.0,5820.0,0,0,0
297.6,308.8,1539,40.2,72,11.199999999999989,61867.8,2894.4,1,0,0
301.8,310.7,1644,33.4,68,8.899999999999977,54909.6,2271.2,1,0,0
297.3,308.5,1503,43.3,90,11.199999999999989,65079.899999999994,3896.9999999999995,1,0,0
303.6,313.1,1395,44.1,120,9.5,61519.5,5292.0,1,0,0
299.2,308.5,1378,50.4,220,9.300000000000011,69451.2,11088.0,1,0,1
299.0,310.3,1929,24.4,180,11.300000000000011,47067.6,4392.0,1,0,0
299.4,309.3,1544,36.0,197,9.900000000000034,55584.0,7092.0,1,0,0
302.2,311.4,1626,31.6,62,9.199999999999989,51381.600000000006,1959.2,0,1,0
302.2,311.2,1627,33.2,74,9.0,54016.4,2456.8,0,1,0
298.7,309.8,1530,35.5,0,11.100000000000023,54315.0,0.0,1,0,0
302.3,311.1,1338,53.3,63,8.800000000000011,71315.4,3357.8999999999996,0,1,0
297.4,308.4,1789,25.0,210,11.0,44725.0,5250.0,0,1,0
297.7,308.4,1288,49.5,91,10.699999999999989,63756.0,4504.5,0,0,0
300.5,310.2,1764,25.9,27,9.699999999999989,45687.6,699.3,1,0,0
298.9,310.2,1445,40.0,129,11.300000000000011,57800.0,5160.0,1,0,0
300.5,310.5,1646,34.5,63,10.0,56787.0,2173.5,1,0,0
300.6,311.0,1563,40.7,87,10.399999999999977,63614.100000000006,3540.9,1,0,0
297.1,308.1,1446,36.6,227,11.0,52923.6,8308.2,1,0,0
303.0,311.1,1490,43.0,108,8.100000000000023,64070.0,4644.0,0,1,0
300.2,311.4,1495,43.6,95,11.199999999999989,65182.0,4142.0,1,0,0
304.2,313.4,1490,44.0,41,9.199999999999989,65560.0,1804.0,1,0,0
300.2,309.5,1356,51.1,133,9.300000000000011,69291.6,6796.3,1,0,0
300.9,310.9,1755,27.9,148,10.0,48964.5,4129.2,1,0,0
300.5,311.0,2074,18.9,9,10.5,39198.6,170.1,1,0,0
299.2,310.5,1384,48.7,93,11.300000000000011,67400.8,4529.1,1,0,0
298.8,308.4,1401,47.3,10,9.599999999999966,66267.3,473.0,1,0,0
298.4,308.7,1421,60.7,119,10.300000000000011,86254.7,7223.3,0,1,1
299.4,308.7,1446,62.9,134,9.300000000000011,90953.4,8428.6,1,0,1
300.1,309.1,1560,35.4,14,9.0,55224.0,495.59999999999997,0,0,0
301.5,310.7,1466,47.3,77,9.199999999999989,69341.8,3642.1,1,0,0
297.3,308.3,1396,45.9,64,11.0,64076.4,2937.6,1,0,0
297.3,308.9,1799,24.5,137,11.599999999999966,44075.5,3356.5,0,1,0
303.1,312.8,1435,41.9,115,9.699999999999989,60126.5,4818.5,0,0,0
300.3,310.4,1493,37.5,219,10.099999999999966,55987.5,8212.5,1,0,0
299.4,310.8,1376,53.9,215,11.400000000000034,74166.4,11588.5,1,0,1
298.6,309.0,1481,40.8,6,10.399999999999977,60424.799999999996,244.79999999999998,0,1,0
301.8,311.5,1416,49.0,136,9.699999999999989,69384.0,6664.0,0,1,0
303.0,311.1,1525,40.7,179,8.100000000000023,62067.50000000001,7285.3,1,0,0
301.1,310.1,1666,27.2,40,9.0,45315.2,1088.0,1,0,0
295.6,306.1,1462,49.2,158,10.5,71930.40000000001,7773.6,0,1,0
301.9,310.5,1590,40.3,130,8.600000000000023,64076.99999999999,5239.0,0,1,0
304.0,313.2,1632,30.6,121,9.199999999999989,49939.200000000004,3702.6000000000004,1,0,0
299.2,308.5,1821,26.1,69,9.300000000000011,47528.100000000006,1800.9,1,0,0
300.8,311.7,1397,43.5,227,10.899999999999977,60769.5,9874.5,1,0,0
300.4,309.9,1513,38.7,76,9.5,58553.100000000006,2941.2000000000003,0,0,0
300.8,310.8,1407,45.1,51,10.0,63455.700000000004,2300.1,1,0,0
301.6,311.3,1706,29.9,93,9.699999999999989,51009.399999999994,2780.7,1,0,0
302.2,310.8,1397,47.6,11,8.600000000000023,66497.2,523.6,0,0,0
299.9,309.2,1658,34.8,16,9.300000000000011,57698.399999999994,556.8,1,0,0
300.6,309.7,1617,33.2,185,9.099999999999966,53684.4,6142.000000000001,1,0,0
300.8,310.7,1924,22.4,36,9.899999999999977,43097.6,806.4,0,1,0
298.0,308.6,1254,55.8,65,10.600000000000023,69973.2,3627.0,0,1,0
298.5,309.7,1437,42.6,120,11.199999999999989,61216.200000000004,5112.0,1,0,0
300.2,311.6,1671,28.8,149,11.400000000000034,48124.8,4291.2,1,0,0
297.3,308.8,1586,32.7,131,11.5,51862.200000000004,4283.700000000001,0,1,0
302.4,311.1,1448,44.8,195,8.700000000000045,64870.399999999994,8736.0,1,0,0
303.3,311.5,1569,36.6,47,8.199999999999989,57425.4,1720.2,0,1,0
300.9,311.0,1382,51.2,136,10.100000000000023,70758.40000000001,6963.200000000001,1,0,0
298.8,308.1,1472,53.5,28,9.300000000000011,78752.0,1498.0,1,0,0
297.5,309.3,1404,43.5,195,11.800000000000011,61074.0,8482.5,1,0,0
298.7,309.6,1455,46.8,162,10.900000000000034,68094.0,7581.599999999999,0,1,0
303.2,311.4,1514,41.2,230,8.199999999999989,62376.8,9476.0,1,0,0
297.4,308.3,1483,38.8,23,10.900000000000034,57540.399999999994,892.4,1,0,0
300.6,311.7,1427,44.6,87,11.099999999999966,63644.200000000004,3880.2000000000003,0,0,0
300.1,311.3,1650,33.8,38,11.199999999999989,55769.99999999999,1284.3999999999999,0,1,0
300.5,309.5,1255,62.1,138,9.0,77935.5,8569.800000000001,1,0,0
299.7,309.3,1420,44.1,60,9.600000000000023,62622.0,2646.0,1,0,0
301.2,310.6,1670,30.0,40,9.400000000000034,50100.0,1200.0,1,0,0
303.3,311.3,1389,53.9,39,8.0,74867.09999999999,2102.1,1,0,0
300.0,309.6,1423,48.7,67,9.600000000000023,69300.1,3262.9,0,1,0
301.0,311.6,1470,43.4,133,10.600000000000023,63798.0,5772.2,1,0,0
297.1,308.2,1529,37.9,183,11.099999999999966,57949.1,6935.7,0,1,0
300.8,309.4,1342,62.4,113,8.599999999999966,83740.8,7051.2,0,1,1
298.9,308.2,1411,51.3,43,9.300000000000011,72384.3,2205.9,0,1,0
297.8,308.4,1612,32.1,183,10.599999999999966,51745.200000000004,5874.3,1,0,0
297.3,308.4,1469,46.7,65,11.099999999999966,68602.3,3035.5,1,0,0
302.3,311.8,1574,42.8,215,9.5,67367.2,9202.0,1,0,0
303.2,311.2,1404,50.9,31,8.0,71463.59999999999,1577.8999999999999,1,0,0
297.1,308.2,1347,50.8,49,11.099999999999966,68427.59999999999,2489.2,1,0,0
300.7,311.9,1389,46.5,186,11.199999999999989,64588.5,8649.0,0,0,0
300.2,309.7,1448,36.8,14,9.5,53286.399999999994,515.1999999999999,1,0,0
298.6,309.7,1635,32.2,110,11.099999999999966,52647.00000000001,3542.0000000000005,0,1,0
297.6,308.6,1509,39.7,166,11.0,59907.3,6590.200000000001,0,1,0
299.6,309.1,1630,32.3,194,9.5,52648.99999999999,6266.2,0,0,0
300.1,309.5,1353,50.9,34,9.399999999999977,68867.7,1730.6,1,0,0
298.6,309.4,1471,48.0,141,10.799999999999955,70608.0,6768.0,1,0,0
298.4,308.7,1584,31.7,117,10.300000000000011,50212.799999999996,3708.9,0,1,0
299.6,309.1,1574,39.2,83,9.5,61700.8,3253.6000000000004,1,0,0
298.9,310.2,1304,57.2,183,11.300000000000011,74588.8,10467.6,1,0,0
297.7,307.1,1855,22.5,7,9.400000000000034,41737.5,157.5,0,0,0
303.5,312.1,1326,55.7,114,8.600000000000023,73858.2,6349.8,1,0,0
298.5,308.2,1444,40.5,170,9.699999999999989,58482.0,6885.0,1,0,0
301.7,310.9,1435,48.0,66,9.199999999999989,68880.0,3168.0,0,1,0
301.5,310.5,1636,28.7,106,9.0,46953.2,3042.2,1,0,0
299.3,308.6,1520,41.4,67,9.300000000000011,62928.0,2773.7999999999997,0,0,0
300.3,309.5,1448,42.4,145,9.199999999999989,61395.2,6148.0,0,1,0
300.7,309.6,1541,34.6,131,8.900000000000034,53318.600000000006,4532.6,1,0,0
297.9,309.1,1507,36.9,13,11.200000000000045,55608.299999999996,479.7,1,0,0
299.3,309.0,1496,43.4,67,9.699999999999989,64926.4,2907.7999999999997,0,1,0
299.0,310.0,1582,31.9,51,11.0,50465.799999999996,1626.8999999999999,1,0,0
300.8,310.9,1678,28.1,63,10.099999999999966,47151.8,1770.3000000000002,0,1,0
298.5,309.2,1983,20.2,114,10.699999999999989,40056.6,2302.7999999999997,1,0,0
302.2,311.5,1346,52.4,157,9.300000000000011,70530.4,8226.8,1,0,0
299.0,310.2,1657,32.3,64,11.199999999999989,53521.1,2067.2,0,1,0
297.3,308.6,1385,55.2,156,11.300000000000011,76452.0,8611.2,1,0,0
301.3,310.4,1414,51.4,199,9.099999999999966,72679.59999999999,10228.6,1,0,0
297.3,308.1,1762,26.1,154,10.800000000000011,45988.200000000004,4019.4,1,0,0
297.7,307.5,1379,43.3,111,9.800000000000011,59710.7,4806.299999999999,1,0,0
301.1,312.4,1430,37.9,124,11.299999999999955,54197.0,4699.599999999999,1,0,0
298.7,310.1,1693,31.9,51,11.400000000000034,54006.7,1626.8999999999999,0,1,0
300.6,309.4,1369,51.6,71,8.799999999999955,70640.40000000001,3663.6,1,0,0
300.1,309.0,1612,33.0,34,8.899999999999977,53196.0,1122.0,0,1,0
300.1,311.6,1589,37.9,37,11.5,60223.1,1402.3,0,0,0
299.2,309.1,1605,34.3,107,9.900000000000034,55051.49999999999,3670.1,1,0,0
301.9,311.2,1369,49.8,66,9.300000000000011,68176.2,3286.7999999999997,1,0,0
300.6,310.0,1419,42.4,90,9.399999999999977,60165.6,3816.0,0,0,0
296.4,307.5,1556,38.0,62,11.100000000000023,59128.0,2356.0,0,0,0
303.5,312.9,1883,23.3,100,9.399999999999977,43873.9,2330.0,0,1,0
298.8,309.7,1450,43.1,63,10.899999999999977,62495.0,2715.3,1,0,0
302.2,311.4,1390,48.1,40,9.199999999999989,66859.0,1924.0,1,0,0
304.0,313.2,1612,31.7,206,9.199999999999989,51100.4,6530.2,0,0,0
298.8,308.4,1604,29.5,14,9.599999999999966,47318.0,413.0,0,1,0
303.4,311.8,1438,58.9,22,8.400000000000034,84698.2,1295.8,1,0,0
300.1,309.0,1404,54.8,29,8.899999999999977,76939.2,1589.1999999999998,1,0,0
300.2,309.0,1642,31.2,37,8.800000000000011,51230.4,1154.3999999999999,0,1,0
300.3,309.9,1405,52.1,205,9.599999999999966,73200.5,10680.5,0,0,0
299.3,309.0,1734,30.6,154,9.699999999999989,53060.4,4712.400000000001,1,0,0
302.5,310.3,1539,39.0,119,7.800000000000011,60021.0,4641.0,1,0,0
296.6,307.7,1556,37.7,110,11.099999999999966,58661.200000000004,4147.0,1,0,0
301.4,310.6,1459,46.9,27,9.200000000000045,68427.09999999999,1266.3,0,1,0
298.1,308.5,1498,49.4,5,10.399999999999977,74001.2,247.0,1,0,0
297.8,307.9,1802,25.8,43,10.099999999999966,46491.6,1109.4,0,1,0
298.5,309.0,1450,40.5,199,10.5,58725.0,8059.5,1,0,0
300.5,310.8,1728,26.3,125,10.300000000000011,45446.4,3287.5,1,0,0
301.6,310.7,1679,29.5,10,9.099999999999966,49530.5,295.0,1,0,0
297.5,308.7,1454,45.0,19,11.199999999999989,65430.0,855.0,1,0,0
298.3,308.5,1538,32.2,173,10.199999999999989,49523.600000000006,5570.6,1,0,0
295.6,306.1,1490,42.7,171,10.5,63623.00000000001,7301.700000000001,0,1,0
297.9,309.0,1528,37.5,54,11.100000000000023,57300.0,2025.0,1,0,0
302.2,310.1,1572,34.6,17,7.900000000000034,54391.200000000004,588.2,0,1,0
297.6,308.7,1408,54.8,147,11.099999999999966,77158.4,8055.599999999999,0,1,0
300.7,310.2,1373,44.1,28,9.5,60549.3,1234.8,0,1,0
300.6,310.2,1622,34.1,3,9.599999999999966,55310.200000000004,102.30000000000001,1,0,0
298.4,309.5,1545,36.6,117,11.100000000000023,56547.0,4282.2,1,0,0
300.3,311.1,1350,58.7,130,10.800000000000011,79245.0,7631.0,0,1,0
297.6,308.6,1529,45.3,15,11.0,69263.7,679.5,1,0,0
300.9,312.1,1462,46.0,166,11.200000000000045,67252.0,7636.0,1,0,0
298.6,308.4,1778,28.2,161,9.799999999999955,50139.6,4540.2,0,1,0
297.5,308.8,1430,49.4,2,11.300000000000011,70642.0,98.8,0,0,0
298.3,309.0,1470,38.4,10,10.699999999999989,56448.0,384.0,0,0,0
300.5,309.8,1507,42.5,117,9.300000000000011,64047.5,4972.5,1,0,0
302.0,310.8,1609,35.2,4,8.800000000000011,56636.8,140.8,0,1,0
298.4,309.9,1725,27.8,21,11.5,47955.0,583.8000000000001,1,0,0
302.0,310.9,1539,34.2,13,8.899999999999977,52633.8,444.6,1,0,0
301.0,310.7,1391,45.0,123,9.699999999999989,62595.0,5535.0,1,0,0
300.1,311.6,1530,36.6,74,11.5,55998.0,2708.4,1,0,0
300.4,309.6,1521,35.0,119,9.200000000000045,53235.0,4165.0,0,1,0
302.0,310.9,1564,39.0,15,8.899999999999977,60996.0,585.0,1,0,0
303.4,311.7,1793,25.8,161,8.300000000000011,46259.4,4153.8,1,0,0
302.3,311.4,1511,34.7,75,9.099999999999966,52431.700000000004,2602.5,1,0,0
297.2,308.3,1776,28.0,43,11.100000000000023,49728.0,1204.0,0,1,0
299.1,308.9,1467,47.2,218,9.799999999999955,69242.40000000001,10289.6,1,0,0
302.8,312.1,1520,39.9,48,9.300000000000011,60648.0,1915.1999999999998,1,0,0
297.7,307.2,1444,40.0,17,9.5,57760.0,680.0,1,0,0
302.4,310.1,1429,43.7,104,7.7000000000000455,62447.3,4544.8,1,0,0
298.4,308.2,1528,36.2,196,9.800000000000011,55313.600000000006,7095.200000000001,1,0,0
299.0,310.1,1463,37.4,56,11.100000000000023,54716.2,2094.4,1,0,0
298.9,308.5,1742,34.5,117,9.600000000000023,60099.0,4036.5,1,0,0
301.5,310.4,1276,55.6,158,8.899999999999977,70945.6,8784.800000000001,0,1,0
304.2,313.6,1512,33.4,146,9.400000000000034,50500.799999999996,4876.4,0,1,0
298.8,309.0,1497,43.8,147,10.199999999999989,65568.59999999999,6438.599999999999,0,0,0
303.7,312.3,1349,51.0,105,8.600000000000023,68799.0,5355.0,1,0,0
301.9,310.5,1472,39.7,187,8.600000000000023,58438.4,7423.900000000001,0,0,0
298.5,309.7,1557,37.7,86,11.199999999999989,58698.9,3242.2000000000003,0,1,0
303.0,312.6,1392,42.9,94,9.600000000000023,59716.799999999996,4032.6,0,1,0
299.6,311.0,1708,31.0,122,11.399999999999977,52948.0,3782.0,1,0,0
302.6,310.4,1614,36.0,74,7.7999999999999545,58104.0,2664.0,0,0,0
298.6,309.8,1469,42.8,205,11.199999999999989,62873.2,8774.0,1,0,0
302.2,310.7,1769,24.9,91,8.5,44048.1,2265.9,1,0,0
299.3,308.8,1397,45.4,191,9.5,63423.799999999996,8671.4,0,0,0
299.5,310.9,1496,38.5,162,11.399999999999977,57596.0,6237.0,1,0,0
297.1,308.4,1880,23.5,155,11.299999999999955,44180.0,3642.5,0,1,0
300.1,309.3,1448,45.8,163,9.199999999999989,66318.4,7465.4,0,0,0
297.9,309.0,1379,47.3,28,11.100000000000023,65226.7,1324.3999999999999,1,0,0
298.9,310.0,1776,25.7,51,11.100000000000023,45643.2,1310.7,1,0,0
300.7,309.5,1578,35.4,34,8.800000000000011,55861.2,1203.6,1,0,0
301.9,310.4,1610,34.8,71,8.5,56027.99999999999,2470.7999999999997,1,0,0
303.3,311.4,1497,46.0,234,8.099999999999966,68862.0,10764.0,1,0,1
298.7,309.9,1541,38.5,208,11.199999999999989,59328.5,8008.0,1,0,0
302.8,310.9,1636,35.0,38,8.099999999999966,57260.0,1330.0,1,0,0
298.5,309.7,1354,60.8,96,11.199999999999989,82323.2,5836.799999999999,0,1,0
299.4,309.1,1207,66.5,66,9.700000000000045,80265.5,4389.0,1,0,0
299.0,309.0,1419,45.2,27,10.0,64138.8,1220.4,0,1,0
300.6,309.4,1556,36.0,98,8.799999999999955,56016.0,3528.0,1,0,0
296.7,307.4,1533,32.5,182,10.699999999999989,49822.5,5915.0,0,1,0
296.9,307.7,1424,43.3,120,10.800000000000011,61659.2,5196.0,1,0,0
296.7,307.6,1540,38.6,53,10.900000000000034,59444.0,2045.8000000000002,1,0,0
299.2,309.1,1468,45.6,2,9.900000000000034,66940.8,91.2,1,0,0
297.4,308.8,1529,41.3,165,11.400000000000034,63147.7,6814.499999999999,1,0,0
300.6,309.8,1913,22.5,157,9.199999999999989,43042.5,3532.5,0,0,0
299.6,309.1,2266,15.3,79,9.5,34669.8,1208.7,1,0,0
300.0,311.5,1455,41.7,130,11.5,60673.50000000001,5421.0,1,0,0
298.3,309.1,1616,31.1,195,10.800000000000011,50257.600000000006,6064.5,1,0,0
298.1,307.9,1569,37.0,29,9.799999999999955,58053.0,1073.0,0,1,0
302.7,311.7,1759,29.9,5,9.0,52594.1,149.5,0,1,0
300.9,311.1,1471,39.3,91,10.200000000000045,57810.299999999996,3576.2999999999997,1,0,0
296.6,307.4,1333,50.2,177,10.799999999999955,66916.6,8885.4,0,0,0
300.9,312.0,1441,43.8,210,11.100000000000023,63115.799999999996,9198.0,1,0,0
301.6,310.4,1452,45.7,164,8.799999999999955,66356.40000000001,7494.8,0,1,0
297.3,308.1,1477,52.3,2,10.800000000000011,77247.09999999999,104.6,0,0,0
303.7,312.4,1642,32.3,206,8.699999999999989,53036.6,6653.799999999999,0,1,0
299.8,309.4,1510,42.5,146,9.599999999999966,64175.0,6205.0,1,0,0
298.3,308.3,1444,43.8,176,10.0,63247.2,7708.799999999999,1,0,0
301.7,311.3,1421,45.9,85,9.600000000000023,65223.9,3901.5,1,0,0
297.4,308.1,1734,27.7,70,10.700000000000045,48031.799999999996,1939.0,0,1,0
302.8,311.1,1721,30.0,87,8.300000000000011,51630.0,2610.0,1,0,0
298.1,307.9,1496,40.0,0,9.799999999999955,59840.0,0.0,0,1,0
300.7,310.8,2113,18.5,95,10.100000000000023,39090.5,1757.5,1,0,0
302.3,311.8,1605,35.2,152,9.5,56496.00000000001,5350.400000000001,1,0,0
301.4,310.8,1490,38.0,168,9.400000000000034,56620.0,6384.0,1,0,0
303.6,312.5,1345,54.1,126,8.899999999999977,72764.5,6816.6,1,0,0
299.9,310.0,1447,45.9,162,10.100000000000023,66417.3,7435.8,1,0,0
297.5,308.3,1521,38.2,74,10.800000000000011,58102.200000000004,2826.8,0,1,0
300.2,311.4,1425,44.2,84,11.199999999999989,62985.00000000001,3712.8,1,0,0
300.0,309.6,1694,28.7,94,9.600000000000023,48617.799999999996,2697.7999999999997,1,0,0
300.6,310.2,1532,38.7,16,9.599999999999966,59288.4,619.2,0,1,0
302.1,311.2,1519,39.3,155,9.099999999999966,59696.7,6091.5,1,0,0
297.1,308.4,1432,53.4,199,11.299999999999955,76468.8,10626.6,0,1,0
301.8,310.8,1470,37.6,204,9.0,55272.0,7670.400000000001,0,0,0
301.9,310.9,1456,43.6,45,9.0,63481.6,1962.0,0,1,0
297.5,308.9,1427,50.4,17,11.399999999999977,71920.8,856.8,1,0,0
299.8,310.8,1409,51.9,154,11.0,73127.09999999999,7992.599999999999,1,0,0
298.3,308.5,1629,37.1,170,10.199999999999989,60435.9,6307.0,0,1,0
297.9,309.1,1442,50.3,24,11.200000000000045,72532.59999999999,1207.1999999999998,1,0,0
298.7,309.8,1469,38.4,62,11.100000000000023,56409.6,2380.7999999999997,1,0,0
298.8,308.7,1445,48.5,70,9.899999999999977,70082.5,3395.0,1,0,0
297.7,308.5,1501,41.4,201,10.800000000000011,62141.4,8321.4,1,0,0
301.5,310.6,1587,33.7,122,9.100000000000023,53481.9,4111.400000000001,1,0,0
299.3,309.1,1496,37.2,149,9.800000000000011,55651.200000000004,5542.8,1,0,0
301.3,310.6,1387,53.6,94,9.300000000000011,74343.2,5038.400000000001,1,0,0
301.7,310.9,1300,62.7,36,9.199999999999989,81510.0,2257.2000000000003,0,1,0
301.8,310.3,1666,32.7,19,8.5,54478.200000000004,621.3000000000001,0,1,0
302.2,311.7,1653,31.4,2,9.5,51904.2,62.8,0,1,0
299.5,308.6,1672,30.5,177,9.100000000000023,50996.0,5398.5,1,0,0
297.7,309.7,1498,41.0,176,12.0,61418.0,7216.0,1,0,0
296.9,308.1,1422,48.7,215,11.200000000000045,69251.40000000001,10470.5,1,0,0
302.2,311.2,1692,28.2,122,9.0,47714.4,3440.4,0,0,0
300.5,311.6,1525,37.6,191,11.100000000000023,57340.0,7181.6,1,0,0
300.2,311.4,1568,41.0,32,11.199999999999989,64288.0,1312.0,1,0,0
301.3,310.6,1458,48.0,104,9.300000000000011,69984.0,4992.0,1,0,0
299.9,310.1,1681,29.1,197,10.200000000000045,48917.100000000006,5732.700000000001,1,0,0
299.1,310.4,1505,46.1,176,11.299999999999955,69380.5,8113.6,1,0,0
300.2,310.1,1392,47.9,201,9.900000000000034,66676.8,9627.9,1,0,0
302.4,312.0,1621,32.5,169,9.600000000000023,52682.5,5492.5,1,0,0
299.0,310.4,1365,49.1,226,11.399999999999977,67021.5,11096.6,1,0,1
300.4,311.7,1513,40.0,51,11.300000000000011,60520.0,2040.0,1,0,0
298.5,309.5,1579,38.6,126,11.0,60949.4,4863.6,1,0,0
301.8,310.6,1295,62.3,91,8.800000000000011,80678.5,5669.3,1,0,0
301.0,310.4,1517,46.1,145,9.399999999999977,69933.7,6684.5,0,1,0
300.8,310.8,1564,36.2,31,10.0,56616.8,1122.2,1,0,0
298.8,309.7,1374,58.6,123,10.899999999999977,80516.40000000001,7207.8,1,0,0
300.7,311.9,1335,57.1,194,11.199999999999989,76228.5,11077.4,1,0,1
298.5,308.2,1451,47.5,18,9.699999999999989,68922.5,855.0,1,0,0
300.4,311.6,1815,23.5,49,11.200000000000045,42652.5,1151.5,1,0,0
297.0,308.3,1399,59.0,135,11.300000000000011,82541.0,7965.0,1,0,0
298.8,308.5,1577,33.2,0,9.699999999999989,52356.4,0.0,0,1,0
303.7,312.4,1718,26.5,130,8.699999999999989,45527.0,3445.0,1,0,0
299.0,310.0,1569,34.3,132,11.0,53816.7,4527.599999999999,0,0,0
302.7,310.7,1433,43.7,13,8.0,62622.100000000006,568.1,1,0,0
302.5,312.0,1642,29.1,46,9.5,47782.200000000004,1338.6000000000001,0,1,0
302.9,312.4,1421,46.0,206,9.5,65366.0,9476.0,0,1,0
299.1,310.4,1550,43.9,79,11.299999999999955,68045.0,3468.1,1,0,0
297.4,308.6,1604,32.8,85,11.200000000000045,52611.2,2787.9999999999995,0,1,0
302.5,311.5,1700,29.5,133,9.0,50150.0,3923.5,1,0,0
300.5,310.7,1606,33.5,121,10.199999999999989,53801.0,4053.5,1,0,0
298.3,309.2,1783,28.3,130,10.899999999999977,50458.9,3679.0,0,1,0
298.3,307.9,1420,39.2,176,9.599999999999966,55664.00000000001,6899.200000000001,0,0,0
300.6,310.0,1397,55.2,90,9.399999999999977,77114.40000000001,4968.0,0,1,0
298.1,308.0,1924,20.8,29,9.899999999999977,40019.200000000004,603.2,0,1,0
300.0,311.4,1374,41.9,96,11.399999999999977,57570.6,4022.3999999999996,1,0,0
303.4,311.7,1673,32.2,166,8.300000000000011,53870.600000000006,5345.200000000001,1,0,0
298.8,308.8,1497,46.8,72,10.0,70059.59999999999,3369.6,0,1,0
298.4,308.3,1473,39.9,184,9.900000000000034,58772.7,7341.599999999999,1,0,0
300.7,309.9,1412,45.3,155,9.199999999999989,63963.6,7021.5,1,0,0
297.4,308.9,1708,28.8,174,11.5,49190.4,5011.2,1,0,0
302.6,311.0,1506,37.2,95,8.399999999999977,56023.200000000004,3534.0000000000005,1,0,0
298.9,308.9,1830,24.9,35,10.0,45567.0,871.5,1,0,0
300.5,310.0,1521,45.1,86,9.5,68597.1,3878.6,1,0,0
303.6,312.5,1431,49.0,162,8.899999999999977,70119.0,7938.0,1,0,0
302.2,310.8,1422,47.0,3,8.600000000000023,66834.0,141.0,0,1,0
297.3,308.8,1419,42.4,139,11.5,60165.6,5893.599999999999,0,0,0
300.6,310.6,1419,39.6,3,10.0,56192.4,118.80000000000001,0,0,0
302.2,311.2,1360,52.8,176,9.0,71808.0,9292.8,0,1,0
300.3,311.4,1318,52.7,13,11.099999999999966,69458.6,685.1,1,0,0
300.7,310.5,1476,43.1,134,9.800000000000011,63615.6,5775.400000000001,0,0,0
300.6,310.2,1318,51.0,8,9.599999999999966,67218.0,408.0,1,0,0
297.7,309.0,1433,41.8,16,11.300000000000011,59899.399999999994,668.8,0,1,0
298.0,308.0,1401,54.7,65,10.0,76634.7,3555.5,1,0,0
302.6,310.3,1642,33.2,82,7.699999999999989,54514.4,2722.4,1,0,0
299.9,311.4,1596,28.9,160,11.5,46124.399999999994,4624.0,1,0,0
302.2,311.3,1931,21.9,101,9.100000000000023,42288.899999999994,2211.8999999999996,0,1,0
297.0,308.1,1363,45.3,196,11.100000000000023,61743.899999999994,8878.8,0,1,0
300.0,309.9,1651,28.1,114,9.899999999999977,46393.100000000006,3203.4,0,1,0
296.8,307.8,1627,30.5,117,11.0,49623.5,3568.5,0,0,0
298.7,308.5,1360,52.9,69,9.800000000000011,71944.0,3650.1,0,1,0
298.3,309.1,1296,58.7,201,10.800000000000011,76075.2,11798.7,0,1,0
301.4,310.9,1440,45.4,177,9.5,65376.0,8035.8,1,0,0
302.0,310.5,1651,30.9,146,8.5,51015.899999999994,4511.4,1,0,0
300.4,311.7,1444,51.2,174,11.300000000000011,73932.8,8908.800000000001,1,0,0
297.7,309.6,1697,32.2,210,11.900000000000034,54643.4,6762.000000000001,0,0,0
298.0,309.2,1527,39.5,85,11.199999999999989,60316.5,3357.5,1,0,0
301.7,311.2,1482,43.6,154,9.5,64615.200000000004,6714.400000000001,1,0,0
298.8,308.6,1535,41.2,40,9.800000000000011,63242.00000000001,1648.0,1,0,0
302.9,312.1,1334,54.7,88,9.200000000000045,72969.8,4813.6,1,0,0
297.9,307.6,1515,40.5,118,9.700000000000045,61357.5,4779.0,1,0,0
297.4,309.1,1463,35.0,183,11.700000000000045,51205.0,6405.0,0,1,0
301.6,310.8,1535,35.4,148,9.199999999999989,54339.0,5239.2,1,0,0
303.0,311.3,2194,16.5,148,8.300000000000011,36201.0,2442.0,1,0,0
300.1,310.0,1511,41.7,186,9.899999999999977,63008.700000000004,7756.200000000001,1,0,0
303.8,313.2,1732,29.6,147,9.399999999999977,51267.200000000004,4351.2,0,1,0
302.7,312.0,1652,31.0,81,9.300000000000011,51212.0,2511.0,0,1,0
300.0,309.6,1496,38.8,27,9.600000000000023,58044.799999999996,1047.6,1,0,0
300.0,311.2,1351,44.1,206,11.199999999999989,59579.1,9084.6,1,0,0
301.5,310.4,1629,34.1,151,8.899999999999977,55548.9,5149.1,1,0,0
299.0,309.9,1373,55.7,201,10.899999999999977,76476.1,11195.7,1,0,1
297.3,308.3,1411,43.2,63,11.0,60955.200000000004,2721.6000000000004,1,0,0
302.8,312.4,1392,46.2,70,9.599999999999966,64310.4,3234.0,1,0,0
300.4,311.4,1728,31.7,133,11.0,54777.6,4216.099999999999,1,0,0
296.9,307.8,1425,49.1,163,10.900000000000034,69967.5,8003.3,1,0,0
300.1,311.3,2579,12.5,64,11.199999999999989,32237.5,800.0,1,0,1
300.1,309.4,1453,47.6,28,9.299999999999955,69162.8,1332.8,1,0,0
299.7,309.2,1401,54.1,118,9.5,75794.1,6383.8,1,0,0
299.0,310.3,1437,47.8,99,11.300000000000011,68688.59999999999,4732.2,1,0,0
302.3,311.7,1400,41.6,136,9.399999999999977,58240.0,5657.6,1,0,0
298.1,308.9,1417,39.2,65,10.799999999999955,55546.4,2548.0,0,1,0
300.3,309.6,1468,44.7,179,9.300000000000011,65619.6,8001.3,1,0,0
301.1,310.1,1540,36.6,28,9.0,56364.0,1024.8,1,0,0
297.3,308.5,1764,30.8,148,11.199999999999989,54331.200000000004,4558.400000000001,1,0,0
301.5,310.4,1488,41.1,151,8.899999999999977,61156.8,6206.1,1,0,0
302.7,311.0,1694,29.8,150,8.300000000000011,50481.200000000004,4470.0,1,0,0
300.3,309.2,1364,47.6,45,8.899999999999977,64926.4,2142.0,0,1,0
298.3,307.7,1439,43.8,111,9.399999999999977,63028.2,4861.799999999999,0,1,0
299.3,309.0,1422,47.3,25,9.699999999999989,67260.59999999999,1182.5,1,0,0
300.3,309.2,1807,26.4,169,8.899999999999977,47704.799999999996,4461.599999999999,1,0,0
299.7,311.1,1690,30.6,148,11.400000000000034,51714.0,4528.8,1,0,0
301.0,312.2,1776,28.8,138,11.199999999999989,51148.8,3974.4,1,0,0
301.3,310.8,1372,54.2,49,9.5,74362.40000000001,2655.8,0,1,0
298.0,307.6,1548,45.8,111,9.600000000000023,70898.4,5083.799999999999,1,0,0
300.7,309.5,1467,44.3,55,8.800000000000011,64988.1,2436.5,1,0,0
298.2,309.0,1491,38.3,121,10.800000000000011,57105.299999999996,4634.299999999999,1,0,0
303.6,312.0,1309,52.9,86,8.399999999999977,69246.09999999999,4549.4,1,0,1
297.8,307.4,1902,24.3,129,9.599999999999966,46218.6,3134.7000000000003,0,1,0
301.6,310.9,1643,34.1,44,9.299999999999955,56026.3,1500.4,1,0,0
298.9,310.6,1406,43.8,12,11.700000000000045,61582.799999999996,525.5999999999999,1,0,0
300.6,309.8,1502,42.4,133,9.199999999999989,63684.799999999996,5639.2,1,0,0
298.7,308.6,1722,24.7,64,9.900000000000034,42533.4,1580.8,0,1,0
298.1,309.0,1559,34.0,54,10.899999999999977,53006.0,1836.0,1,0,0
297.4,308.4,1675,29.5,59,11.0,49412.5,1740.5,0,1,0
299.7,311.1,1353,47.1,143,11.400000000000034,63726.3,6735.3,0,0,0
299.0,310.1,2033,19.3,15,11.100000000000023,39236.9,289.5,1,0,0
296.8,307.8,1573,36.4,126,11.0,57257.2,4586.4,1,0,0
299.4,309.1,1417,47.3,59,9.700000000000045,67024.09999999999,2790.7,0,1,0
298.1,308.8,1434,41.8,93,10.699999999999989,59941.2,3887.3999999999996,0,1,0
301.7,311.0,1527,42.2,144,9.300000000000011,64439.4,6076.8,1,0,0
297.6,308.4,1460,40.3,195,10.799999999999955,58837.99999999999,7858.499999999999,1,0,0
295.6,306.0,1569,40.4,174,10.399999999999977,63387.6,7029.599999999999,1,0,0
299.2,308.5,1342,47.5,147,9.300000000000011,63745.0,6982.5,0,0,0
302.4,311.8,1493,38.4,132,9.400000000000034,57331.2,5068.8,1,0,0
299.9,309.5,1547,38.5,148,9.600000000000023,59559.5,5698.0,0,0,0
304.0,313.3,1294,54.6,102,9.300000000000011,70652.40000000001,5569.2,1,0,0
298.3,309.1,1472,40.1,31,10.800000000000011,59027.200000000004,1243.1000000000001,1,0,0
299.8,309.7,1368,47.4,148,9.899999999999977,64843.2,7015.2,0,0,0
297.1,308.4,1583,38.2,150,11.299999999999955,60470.600000000006,5730.0,0,1,0
301.0,312.0,1447,36.8,31,11.0,53249.6,1140.8,1,0,0
301.9,310.8,1540,37.6,83,8.900000000000034,57904.0,3120.8,1,0,0
299.3,308.5,1496,39.4,80,9.199999999999989,58942.4,3152.0,0,1,0
301.5,310.8,1413,44.6,166,9.300000000000011,63019.8,7403.6,1,0,0
299.7,309.3,1574,35.8,6,9.600000000000023,56349.2,214.79999999999998,1,0,0
300.1,309.4,1694,27.4,44,9.299999999999955,46415.6,1205.6,1,0,0
298.8,308.6,1730,25.9,59,9.800000000000011,44807.0,1528.1,1,0,0
302.3,311.0,1521,34.8,72,8.699999999999989,52930.799999999996,2505.6,0,1,0
301.7,310.7,1605,33.3,220,9.0,53446.49999999999,7325.999999999999,1,0,0
296.7,307.8,1537,36.3,233,11.100000000000023,55793.1,8457.9,0,1,0
297.6,308.5,1443,38.2,85,10.899999999999977,55122.600000000006,3247.0000000000005,0,1,0
300.2,311.4,1463,37.5,145,11.199999999999989,54862.5,5437.5,1,0,0
297.4,308.7,1425,50.3,152,11.300000000000011,71677.5,7645.599999999999,0,1,0
297.9,307.7,1353,50.7,13,9.800000000000011,68597.1,659.1,1,0,0
302.3,311.3,1614,34.1,129,9.0,55037.4,4398.900000000001,1,0,0
302.5,311.9,1595,34.6,112,9.399999999999977,55187.0,3875.2000000000003,0,0,0
299.1,308.8,1502,46.7,197,9.699999999999989,70143.40000000001,9199.900000000001,1,0,0
298.2,307.9,1551,34.1,190,9.699999999999989,52889.100000000006,6479.0,1,0,0
303.8,313.0,1633,32.9,207,9.199999999999989,53725.7,6810.299999999999,1,0,0
300.9,310.7,1656,30.7,200,9.800000000000011,50839.2,6140.0,0,0,0
301.4,310.4,1543,40.9,190,9.0,63108.7,7771.0,1,0,0
300.0,309.6,1452,46.0,51,9.600000000000023,66792.0,2346.0,1,0,0
301.4,310.4,1334,43.2,133,9.0,57628.8,5745.6,1,0,0
295.7,306.2,1739,25.9,94,10.5,45040.1,2434.6,0,1,0
297.3,308.6,1586,37.7,155,11.300000000000011,59792.200000000004,5843.5,1,0,0
301.6,310.4,1330,49.5,30,8.799999999999955,65835.0,1485.0,0,0,0
301.4,310.7,1706,27.9,170,9.300000000000011,47597.399999999994,4743.0,1,0,0
300.7,311.9,1485,38.8,9,11.199999999999989,57617.99999999999,349.2,1,0,0
298.6,309.2,2035,19.6,40,10.599999999999966,39886.0,784.0,1,0,0
298.2,307.9,1529,36.6,105,9.699999999999989,55961.4,3843.0,0,1,0
299.7,309.2,1620,30.0,168,9.5,48600.0,5040.0,1,0,0
301.7,310.5,1523,34.7,181,8.800000000000011,52848.100000000006,6280.700000000001,1,0,0
298.3,308.1,1840,21.5,88,9.800000000000011,39560.0,1892.0,1,0,0
298.1,309.1,1572,37.5,126,11.0,58950.0,4725.0,0,1,0
301.7,310.6,1471,43.8,80,8.900000000000034,64429.799999999996,3504.0,1,0,0
299.4,308.7,1289,60.5,104,9.300000000000011,77984.5,6292.0,0,1,0
297.4,308.3,1723,28.8,33,10.900000000000034,49622.4,950.4,1,0,0
300.7,310.9,1356,65.3,66,10.199999999999989,88546.8,4309.8,1,0,1
301.3,311.0,1341,59.3,134,9.699999999999989,79521.3,7946.2,0,0,0
300.1,309.2,1533,37.0,101,9.099999999999966,56721.0,3737.0,1,0,0
303.4,311.8,1401,53.0,208,8.400000000000034,74253.0,11024.0,1,0,1
297.3,308.5,1497,47.5,27,11.199999999999989,71107.5,1282.5,1,0,0
297.5,308.7,1429,44.3,201,11.199999999999989,63304.7,8904.3,1,0,0
300.4,309.6,1379,54.5,122,9.200000000000045,75155.5,6649.0,1,0,0
301.4,310.3,2203,16.6,169,8.900000000000034,36569.8,2805.4,1,0,0
300.1,310.1,1402,46.6,10,10.0,65333.200000000004,466.0,0,1,0
297.7,309.3,1893,24.6,15,11.600000000000023,46567.8,369.0,1,0,0
298.5,309.5,1428,43.5,87,11.0,62118.0,3784.5,1,0,0
300.8,311.0,1580,36.6,109,10.199999999999989,57828.0,3989.4,0,1,0
298.1,307.9,1698,33.3,40,9.799999999999955,56543.399999999994,1332.0,1,0,0
298.2,308.3,2057,18.0,168,10.100000000000023,37026.0,3024.0,1,0,0
296.5,307.6,1415,44.2,106,11.100000000000023,62543.00000000001,4685.200000000001,1,0,0
300.7,312.2,1590,38.5,148,11.5,61215.0,5698.0,1,0,0
297.3,308.1,1642,36.9,206,10.800000000000011,60589.799999999996,7601.4,1,0,0
303.4,311.9,1434,44.6,78,8.5,63956.4,3478.8,1,0,0
296.8,308.0,1536,40.4,217,11.199999999999989,62054.399999999994,8766.8,1,0,0
298.9,308.5,1555,37.6,142,9.600000000000023,58468.0,5339.2,0,1,0
299.3,309.0,1415,47.6,156,9.699999999999989,67354.0,7425.6,1,0,0
299.9,309.2,1624,34.6,105,9.300000000000011,56190.4,3633.0,1,0,0
300.0,311.4,1476,39.0,92,11.399999999999977,57564.0,3588.0,1,0,0
298.5,309.3,1465,42.4,173,10.800000000000011,62116.0,7335.2,0,1,0
297.6,308.6,1444,48.2,46,11.0,69600.8,2217.2000000000003,0,1,0
300.5,310.0,1580,37.0,181,9.5,58460.0,6697.0,0,1,0
301.5,310.9,1365,46.5,172,9.399999999999977,63472.5,7998.0,1,0,0
302.6,311.0,1520,42.8,148,8.399999999999977,65055.99999999999,6334.4,1,0,0
302.2,311.5,1744,31.2,172,9.300000000000011,54412.799999999996,5366.4,1,0,0
297.1,307.8,1538,34.3,181,10.699999999999989,52753.399999999994,6208.299999999999,0,1,0
297.5,308.0,1429,45.8,148,10.5,65448.2,6778.4,0,1,0
298.7,309.5,1673,30.8,141,10.800000000000011,51528.4,4342.8,1,0,0
300.5,309.8,1367,54.0,129,9.300000000000011,73818.0,6966.0,1,0,0
303.9,313.0,1517,36.0,142,9.100000000000023,54612.0,5112.0,0,0,0
297.4,308.4,1426,50.4,70,11.0,71870.4,3528.0,1,0,0
300.5,309.7,1395,61.0,157,9.199999999999989,85095.0,9577.0,1,0,0
297.1,308.2,1527,42.2,199,11.099999999999966,64439.4,8397.800000000001,0,0,0
301.1,311.1,1711,29.1,170,10.0,49790.100000000006,4947.0,1,0,0
299.1,309.0,1450,43.0,40,9.899999999999977,62350.0,1720.0,1,0,0
301.8,310.6,1451,50.7,108,8.800000000000011,73565.7,5475.6,1,0,0
300.7,311.8,1420,47.0,119,11.100000000000023,66740.0,5593.0,1,0,0
299.9,310.4,1470,50.0,148,10.5,73500.0,7400.0,1,0,0
298.7,309.7,1601,35.7,176,11.0,57155.700000000004,6283.200000000001,1,0,0
299.4,309.1,1440,50.0,134,9.700000000000045,72000.0,6700.0,0,1,0
298.7,309.1,1607,32.7,2,10.400000000000034,52548.9,65.4,1,0,0
298.2,308.0,1538,38.2,59,9.800000000000011,58751.600000000006,2253.8,1,0,0
297.0,308.1,1362,52.5,213,11.100000000000023,71505.0,11182.5,1,0,1
300.8,309.4,1474,40.7,104,8.599999999999966,59991.8,4232.8,0,0,0
303.6,312.7,1403,46.2,57,9.099999999999966,64818.600000000006,2633.4,0,0,0
299.1,310.4,1452,39.7,151,11.299999999999955,57644.4,5994.700000000001,1,0,0
297.8,307.5,1388,40.0,159,9.699999999999989,55520.0,6360.0,1,0,0
298.9,310.0,1794,27.2,114,11.100000000000023,48796.799999999996,3100.7999999999997,1,0,0
299.7,309.2,1411,46.1,173,9.5,65047.1,7975.3,1,0,0
296.3,307.2,1637,31.6,27,10.899999999999977,51729.200000000004,853.2,1,0,0
302.2,311.8,1330,62.4,31,9.600000000000023,82992.0,1934.3999999999999,0,0,0
298.3,308.4,1484,43.4,172,10.099999999999966,64405.6,7464.8,1,0,0
297.2,307.9,1687,30.4,82,10.699999999999989,51284.799999999996,2492.7999999999997,0,1,0
297.6,308.4,1507,46.0,51,10.799999999999955,69322.0,2346.0,0,1,0
299.1,308.9,1686,29.6,108,9.799999999999955,49905.600000000006,3196.8,1,0,0
299.1,310.0,1367,56.3,203,10.899999999999977,76962.09999999999,11428.9,1,0,1
300.7,311.6,1348,62.5,36,10.900000000000034,84250.0,2250.0,0,1,0
298.1,307.8,1606,33.0,130,9.699999999999989,52998.0,4290.0,1,0,0
299.4,310.8,1424,47.7,109,11.400000000000034,67924.8,5199.3,1,0,0
299.8,310.3,1524,34.2,196,10.5,52120.8,6703.200000000001,1,0,0
303.9,313.1,1483,47.2,71,9.200000000000045,69997.6,3351.2000000000003,0,1,0
295.8,306.5,1358,49.2,63,10.699999999999989,66813.6,3099.6000000000004,1,0,0
299.3,309.0,1516,38.7,64,9.699999999999989,58669.200000000004,2476.8,1,0,0
300.4,311.2,1831,23.4,133,10.800000000000011,42845.399999999994,3112.2,0,1,0
299.4,309.2,1564,39.0,26,9.800000000000011,60996.0,1014.0,1,0,0
299.9,309.3,1620,31.1,196,9.400000000000034,50382.0,6095.6,1,0,0
297.9,309.8,2000,21.3,29,11.900000000000034,42600.0,617.7,1,0,0
300.1,311.2,1452,42.4,190,11.099999999999966,61564.799999999996,8056.0,0,1,0
302.3,310.1,1653,29.7,34,7.800000000000011,49094.1,1009.8,1,0,0
300.7,309.7,1435,44.7,76,9.0,64144.50000000001,3397.2000000000003,0,1,0
298.7,309.7,1697,29.8,74,11.0,50570.6,2205.2000000000003,0,0,0
297.4,309.4,1466,45.5,53,12.0,66703.0,2411.5,1,0,0
302.1,310.6,1421,52.0,95,8.5,73892.0,4940.0,0,1,0
299.2,308.4,1434,46.8,2,9.199999999999989,67111.2,93.6,1,0,0
301.3,311.0,1856,21.9,189,9.699999999999989,40646.399999999994,4139.099999999999,1,0,0
302.7,312.1,1601,35.2,31,9.400000000000034,56355.200000000004,1091.2,1,0,0
297.4,309.0,1568,33.7,175,11.600000000000023,52841.600000000006,5897.500000000001,1,0,0
298.0,307.6,1683,32.8,122,9.600000000000023,55202.399999999994,4001.5999999999995,1,0,0
297.3,308.6,1376,53.5,112,11.300000000000011,73616.0,5992.0,0,0,0
300.6,311.7,1432,39.2,2,11.099999999999966,56134.4,78.4,1,0,0
302.6,312.0,1674,32.2,70,9.399999999999977,53902.8,2254.0,1,0,0
301.3,310.0,1506,40.8,11,8.699999999999989,61444.799999999996,448.79999999999995,1,0,0
297.1,308.2,1399,42.6,194,11.099999999999966,59597.4,8264.4,1,0,0
303.9,313.3,1394,51.6,121,9.400000000000034,71930.40000000001,6243.6,1,0,0
298.0,308.1,1587,32.3,30,10.100000000000023,51260.1,968.9999999999999,0,1,0
297.4,308.8,1573,33.9,123,11.400000000000034,53324.7,4169.7,0,1,0
302.0,310.4,1828,26.3,82,8.399999999999977,48076.4,2156.6,0,1,0
298.4,309.2,1414,46.4,128,10.800000000000011,65609.59999999999,5939.2,0,1,0
297.7,309.6,1596,35.2,173,11.900000000000034,56179.200000000004,6089.6,0,1,0
298.4,308.2,1584,41.0,191,9.800000000000011,64944.0,7831.0,0,1,0
302.8,312.3,1473,42.6,232,9.5,62749.8,9883.2,1,0,0
300.4,311.4,1427,50.7,122,11.0,72348.90000000001,6185.400000000001,0,0,0
299.9,311.4,1480,44.9,108,11.5,66452.0,4849.2,0,1,0
298.0,307.8,1622,33.3,121,9.800000000000011,54012.6,4029.2999999999997,1,0,0
301.7,311.0,1585,35.9,185,9.300000000000011,56901.5,6641.5,1,0,0
297.9,307.7,1517,44.4,67,9.800000000000011,67354.8,2974.7999999999997,1,0,0
299.0,309.0,1575,35.3,47,10.0,55597.49999999999,1659.1,0,1,0
302.3,311.8,1463,35.7,197,9.5,52229.100000000006,7032.900000000001,0,1,0
299.6,310.2,1333,51.2,40,10.599999999999966,68249.6,2048.0,1,0,0
300.4,311.6,1715,30.8,203,11.200000000000045,52822.0,6252.400000000001,0,0,0
302.4,310.7,1521,40.4,152,8.300000000000011,61448.4,6140.8,0,1,0
297.5,308.9,1729,28.1,189,11.399999999999977,48584.9,5310.900000000001,1,0,0
300.6,310.9,1344,46.7,133,10.299999999999955,62764.8,6211.1,1,0,0
300.2,311.7,1553,41.3,44,11.5,64138.899999999994,1817.1999999999998,1,0,0
300.2,311.6,1540,37.7,71,11.400000000000034,58058.00000000001,2676.7000000000003,1,0,0
301.3,311.4,1838,23.2,215,10.099999999999966,42641.6,4988.0,0,1,0
299.6,309.0,1378,51.9,162,9.399999999999977,71518.2,8407.8,1,0,0
302.4,310.5,1500,36.7,164,8.100000000000023,55050.00000000001,6018.8,0,1,0
299.6,309.0,1736,26.1,146,9.399999999999977,45309.600000000006,3810.6000000000004,0,1,0
299.9,309.2,1436,52.0,107,9.300000000000011,74672.0,5564.0,1,0,0
297.4,308.1,1749,25.9,8,10.700000000000045,45299.1,207.2,1,0,0
301.7,310.7,1627,31.3,78,9.0,50925.1,2441.4,0,1,0
302.3,311.2,1903,22.9,55,8.899999999999977,43578.7,1259.5,1,0,0
298.2,309.1,1568,36.3,166,10.900000000000034,56918.399999999994,6025.799999999999,1,0,0
297.9,308.6,1691,29.6,116,10.700000000000045,50053.600000000006,3433.6000000000004,1,0,0
304.2,313.4,1411,54.8,44,9.199999999999989,77322.8,2411.2,0,1,0
300.6,311.7,1507,45.5,74,11.099999999999966,68568.5,3367.0,1,0,0
300.9,312.0,1533,44.0,162,11.100000000000023,67452.0,7128.0,1,0,0
300.4,311.4,1424,44.6,127,11.0,63510.4,5664.2,1,0,0
299.2,308.4,1667,29.0,199,9.199999999999989,48343.0,5771.0,1,0,0
300.3,309.6,1404,44.6,87,9.300000000000011,62618.4,3880.2000000000003,1,0,0
298.5,309.8,1468,40.9,157,11.300000000000011,60041.2,6421.3,1,0,0
301.8,310.9,1299,60.4,48,9.099999999999966,78459.59999999999,2899.2,0,1,0
303.7,312.4,1512,39.2,184,8.699999999999989,59270.4,7212.8,1,0,0
297.4,308.4,1369,50.6,220,11.0,69271.40000000001,11132.0,1,0,1
296.2,307.2,1168,63.4,172,11.0,74051.2,10904.8,0,1,0
301.5,310.6,1381,50.7,206,9.100000000000023,70016.7,10444.2,1,0,0
298.5,307.9,1640,33.1,146,9.399999999999977,54284.0,4832.6,0,1,0
300.6,310.7,1750,30.6,171,10.099999999999966,53550.0,5232.6,1,0,0
300.9,311.3,1295,58.9,77,10.400000000000034,76275.5,4535.3,0,0,0
301.8,310.6,1459,40.2,128,8.800000000000011,58651.8,5145.6,0,1,0
302.5,311.6,1419,43.7,39,9.100000000000023,62010.3,1704.3000000000002,1,0,0
301.9,310.8,1563,39.2,39,8.900000000000034,61269.600000000006,1528.8000000000002,0,1,0
300.2,309.4,1459,43.9,39,9.199999999999989,64050.1,1712.1,0,1,0
298.1,307.9,1425,58.2,57,9.799999999999955,82935.0,3317.4,1,0,0
300.9,312.0,1447,41.4,193,11.100000000000023,59905.799999999996,7990.2,0,1,0
298.1,308.8,1432,43.4,68,10.699999999999989,62148.799999999996,2951.2,1,0,0
300.7,310.7,1431,39.3,22,10.0,56238.299999999996,864.5999999999999,1,0,0
297.9,307.5,1647,30.8,212,9.600000000000023,50727.6,6529.6,0,1,0
297.5,308.5,1393,46.6,56,11.0,64913.8,2609.6,0,0,0
301.3,309.9,1565,36.0,213,8.599999999999966,56340.0,7668.0,0,1,0
300.4,311.6,1200,76.6,3,11.200000000000045,91920.0,229.79999999999998,1,0,1
300.9,310.6,1598,35.4,186,9.700000000000045,56569.2,6584.4,1,0,0
301.9,310.4,1603,37.6,69,8.5,60272.8,2594.4,1,0,0
303.4,312.2,1656,32.7,195,8.800000000000011,54151.200000000004,6376.500000000001,1,0,0
301.9,310.8,1427,47.7,92,8.900000000000034,68067.90000000001,4388.400000000001,1,0,0
299.6,310.2,1627,36.6,17,10.599999999999966,59548.200000000004,622.2,1,0,0
298.3,308.5,1416,52.7,151,10.199999999999989,74623.2,7957.700000000001,1,0,0
304.0,313.0,1377,56.0,61,9.0,77112.0,3416.0,0,1,0
298.4,309.3,1545,36.9,3,10.900000000000034,57010.5,110.69999999999999,1,0,0
302.6,310.2,2676,10.8,84,7.599999999999966,28900.800000000003,907.2,0,1,1
303.8,313.1,2497,13.0,5,9.300000000000011,32461.0,65.0,1,0,1
299.1,309.5,1512,39.0,75,10.399999999999977,58968.0,2925.0,1,0,0
301.1,311.3,1622,35.6,34,10.199999999999989,57743.200000000004,1210.4,1,0,0
298.3,309.1,1386,45.3,212,10.800000000000011,62785.799999999996,9603.599999999999,1,0,0
298.7,309.3,1402,45.3,190,10.600000000000023,63510.6,8607.0,0,0,0
297.4,308.6,1678,32.3,180,11.200000000000045,54199.399999999994,5813.999999999999,1,0,0
298.1,307.9,1614,35.8,196,9.799999999999955,57781.2,7016.799999999999,1,0,0
297.9,308.1,1531,40.8,2,10.200000000000045,62464.799999999996,81.6,1,0,0
296.7,307.8,1646,34.6,238,11.100000000000023,56951.600000000006,8234.800000000001,1,0,0
300.9,311.0,2235,15.8,156,10.100000000000023,35313.0,2464.8,1,0,0
299.6,309.0,1413,48.5,153,9.399999999999977,68530.5,7420.5,1,0,0
299.8,311.1,1300,64.2,165,11.300000000000011,83460.0,10593.0,1,0,0
297.9,308.6,2262,15.7,125,10.700000000000045,35513.4,1962.5,1,0,0
303.1,312.8,1465,44.1,109,9.699999999999989,64606.5,4806.900000000001,1,0,0
300.4,309.7,1547,38.0,181,9.300000000000011,58786.0,6878.0,0,1,0
300.8,310.8,1486,45.7,146,10.0,67910.2,6672.200000000001,1,0,0
298.1,308.2,1736,26.8,27,10.099999999999966,46524.8,723.6,0,1,0
298.6,309.5,1420,50.4,82,10.899999999999977,71568.0,4132.8,0,0,0
297.1,308.0,1467,42.8,169,10.899999999999977,62787.6,7233.2,1,0,0
297.5,308.9,1280,48.5,19,11.399999999999977,62080.0,921.5,0,1,0
302.6,312.2,1520,43.0,208,9.599999999999966,65360.0,8944.0,1,0,0
300.2,311.6,1827,27.0,22,11.400000000000034,49329.0,594.0,1,0,0
297.4,309.4,1401,45.9,49,12.0,64305.9,2249.1,1,0,0
301.2,312.3,1548,38.3,87,11.100000000000023,59288.399999999994,3332.1,0,1,0
300.7,309.9,1383,44.5,176,9.199999999999989,61543.5,7832.0,1,0,0
300.6,312.0,1481,40.9,132,11.399999999999977,60572.9,5398.8,1,0,0
298.5,308.7,1615,33.3,41,10.199999999999989,53779.49999999999,1365.3,0,1,0
296.7,307.5,1607,33.6,38,10.800000000000011,53995.200000000004,1276.8,0,0,0
300.0,309.5,1925,21.9,9,9.5,42157.5,197.1,1,0,0
300.0,309.6,1514,44.6,98,9.600000000000023,67524.40000000001,4370.8,1,0,0
298.8,309.2,1425,53.9,135,10.399999999999977,76807.5,7276.5,0,0,0
298.2,309.1,1411,45.8,157,10.900000000000034,64623.799999999996,7190.599999999999,0,1,0
298.9,310.1,1491,45.3,133,11.200000000000045,67542.3,6024.9,0,0,0
301.5,310.5,1534,39.3,119,9.0,60286.2,4676.7,1,0,0
297.7,308.5,1720,29.9,210,10.800000000000011,51428.0,6279.0,0,0,0
302.0,310.5,1381,58.4,201,8.5,80650.4,11738.4,0,1,0
300.9,312.1,1617,31.0,148,11.200000000000045,50127.0,4588.0,0,1,0
302.2,311.2,1873,24.0,99,9.0,44952.0,2376.0,0,1,0
300.0,311.4,1533,42.6,180,11.399999999999977,65305.8,7668.0,0,1,0
300.7,312.1,1512,36.9,153,11.400000000000034,55792.799999999996,5645.7,1,0,0
300.9,310.7,1392,44.2,97,9.800000000000011,61526.4,4287.400000000001,1,0,0
298.2,308.2,1436,50.2,43,10.0,72087.2,2158.6,1,0,0
298.5,308.8,1670,29.6,13,10.300000000000011,49432.0,384.8,1,0,0
296.9,307.8,1571,35.0,102,10.900000000000034,54985.0,3570.0,1,0,0
298.7,309.9,1621,34.1,130,11.199999999999989,55276.100000000006,4433.0,1,0,0
300.3,311.5,1548,32.2,25,11.199999999999989,49845.600000000006,805.0000000000001,1,0,0
297.3,308.6,1505,33.5,14,11.300000000000011,50417.5,469.0,1,0,0
300.5,309.4,1642,36.2,103,8.899999999999977,59440.4,3728.6000000000004,0,0,0
301.6,311.1,1680,29.2,111,9.5,49056.0,3241.2,1,0,0
300.4,310.8,1491,35.9,148,10.400000000000034,53526.9,5313.2,0,1,0
301.7,310.9,1608,33.0,160,9.199999999999989,53064.0,5280.0,1,0,0
303.6,313.0,1575,38.3,54,9.399999999999977,60322.49999999999,2068.2,1,0,0
297.5,309.3,1470,38.8,197,11.800000000000011,57035.99999999999,7643.599999999999,1,0,0
301.3,310.0,1344,54.8,186,8.699999999999989,73651.2,10192.8,1,0,0
295.7,306.1,1343,54.4,119,10.400000000000034,73059.2,6473.599999999999,1,0,0
300.5,309.8,1550,37.4,148,9.300000000000011,57970.0,5535.2,1,0,0
301.8,311.1,1495,36.9,197,9.300000000000011,55165.5,7269.299999999999,1,0,0
297.6,308.5,1574,37.1,121,10.899999999999977,58395.4,4489.1,1,0,0
298.3,308.9,1379,54.7,91,10.599999999999966,75431.3,4977.7,1,0,0
300.7,309.8,1406,48.4,151,9.100000000000023,68050.4,7308.4,1,0,0
299.5,310.0,1379,50.4,85,10.5,69501.59999999999,4284.0,1,0,0
303.0,311.2,1361,47.6,106,8.199999999999989,64783.6,5045.6,1,0,1
299.2,310.3,1440,47.0,21,11.100000000000023,67680.0,987.0,1,0,0
297.3,308.3,1697,27.4,121,11.0,46497.799999999996,3315.3999999999996,0,1,0
303.4,311.8,2133,18.3,207,8.400000000000034,39033.9,3788.1000000000004,0,1,0
301.5,310.7,1323,49.7,79,9.199999999999989,65753.1,3926.3,1,0,0
295.8,306.6,1644,35.2,115,10.800000000000011,57868.8,4048.0000000000005,1,0,0
302.0,311.0,1550,35.2,184,9.0,54560.00000000001,6476.8,1,0,0
302.7,312.1,1478,36.0,191,9.400000000000034,53208.0,6876.0,0,0,0
300.3,311.7,1317,56.5,7,11.399999999999977,74410.5,395.5,1,0,0
298.4,308.2,1364,45.9,63,9.800000000000011,62607.6,2891.7,1,0,0
302.2,311.3,1749,29.2,5,9.100000000000023,51070.799999999996,146.0,0,0,0
300.4,310.0,1560,42.3,186,9.600000000000023,65988.0,7867.799999999999,0,1,0
302.4,311.1,1480,45.7,200,8.700000000000045,67636.0,9140.0,0,1,0
300.5,309.7,1841,24.6,143,9.199999999999989,45288.600000000006,3517.8,1,0,0
300.3,309.5,1665,31.4,32,9.199999999999989,52281.0,1004.8,0,1,0
299.3,309.1,1293,53.7,189,9.800000000000011,69434.1,10149.300000000001,1,0,0
302.2,311.5,1562,38.0,162,9.300000000000011,59356.0,6156.0,0,1,0
299.0,308.7,1500,40.2,30,9.699999999999989,60300.00000000001,1206.0,0,1,0
300.6,310.0,1658,34.7,88,9.399999999999977,57532.600000000006,3053.6000000000004,1,0,0
300.7,309.7,1523,38.2,73,9.0,58178.600000000006,2788.6000000000004,0,1,0
300.2,311.5,1426,44.3,73,11.300000000000011,63171.799999999996,3233.8999999999996,0,0,0
299.7,310.5,1492,39.3,131,10.800000000000011,58635.6,5148.299999999999,0,1,0
297.9,309.1,1488,37.3,30,11.200000000000045,55502.399999999994,1119.0,0,1,0
297.9,308.4,1646,40.6,175,10.5,66827.6,7105.0,1,0,0
299.2,308.4,1711,28.9,197,9.199999999999989,49447.899999999994,5693.299999999999,1,0,0
302.5,310.4,1415,48.2,117,7.899999999999977,68203.0,5639.400000000001,1,0,0
303.4,311.7,1690,34.9,189,8.300000000000011,58981.0,6596.099999999999,0,1,0
300.2,311.7,1640,30.8,191,11.5,50512.0,5882.8,1,0,0
303.8,312.7,1664,29.3,178,8.899999999999977,48755.200000000004,5215.400000000001,1,0,0
298.0,308.0,1524,37.0,49,10.0,56388.0,1813.0,1,0,0
300.9,310.5,1512,41.2,49,9.600000000000023,62294.4,2018.8000000000002,0,0,0
300.2,309.5,1539,35.3,80,9.300000000000011,54326.7,2824.0,1,0,0
302.2,310.1,1421,45.4,9,7.900000000000034,64513.4,408.59999999999997,0,1,0
300.0,309.4,1498,38.5,37,9.399999999999977,57673.0,1424.5,0,0,0
301.9,309.7,1533,35.9,204,7.800000000000011,55034.7,7323.599999999999,0,1,0
302.0,310.5,1567,36.1,124,8.5,56568.700000000004,4476.400000000001,1,0,0
297.0,307.7,1731,28.5,186,10.699999999999989,49333.5,5301.0,1,0,0
301.1,310.7,1376,49.1,0,9.599999999999966,67561.6,0.0,1,0,0
299.7,309.5,1352,49.7,184,9.800000000000011,67194.40000000001,9144.800000000001,1,0,0
297.3,308.3,1590,35.5,59,11.0,56445.0,2094.5,1,0,0
299.0,308.6,1378,47.8,163,9.600000000000023,65868.4,7791.4,1,0,0
302.2,311.4,2080,19.2,31,9.199999999999989,39936.0,595.1999999999999,1,0,0
301.7,309.9,1317,49.0,187,8.199999999999989,64533.0,9163.0,1,0,1
302.6,311.4,1738,25.8,128,8.799999999999955,44840.4,3302.4,1,0,0
301.8,310.6,1192,68.9,135,8.800000000000011,82128.8,9301.5,1,0,0
296.7,307.6,1474,41.7,148,10.900000000000034,61465.8,6171.6,1,0,0
300.5,309.5,1320,49.9,59,9.0,65868.0,2944.1,0,1,0
301.4,310.6,1481,37.6,77,9.200000000000045,55685.6,2895.2000000000003,1,0,0
303.5,312.9,1572,44.7,84,9.399999999999977,70268.40000000001,3754.8,0,1,0
298.0,308.6,1626,33.3,50,10.600000000000023,54145.799999999996,1664.9999999999998,1,0,0
301.1,311.0,1677,29.1,188,9.899999999999977,48800.700000000004,5470.8,1,0,0
300.7,311.9,1329,59.2,121,11.199999999999989,78676.8,7163.200000000001,0,0,0
300.8,312.6,1588,35.6,114,11.800000000000011,56532.8,4058.4,0,1,0
297.5,308.5,1722,30.4,178,11.0,52348.799999999996,5411.2,1,0,0
297.8,307.3,1516,40.1,166,9.5,60791.6,6656.6,0,0,0
300.3,311.8,1548,33.0,16,11.5,51084.0,528.0,1,0,0
302.2,311.3,1375,47.0,98,9.100000000000023,64625.0,4606.0,0,1,0
298.2,308.4,1355,49.4,209,10.199999999999989,66937.0,10324.6,1,0,0
298.7,310.2,1598,33.3,36,11.5,53213.399999999994,1198.8,0,1,0
300.5,309.3,1373,48.8,211,8.800000000000011,67002.4,10296.8,1,0,0
297.9,309.8,1336,71.6,31,11.900000000000034,95657.59999999999,2219.6,1,0,1
300.6,311.7,1744,26.9,111,11.099999999999966,46913.6,2985.8999999999996,1,0,0
298.5,308.3,1811,24.7,27,9.800000000000011,44731.7,666.9,1,0,0
301.3,310.4,1504,47.2,193,9.099999999999966,70988.8,9109.6,1,0,0
297.7,308.8,1515,40.1,82,11.100000000000023,60751.5,3288.2000000000003,1,0,0
301.7,311.1,1644,32.8,206,9.400000000000034,53923.2,6756.799999999999,1,0,0
298.9,310.1,1510,38.0,52,11.200000000000045,57380.0,1976.0,1,0,0
302.6,310.8,1486,36.4,160,8.199999999999989,54090.4,5824.0,1,0,0
299.2,310.1,1542,36.1,5,10.900000000000034,55666.200000000004,180.5,0,0,0
300.4,309.6,1553,43.9,75,9.200000000000045,68176.7,3292.5,1,0,0
299.9,310.5,1549,42.8,208,10.600000000000023,66297.2,8902.4,0,0,0
299.0,310.1,1444,47.7,161,11.100000000000023,68878.8,7679.700000000001,1,0,0
300.2,311.5,1639,31.1,31,11.300000000000011,50972.9,964.1,1,0,0
299.9,309.5,1349,51.3,176,9.600000000000023,69203.7,9028.8,1,0,0
301.5,311.1,1459,45.1,97,9.600000000000023,65800.90000000001,4374.7,1,0,0
303.0,312.3,1486,42.4,112,9.300000000000011,63006.4,4748.8,1,0,0
298.6,309.9,1556,38.6,36,11.299999999999955,60061.600000000006,1389.6000000000001,1,0,0
302.5,310.2,1307,54.0,86,7.699999999999989,70578.0,4644.0,1,0,1
301.5,310.4,1378,55.3,109,8.899999999999977,76203.4,6027.7,0,1,0
301.7,311.0,1505,37.1,190,9.300000000000011,55835.5,7049.0,0,1,0
300.5,311.6,1661,30.0,158,11.100000000000023,49830.0,4740.0,1,0,0
297.9,307.7,1492,43.7,59,9.800000000000011,65200.4,2578.3,1,0,0
299.4,310.5,1749,28.1,179,11.100000000000023,49146.9,5029.900000000001,1,0,0
301.2,310.0,1618,37.6,32,8.800000000000011,60836.8,1203.2,1,0,0
299.1,308.8,1553,32.6,90,9.699999999999989,50627.8,2934.0,0,0,0
303.6,312.8,1701,30.8,12,9.199999999999989,52390.8,369.6,1,0,0
298.1,309.9,1686,29.1,60,11.799999999999955,49062.600000000006,1746.0,0,0,0
299.5,311.0,1451,43.3,136,11.5,62828.299999999996,5888.799999999999,0,1,0
300.9,310.6,1538,36.7,3,9.700000000000045,56444.600000000006,110.10000000000001,1,0,0
300.7,310.9,1637,37.2,115,10.199999999999989,60896.4,4278.0,1,0,0
302.4,310.3,1479,36.2,115,7.900000000000034,53539.8,4163.0,1,0,0
296.8,308.0,1371,54.5,86,11.199999999999989,74719.5,4687.0,1,0,0
302.8,310.6,1671,30.5,201,7.800000000000011,50965.5,6130.5,1,0,0
299.3,309.0,1491,38.4,115,9.699999999999989,57254.4,4416.0,1,0,0
297.4,309.2,1274,54.3,121,11.800000000000011,69178.2,6570.299999999999,1,0,0
299.2,308.5,1387,51.1,98,9.300000000000011,70875.7,5007.8,1,0,0
300.4,309.6,1563,34.0,6,9.200000000000045,53142.0,204.0,0,1,0
297.7,307.6,1844,21.9,61,9.900000000000034,40383.6,1335.8999999999999,1,0,0
303.8,313.0,1365,59.9,205,9.199999999999989,81763.5,12279.5,1,0,1
300.9,310.5,1894,21.9,188,9.600000000000023,41478.6,4117.2,1,0,0
300.6,310.0,1455,40.4,172,9.399999999999977,58782.0,6948.8,1,0,0
300.1,309.1,1533,38.0,26,9.0,58254.0,988.0,0,1,0
297.2,308.7,1669,30.7,72,11.5,51238.299999999996,2210.4,1,0,0
300.4,311.2,1436,56.8,173,10.800000000000011,81564.8,9826.4,1,0,0
300.4,309.6,1614,30.3,161,9.200000000000045,48904.200000000004,4878.3,0,1,0
301.6,310.7,2012,20.7,178,9.099999999999966,41648.4,3684.6,0,1,0
300.8,311.4,1316,57.6,43,10.599999999999966,75801.6,2476.8,1,0,0
299.4,310.8,1391,48.9,139,11.400000000000034,68019.9,6797.099999999999,1,0,0
300.8,311.7,1578,31.4,219,10.899999999999977,49549.2,6876.599999999999,1,0,0
300.5,309.7,1389,43.3,9,9.199999999999989,60143.7,389.7,0,1,0
303.4,311.9,1771,31.6,202,8.5,55963.600000000006,6383.200000000001,1,0,0
302.7,312.1,1728,24.4,146,9.400000000000034,42163.2,3562.3999999999996,1,0,0
301.0,310.9,1473,44.2,116,9.899999999999977,65106.600000000006,5127.200000000001,1,0,0
298.1,308.7,1547,38.9,0,10.599999999999966,60178.299999999996,0.0,0,1,0
301.3,310.1,1355,53.6,193,8.800000000000011,72628.0,10344.800000000001,1,0,0
303.0,311.1,1526,37.3,176,8.100000000000023,56919.799999999996,6564.799999999999,0,1,0
299.3,308.7,1420,50.3,208,9.399999999999977,71426.0,10462.4,0,1,0
301.2,310.9,1359,50.8,118,9.699999999999989,69037.2,5994.4,0,1,0
300.8,311.4,1536,40.9,22,10.599999999999966,62822.399999999994,899.8,1,0,0
298.3,309.1,1646,30.2,125,10.800000000000011,49709.2,3775.0,0,0,0
301.4,310.8,1738,30.3,104,9.400000000000034,52661.4,3151.2000000000003,0,1,0
298.8,310.0,1528,36.7,147,11.199999999999989,56077.600000000006,5394.900000000001,1,0,0
300.5,309.9,1503,37.4,175,9.399999999999977,56212.2,6545.0,1,0,0
301.4,310.8,1740,29.2,110,9.400000000000034,50808.0,3212.0,1,0,0
297.0,307.8,1396,50.0,96,10.800000000000011,69800.0,4800.0,1,0,0
298.4,309.3,1716,28.4,66,10.900000000000034,48734.399999999994,1874.3999999999999,1,0,0
302.5,312.0,1521,40.2,174,9.5,61144.200000000004,6994.8,0,1,0
297.8,308.5,1466,44.7,88,10.699999999999989,65530.200000000004,3933.6000000000004,0,1,0
298.2,308.0,1499,44.1,166,9.800000000000011,66105.90000000001,7320.6,1,0,0
300.6,311.6,1455,48.0,203,11.0,69840.0,9744.0,1,0,0
300.2,310.3,1445,50.9,34,10.100000000000023,73550.5,1730.6,1,0,0
304.2,313.4,1434,42.5,175,9.199999999999989,60945.0,7437.5,1,0,0
297.0,308.1,1507,43.1,51,11.100000000000023,64951.700000000004,2198.1,0,1,0
298.0,308.7,1619,40.1,45,10.699999999999989,64921.9,1804.5,1,0,0
297.4,308.1,1474,39.4,20,10.700000000000045,58075.6,788.0,1,0,0
296.9,307.6,1435,45.0,119,10.700000000000045,64575.0,5355.0,1,0,0
297.5,308.7,1416,39.2,74,11.199999999999989,55507.200000000004,2900.8,0,0,0
297.4,308.3,1412,42.0,111,10.900000000000034,59304.0,4662.0,1,0,0
302.5,312.0,1357,42.0,179,9.5,56994.0,7518.0,0,0,0
301.6,310.5,1786,27.1,35,8.899999999999977,48400.600000000006,948.5,0,0,0
297.2,308.5,1550,41.5,125,11.300000000000011,64325.0,5187.5,1,0,0
300.8,311.7,1655,32.2,12,10.899999999999977,53291.00000000001,386.40000000000003,1,0,0
301.3,311.0,1554,47.7,84,9.699999999999989,74125.8,4006.8,1,0,0
297.3,308.1,1731,27.7,42,10.800000000000011,47948.7,1163.3999999999999,0,1,0
298.6,309.8,1505,45.7,144,11.199999999999989,68778.5,6580.8,1,0,0
298.9,308.9,1487,39.5,30,10.0,58736.5,1185.0,0,1,0
302.2,311.5,1543,38.5,37,9.300000000000011,59405.5,1424.5,1,0,0
299.5,309.2,1690,29.2,108,9.699999999999989,49348.0,3153.6,1,0,0
297.3,308.4,1449,44.4,34,11.099999999999966,64335.6,1509.6,0,1,0
302.8,311.0,1436,43.5,47,8.199999999999989,62466.0,2044.5,0,0,0
300.8,311.9,1621,28.3,211,11.099999999999966,45874.3,5971.3,0,1,0
301.0,310.4,1665,30.9,177,9.399999999999977,51448.5,5469.3,0,1,0
299.0,310.3,1689,29.7,101,11.300000000000011,50163.299999999996,2999.7,0,1,0
300.9,309.4,1724,25.6,119,8.5,44134.4,3046.4,0,1,0
300.4,310.8,1520,37.6,151,10.400000000000034,57152.0,5677.6,1,0,0
298.3,308.8,1767,27.3,168,10.5,48239.1,4586.400000000001,1,0,0
298.9,310.0,1693,28.8,56,11.100000000000023,48758.4,1612.8,1,0,0
301.9,311.0,1336,63.6,111,9.100000000000023,84969.6,7059.6,0,0,0
299.8,310.6,1423,44.6,116,10.800000000000011,63465.8,5173.6,0,0,0
298.4,309.7,1870,22.5,170,11.300000000000011,42075.0,3825.0,0,1,0
303.8,312.5,1619,30.9,142,8.699999999999989,50027.1,4387.8,1,0,0
298.3,308.2,1472,44.3,71,9.899999999999977,65209.6,3145.2999999999997,1,0,0
297.8,309.4,1226,58.7,129,11.599999999999966,71966.2,7572.3,0,1,0
302.6,310.5,1450,43.2,68,7.899999999999977,62640.00000000001,2937.6000000000004,1,0,0
302.2,311.5,1489,38.3,35,9.300000000000011,57028.7,1340.5,1,0,0
300.7,310.7,1314,42.4,198,10.0,55713.6,8395.199999999999,1,0,0
301.3,310.4,1501,41.6,192,9.099999999999966,62441.6,7987.200000000001,1,0,0
298.3,308.1,1412,52.3,218,9.800000000000011,73847.59999999999,11401.4,1,0,1
303.4,312.2,1337,69.4,52,8.800000000000011,92787.8,3608.8,1,0,1
302.4,311.8,1539,39.9,101,9.400000000000034,61406.1,4029.8999999999996,0,1,0
301.1,310.6,1611,35.2,70,9.5,56707.200000000004,2464.0,1,0,0
298.3,309.1,1537,43.0,123,10.800000000000011,66091.0,5289.0,1,0,0
303.4,312.3,1522,42.1,62,8.900000000000034,64076.200000000004,2610.2000000000003,0,0,0
301.0,312.1,1664,28.4,168,11.100000000000023,47257.6,4771.2,0,1,0
297.4,308.2,1359,46.9,199,10.800000000000011,63737.1,9333.1,0,0,0
297.5,308.5,1447,41.6,118,11.0,60195.200000000004,4908.8,0,1,0
299.0,310.4,1981,21.2,125,11.399999999999977,41997.2,2650.0,1,0,0
300.5,311.6,1730,30.2,106,11.100000000000023,52246.0,3201.2,1,0,0
298.6,308.3,1717,28.7,29,9.699999999999989,49277.9,832.3,0,1,0
297.3,308.5,1435,55.0,104,11.199999999999989,78925.0,5720.0,0,0,0
302.7,311.8,1728,30.0,12,9.100000000000023,51840.0,360.0,0,1,0
299.8,310.5,1496,38.8,215,10.699999999999989,58044.799999999996,8342.0,1,0,0
301.2,310.1,1479,45.5,44,8.900000000000034,67294.5,2002.0,0,1,0
300.9,312.0,1493,38.7,217,11.100000000000023,57779.100000000006,8397.900000000001,1,0,0
302.6,311.6,1576,34.7,182,9.0,54687.200000000004,6315.400000000001,1,0,0
300.6,310.7,1388,42.9,190,10.099999999999966,59545.2,8151.0,0,1,0
300.4,311.7,1832,24.2,179,11.300000000000011,44334.4,4331.8,0,1,0
298.7,309.5,1500,38.8,116,10.800000000000011,58199.99999999999,4500.799999999999,0,1,0
299.8,309.4,1401,48.1,143,9.599999999999966,67388.1,6878.3,0,1,0
302.2,311.3,1382,46.4,94,9.100000000000023,64124.799999999996,4361.599999999999,1,0,0
303.4,312.2,1580,35.8,90,8.800000000000011,56563.99999999999,3221.9999999999995,1,0,0
300.3,309.2,1649,32.4,50,8.899999999999977,53427.6,1620.0,1,0,0
300.2,311.6,1415,55.8,82,11.400000000000034,78957.0,4575.599999999999,0,1,0
298.8,310.5,1464,46.4,207,11.699999999999989,67929.59999999999,9604.8,1,0,0
297.2,308.0,1705,26.0,200,10.800000000000011,44330.0,5200.0,1,0,0
299.2,308.9,1342,50.8,195,9.699999999999989,68173.59999999999,9906.0,1,0,0
300.4,309.3,1525,39.6,202,8.900000000000034,60390.0,7999.200000000001,1,0,0
301.9,310.8,1525,43.2,62,8.900000000000034,65880.0,2678.4,1,0,0
300.8,310.3,1270,61.0,54,9.5,77470.0,3294.0,0,1,0
300.7,309.6,1810,26.0,195,8.900000000000034,47060.0,5070.0,1,0,0
302.1,311.5,1383,53.6,108,9.399999999999977,74128.8,5788.8,0,1,0
300.7,311.7,1499,38.9,3,11.0,58311.1,116.69999999999999,0,1,0
300.4,309.3,1467,40.3,166,8.900000000000034,59120.1,6689.799999999999,0,1,0
304.2,313.3,1410,51.6,47,9.100000000000023,72756.0,2425.2000000000003,1,0,0
298.4,309.7,1457,44.2,175,11.300000000000011,64399.4,7735.000000000001,1,0,0
298.6,309.9,1517,34.0,215,11.299999999999955,51578.0,7310.0,0,1,0
301.8,311.0,1393,49.5,168,9.199999999999989,68953.5,8316.0,0,1,0
298.9,308.2,1328,49.2,11,9.300000000000011,65337.600000000006,541.2,0,1,0
296.1,307.1,1350,53.3,22,11.0,71955.0,1172.6,0,1,0
303.7,312.8,1543,38.3,61,9.100000000000023,59096.899999999994,2336.2999999999997,1,0,0
298.3,308.1,2636,12.8,84,9.800000000000011,33740.8,1075.2,0,0,0
300.5,311.6,1476,39.1,199,11.100000000000023,57711.6,7780.900000000001,0,1,0
295.6,306.0,1396,52.4,0,10.399999999999977,73150.4,0.0,0,0,0
301.3,310.6,1560,36.8,113,9.300000000000011,57407.99999999999,4158.4,1,0,0
303.3,311.8,1583,33.3,72,8.5,52713.899999999994,2397.6,0,1,0
297.6,308.7,1552,42.3,27,11.099999999999966,65649.59999999999,1142.1,1,0,0
297.9,309.0,1382,43.9,116,11.100000000000023,60669.799999999996,5092.4,1,0,0
300.1,309.4,1858,23.6,26,9.299999999999955,43848.8,613.6,1,0,0
297.3,308.5,1545,34.3,74,11.199999999999989,52993.49999999999,2538.2,1,0,0
297.5,308.5,1306,50.7,38,11.0,66214.2,1926.6000000000001,1,0,0
300.5,310.0,1406,50.2,119,9.5,70581.2,5973.8,0,1,0
298.2,307.7,1952,21.6,93,9.5,42163.200000000004,2008.8000000000002,0,1,0
298.8,309.8,1563,38.8,65,11.0,60644.399999999994,2522.0,0,0,0
295.6,306.1,1256,62.3,142,10.5,78248.8,8846.6,0,0,0
298.0,308.9,1508,37.1,92,10.899999999999977,55946.8,3413.2000000000003,1,0,0
298.2,308.8,1442,47.0,18,10.600000000000023,67774.0,846.0,1,0,0
301.4,310.3,1639,32.7,171,8.900000000000034,53595.3,5591.700000000001,1,0,0
298.0,308.9,1339,51.4,68,10.899999999999977,68824.59999999999,3495.2,0,1,0
297.5,309.4,1482,39.3,112,11.899999999999977,58242.6,4401.599999999999,0,1,0
299.2,310.7,1540,36.3,175,11.5,55901.99999999999,6352.499999999999,1,0,0
301.2,310.7,1426,46.1,67,9.5,65738.6,3088.7000000000003,0,1,0
303.3,312.5,1674,32.7,76,9.199999999999989,54739.8,2485.2000000000003,0,1,0
298.5,308.0,1404,48.1,32,9.5,67532.40000000001,1539.2,1,0,0
296.8,308.1,1289,62.0,199,11.300000000000011,79918.0,12338.0,1,0,1
301.3,310.8,1531,53.4,57,9.5,81755.4,3043.7999999999997,1,0,0
300.5,311.0,1759,28.3,13,10.5,49779.700000000004,367.90000000000003,1,0,0
301.5,310.6,1573,37.4,37,9.100000000000023,58830.2,1383.8,0,1,0
301.5,310.5,1308,60.5,139,9.0,79134.0,8409.5,0,1,0
302.2,311.7,1584,36.2,63,9.5,57340.8,2280.6000000000004,0,1,0
301.0,311.9,1454,41.9,33,10.899999999999977,60922.6,1382.7,1,0,0
300.5,310.5,1515,36.6,54,10.0,55449.0,1976.4,1,0,0
298.5,309.2,1449,46.4,83,10.699999999999989,67233.59999999999,3851.2,0,1,0
303.1,312.4,1407,41.2,107,9.299999999999955,57968.4,4408.400000000001,1,0,0
303.4,312.7,1589,34.0,116,9.300000000000011,54026.0,3944.0,1,0,0
302.0,310.5,1812,24.4,138,8.5,44212.799999999996,3367.2,0,0,0
299.1,310.6,1796,26.0,90,11.5,46696.0,2340.0,1,0,0
300.4,309.7,1584,32.6,71,9.300000000000011,51638.4,2314.6,1,0,0
301.0,311.5,1550,34.9,162,10.5,54095.0,5653.8,0,1,0
301.1,311.6,1488,43.4,5,10.5,64579.2,217.0,1,0,0
300.5,310.5,1695,26.7,28,10.0,45256.5,747.6,1,0,0
298.1,308.3,1331,63.0,13,10.199999999999989,83853.0,819.0,1,0,0
296.9,307.8,1544,40.3,150,10.900000000000034,62223.2,6045.0,0,1,0
298.8,308.5,1450,50.8,57,9.699999999999989,73660.0,2895.6,1,0,0
298.2,307.6,1369,54.5,82,9.400000000000034,74610.5,4469.0,1,0,0
296.8,307.9,1448,48.8,31,11.099999999999966,70662.4,1512.8,1,0,0
302.3,311.0,1446,37.6,75,8.699999999999989,54369.6,2820.0,1,0,0
300.0,310.2,1486,36.4,66,10.199999999999989,54090.4,2402.4,1,0,0
302.0,310.4,1595,32.9,135,8.399999999999977,52475.5,4441.5,0,1,0
301.4,311.1,1445,41.4,144,9.700000000000045,59823.0,5961.599999999999,0,0,0
301.5,310.7,1435,38.5,224,9.199999999999989,55247.5,8624.0,1,0,0
300.6,310.6,1403,50.4,64,10.0,70711.2,3225.6,0,1,0
297.6,308.5,1552,40.9,90,10.899999999999977,63476.799999999996,3681.0,0,1,0
302.5,311.4,1636,35.0,157,8.899999999999977,57260.0,5495.0,0,1,0
300.0,310.2,1393,51.2,190,10.199999999999989,71321.6,9728.0,0,1,0
295.8,306.3,1337,54.6,87,10.5,73000.2,4750.2,1,0,0
299.7,311.1,1649,32.7,185,11.400000000000034,53922.3,6049.500000000001,0,1,0
298.0,307.5,1427,43.6,101,9.5,62217.200000000004,4403.6,0,1,0
297.6,308.6,1389,49.0,34,11.0,68061.0,1666.0,0,1,0
299.1,310.6,1332,48.0,148,11.5,63936.0,7104.0,0,0,0
297.1,308.4,1502,37.3,181,11.299999999999955,56024.6,6751.299999999999,0,1,0
300.7,312.3,1715,26.8,146,11.600000000000023,45962.0,3912.8,1,0,0
301.5,310.7,1460,38.6,14,9.199999999999989,56356.0,540.4,0,1,0
299.7,310.5,1490,41.2,126,10.800000000000011,61388.00000000001,5191.200000000001,0,1,0
297.9,309.1,1435,44.7,8,11.200000000000045,64144.50000000001,357.6,0,0,0
298.7,309.9,1651,29.5,42,11.199999999999989,48704.5,1239.0,1,0,0
298.7,310.2,1525,43.7,34,11.5,66642.5,1485.8000000000002,1,0,0
302.5,312.0,1826,25.3,203,9.5,46197.8,5135.900000000001,0,1,0
296.1,307.1,1485,36.0,169,11.0,53460.0,6084.0,0,1,0
300.8,310.4,1518,36.0,59,9.599999999999966,54648.0,2124.0,0,1,0
298.6,310.0,1517,39.0,4,11.399999999999977,59163.0,156.0,1,0,0
298.8,309.1,1472,47.5,125,10.300000000000011,69920.0,5937.5,0,1,0
299.5,309.2,1497,40.9,169,9.699999999999989,61227.299999999996,6912.099999999999,0,1,0
301.0,310.9,1428,45.3,47,9.899999999999977,64688.399999999994,2129.1,1,0,0
301.0,309.5,1430,48.5,122,8.5,69355.0,5917.0,1,0,0
303.6,312.5,1286,62.4,101,8.899999999999977,80246.4,6302.4,1,0,0
297.1,308.5,1515,42.1,81,11.399999999999977,63781.5,3410.1,0,1,0
297.1,308.4,1693,29.5,100,11.299999999999955,49943.5,2950.0,1,0,0
301.4,310.7,1657,28.7,108,9.300000000000011,47555.9,3099.6,1,0,0
301.0,311.5,1530,43.9,165,10.5,67167.0,7243.5,0,1,0
302.4,310.4,1865,23.9,129,8.0,44573.5,3083.1,1,0,0
304.1,313.2,1590,43.4,52,9.099999999999966,69006.0,2256.7999999999997,0,0,0
299.9,309.5,1451,39.4,18,9.600000000000023,57169.4,709.1999999999999,1,0,0
299.2,308.8,1523,38.9,112,9.600000000000023,59244.7,4356.8,0,1,0
303.7,312.8,1634,33.8,63,9.100000000000023,55229.2,2129.3999999999996,0,1,0
300.7,310.8,1772,27.3,69,10.100000000000023,48375.6,1883.7,1,0,0
297.5,309.4,1809,24.3,110,11.899999999999977,43958.700000000004,2673.0,1,0,0
296.7,307.6,1547,34.7,150,10.900000000000034,53680.9,5205.0,0,1,0
297.5,308.6,1260,53.6,137,11.100000000000023,67536.0,7343.2,1,0,0
298.0,307.6,1509,41.6,33,9.600000000000023,62774.4,1372.8,1,0,0
298.3,308.3,1452,45.5,63,10.0,66066.0,2866.5,1,0,0
301.2,310.4,1382,41.6,117,9.199999999999989,57491.200000000004,4867.2,0,1,0
300.4,309.8,1430,43.4,198,9.400000000000034,62062.0,8593.199999999999,0,1,0
297.9,309.6,1515,38.8,124,11.700000000000045,58781.99999999999,4811.2,0,1,0
297.6,308.3,1567,34.6,71,10.699999999999989,54218.200000000004,2456.6,0,1,0
303.4,311.7,1476,42.3,180,8.300000000000011,62434.799999999996,7613.999999999999,1,0,0
296.4,307.3,1540,37.4,75,10.900000000000034,57596.0,2805.0,0,0,0
300.6,309.4,1691,28.0,36,8.799999999999955,47348.0,1008.0,0,0,0
297.3,308.4,1665,28.9,17,11.099999999999966,48118.5,491.29999999999995,0,1,0
299.0,310.4,1565,36.1,127,11.399999999999977,56496.5,4584.7,1,0,0
299.4,309.3,1743,28.2,0,9.900000000000034,49152.6,0.0,0,0,0
300.5,309.6,1366,50.2,219,9.100000000000023,68573.2,10993.800000000001,1,0,0
298.2,308.5,2678,10.7,86,10.300000000000011,28654.6,920.1999999999999,0,1,1
300.2,311.6,1511,35.7,160,11.400000000000034,53942.700000000004,5712.0,1,0,0
298.3,309.0,1339,58.8,35,10.699999999999989,78733.2,2058.0,1,0,0
298.9,309.9,1373,52.1,108,11.0,71533.3,5626.8,1,0,0
300.7,310.8,1518,40.1,142,10.100000000000023,60871.8,5694.2,0,0,0
301.4,310.7,1590,36.3,43,9.300000000000011,57716.99999999999,1560.8999999999999,1,0,0
299.0,310.3,1475,42.4,93,11.300000000000011,62540.0,3943.2,1,0,0
297.4,308.6,1901,22.1,81,11.200000000000045,42012.100000000006,1790.1000000000001,0,1,0
301.2,310.0,1625,31.6,173,8.800000000000011,51350.0,5466.8,0,1,0
300.1,309.7,1348,57.3,48,9.599999999999966,77240.4,2750.3999999999996,0,1,0
297.9,308.5,1472,45.1,70,10.600000000000023,66387.2,3157.0,1,0,0
296.5,307.3,1566,37.2,164,10.800000000000011,58255.200000000004,6100.8,1,0,0
300.3,311.6,1339,53.4,123,11.300000000000011,71502.59999999999,6568.2,0,0,0
303.7,312.9,1444,52.7,46,9.199999999999989,76098.8,2424.2000000000003,0,1,0
298.9,310.6,1519,38.8,213,11.700000000000045,58937.2,8264.4,0,0,0
298.2,308.1,1462,50.8,27,9.900000000000034,74269.59999999999,1371.6,1,0,0
300.5,309.3,1465,46.0,89,8.800000000000011,67390.0,4094.0,1,0,0
301.4,310.7,1786,26.1,123,9.300000000000011,46614.600000000006,3210.3,1,0,0
301.7,310.6,1513,41.1,64,8.900000000000034,62184.3,2630.4,1,0,0
301.2,310.7,1951,21.3,44,9.5,41556.3,937.2,1,0,0
300.4,309.6,1386,56.9,170,9.200000000000045,78863.4,9673.0,1,0,0
300.2,309.8,1481,41.9,106,9.600000000000023,62053.9,4441.4,1,0,0
299.5,309.1,1420,49.5,5,9.600000000000023,70290.0,247.5,0,1,0
302.3,310.1,1513,40.4,22,7.800000000000011,61125.2,888.8,1,0,0
300.1,309.6,1376,52.1,147,9.5,71689.6,7658.7,0,1,0
300.3,311.7,1821,26.3,202,11.399999999999977,47892.3,5312.6,1,0,0
303.7,312.4,1348,51.0,152,8.699999999999989,68748.0,7752.0,1,0,0
298.9,310.0,1564,33.8,183,11.100000000000023,52863.2,6185.4,1,0,0
298.5,309.5,1385,46.3,203,11.0,64125.49999999999,9398.9,1,0,1
298.9,310.5,1525,38.5,27,11.600000000000023,58712.5,1039.5,0,1,0
301.9,311.0,1672,29.9,13,9.100000000000023,49992.799999999996,388.7,0,0,0
298.8,310.2,1504,41.0,51,11.399999999999977,61664.0,2091.0,1,0,0
298.5,309.4,2011,21.0,59,10.899999999999977,42231.0,1239.0,0,0,0
296.9,307.5,1556,31.2,116,10.600000000000023,48547.2,3619.2,0,1,0
302.9,312.2,1367,55.1,50,9.300000000000011,75321.7,2755.0,1,0,0
300.3,309.9,1394,46.7,210,9.599999999999966,65099.8,9807.0,0,0,1
302.6,310.5,1420,56.4,57,7.899999999999977,80088.0,3214.7999999999997,0,1,0
298.1,307.9,1303,53.9,52,9.799999999999955,70231.7,2802.7999999999997,0,1,0
298.4,308.5,1490,37.9,110,10.100000000000023,56471.0,4169.0,1,0,0
297.5,309.1,1540,38.5,176,11.600000000000023,59290.0,6776.0,0,1,0
303.3,311.4,1510,37.3,36,8.099999999999966,56322.99999999999,1342.8,1,0,0
297.4,308.6,1643,31.0,89,11.200000000000045,50933.0,2759.0,0,1,0
302.4,311.7,1721,26.9,112,9.300000000000011,46294.899999999994,3012.7999999999997,1,0,0
297.3,308.7,1491,40.2,112,11.399999999999977,59938.200000000004,4502.400000000001,1,0,0
300.5,309.7,1341,50.9,137,9.199999999999989,68256.9,6973.3,0,1,0
303.7,313.1,1355,49.1,188,9.400000000000034,66530.5,9230.800000000001,1,0,0
303.7,313.0,1456,45.5,51,9.300000000000011,66248.0,2320.5,1,0,0
299.4,309.2,1556,35.7,75,9.800000000000011,55549.200000000004,2677.5,1,0,0
301.0,309.7,1468,42.0,141,8.699999999999989,61656.0,5922.0,1,0,0
301.9,310.9,1542,36.7,101,9.0,56591.4,3706.7000000000003,1,0,0
297.2,308.6,1864,23.6,103,11.400000000000034,43990.4,2430.8,1,0,0
298.3,309.0,1519,36.9,41,10.699999999999989,56051.1,1512.8999999999999,1,0,0
297.3,308.3,1519,37.7,45,11.0,57266.3,1696.5000000000002,1,0,0
297.4,308.4,1603,34.6,65,11.0,55463.8,2249.0,1,0,0
301.3,310.4,2093,18.7,190,9.099999999999966,39139.1,3553.0,0,1,0
300.7,310.0,1395,48.0,85,9.300000000000011,66960.0,4080.0,1,0,0
299.3,308.7,1484,40.5,213,9.399999999999977,60102.0,8626.5,1,0,0
299.2,308.6,1631,35.4,64,9.400000000000034,57737.399999999994,2265.6,0,1,0
303.4,312.3,1769,27.9,40,8.900000000000034,49355.1,1116.0,0,0,0
299.2,310.7,1477,44.0,19,11.5,64988.0,836.0,1,0,0
299.1,310.6,1380,44.7,170,11.5,61686.00000000001,7599.000000000001,1,0,0
297.1,308.4,1488,42.5,146,11.299999999999955,63240.0,6205.0,1,0,0
298.6,309.7,1294,59.4,104,11.099999999999966,76863.59999999999,6177.599999999999,1,0,0
298.1,308.5,1676,30.5,22,10.399999999999977,51118.0,671.0,1,0,0
298.3,309.4,1509,34.2,141,11.099999999999966,51607.8,4822.200000000001,0,1,0
299.5,310.8,1283,52.4,112,11.300000000000011,67229.2,5868.8,1,0,0
299.6,310.8,1507,42.4,108,11.199999999999989,63896.799999999996,4579.2,1,0,0
299.2,310.5,1329,48.9,30,11.300000000000011,64988.1,1467.0,0,0,0
298.8,309.8,1563,33.7,143,11.0,52673.100000000006,4819.1,1,0,0
300.8,309.7,1751,27.9,183,8.899999999999977,48852.899999999994,5105.7,0,1,0
303.8,312.8,1428,53.3,152,9.0,76112.4,8101.599999999999,1,0,0
299.3,310.4,1629,32.6,177,11.099999999999966,53105.4,5770.2,1,0,0
298.9,308.5,1387,57.3,154,9.600000000000023,79475.09999999999,8824.199999999999,1,0,0
302.7,311.2,1545,35.1,128,8.5,54229.5,4492.8,1,0,0
300.5,310.0,1495,47.4,184,9.5,70863.0,8721.6,0,0,0
300.1,311.4,1572,36.2,199,11.299999999999955,56906.4,7203.8,1,0,0
300.4,311.8,1553,33.1,209,11.400000000000034,51404.3,6917.900000000001,0,1,1
301.4,310.8,1431,44.3,21,9.400000000000034,63393.299999999996,930.3,1,0,0
300.1,311.6,1674,29.6,85,11.5,49550.4,2516.0,0,0,0
304.0,313.1,1472,45.5,166,9.100000000000023,66976.0,7553.0,0,0,0
303.7,312.2,1619,34.9,92,8.5,56503.1,3210.7999999999997,1,0,0
302.6,310.5,1596,32.8,193,7.899999999999977,52348.799999999996,6330.4,1,0,0
300.5,310.6,1368,49.6,10,10.100000000000023,67852.8,496.0,1,0,0
304.1,313.3,1480,38.4,72,9.199999999999989,56832.0,2764.7999999999997,0,1,0
300.4,309.8,1342,52.5,68,9.400000000000034,70455.0,3570.0,1,0,0
302.3,310.9,1379,49.3,34,8.599999999999966,67984.7,1676.1999999999998,1,0,1
299.4,309.1,1645,28.6,57,9.700000000000045,47047.0,1630.2,1,0,0
302.5,311.0,1548,38.4,188,8.5,59443.2,7219.2,1,0,0
300.0,309.0,1709,32.1,79,9.0,54858.9,2535.9,1,0,0
302.6,312.1,1445,42.0,181,9.5,60690.0,7602.0,0,1,0
300.2,310.1,1523,42.3,25,9.900000000000034,64422.899999999994,1057.5,1,0,0
298.8,309.6,1575,34.4,149,10.800000000000011,54180.0,5125.599999999999,0,1,0
302.2,311.4,1609,32.1,41,9.199999999999989,51648.9,1316.1000000000001,1,0,0
297.6,308.6,1326,62.4,173,11.0,82742.4,10795.199999999999,1,0,0
301.8,310.7,1597,30.8,74,8.899999999999977,49187.6,2279.2000000000003,1,0,0
297.9,309.0,1450,46.8,118,11.100000000000023,67860.0,5522.4,1,0,0
297.7,309.4,1608,30.2,135,11.699999999999989,48561.6,4077.0,0,0,0
299.8,309.5,1542,40.3,141,9.699999999999989,62142.6,5682.299999999999,1,0,0
297.4,309.2,1437,40.4,117,11.800000000000011,58054.799999999996,4726.8,1,0,0
300.9,310.7,1420,43.0,133,9.800000000000011,61060.0,5719.0,0,1,0
302.2,311.6,1379,42.9,13,9.400000000000034,59159.1,557.6999999999999,0,1,0
297.5,308.6,1671,29.4,136,11.100000000000023,49127.399999999994,3998.3999999999996,1,0,0
301.0,310.4,1512,44.9,86,9.399999999999977,67888.8,3861.4,0,0,0
300.9,310.9,1474,35.7,175,10.0,52621.8,6247.500000000001,0,0,0
298.2,307.6,1492,37.2,178,9.400000000000034,55502.4,6621.6,1,0,0
303.8,312.8,1503,40.0,154,9.0,60120.0,6160.0,1,0,0
302.7,312.1,1378,46.9,176,9.400000000000034,64628.2,8254.4,0,1,0
303.9,313.2,1350,47.2,2,9.300000000000011,63720.00000000001,94.4,0,1,0
301.2,311.1,1574,34.3,4,9.900000000000034,53988.2,137.2,0,1,0
297.7,307.2,1392,43.0,197,9.5,59856.0,8471.0,1,0,0
300.3,309.6,1398,53.7,82,9.300000000000011,75072.6,4403.400000000001,0,1,0
298.1,308.2,1485,40.7,57,10.099999999999966,60439.50000000001,2319.9,1,0,0
302.4,311.1,1366,54.4,0,8.700000000000045,74310.4,0.0,0,1,0
302.9,312.2,1513,37.8,92,9.300000000000011,57191.399999999994,3477.6,1,0,0
299.6,309.2,1422,39.8,219,9.599999999999966,56595.6,8716.199999999999,1,0,0
301.2,310.8,1479,41.2,155,9.600000000000023,60934.8,6386.0,1,0,0
300.3,309.1,1368,46.0,171,8.800000000000011,62928.0,7866.0,1,0,0
297.5,308.6,1585,37.6,2,11.100000000000023,59596.0,75.2,1,0,0
300.6,310.3,1414,50.6,25,9.699999999999989,71548.40000000001,1265.0,1,0,0
302.4,311.2,1450,47.9,154,8.800000000000011,69455.0,7376.599999999999,1,0,0
299.1,308.4,1426,47.9,67,9.299999999999955,68305.4,3209.2999999999997,1,0,0
297.4,308.6,1532,38.7,136,11.200000000000045,59288.4,5263.200000000001,1,0,0
300.0,311.4,1487,41.2,22,11.399999999999977,61264.4,906.4000000000001,1,0,0
300.8,309.7,1997,20.7,5,8.899999999999977,41337.9,103.5,1,0,0
298.9,310.1,1587,30.2,162,11.200000000000045,47927.4,4892.4,1,0,0
300.0,309.2,1444,43.6,123,9.199999999999989,62958.4,5362.8,1,0,0
297.4,308.5,1462,42.8,68,11.100000000000023,62573.6,2910.3999999999996,1,0,0
300.1,311.4,1390,52.1,94,11.299999999999955,72419.0,4897.400000000001,0,1,0
300.7,311.0,1312,52.1,107,10.300000000000011,68355.2,5574.7,1,0,0
297.4,308.2,1402,49.7,41,10.800000000000011,69679.40000000001,2037.7,1,0,0
301.7,311.0,1311,55.8,39,9.300000000000011,73153.8,2176.2,0,1,0
297.9,307.7,1546,37.6,72,9.800000000000011,58129.600000000006,2707.2000000000003,1,0,0
299.0,310.0,1509,38.0,168,11.0,57342.0,6384.0,1,0,0
302.2,311.6,1534,37.2,41,9.400000000000034,57064.8,1525.2,0,0,0
303.4,311.9,1491,38.2,26,8.5,56956.200000000004,993.2,1,0,0
302.7,312.1,1603,32.5,148,9.400000000000034,52097.5,4810.0,0,0,0
300.3,311.9,1692,31.5,187,11.599999999999966,53298.0,5890.5,1,0,0
302.9,312.3,1339,52.1,145,9.400000000000034,69761.90000000001,7554.5,0,1,0
304.1,313.2,1366,46.6,35,9.099999999999966,63655.6,1631.0,1,0,0
300.3,309.9,1377,55.3,4,9.599999999999966,76148.09999999999,221.2,1,0,0
302.4,310.7,1362,54.8,155,8.300000000000011,74637.59999999999,8494.0,1,0,1
297.1,307.8,1681,27.6,181,10.699999999999989,46395.600000000006,4995.6,1,0,0
298.3,309.9,1463,43.9,116,11.599999999999966,64225.7,5092.4,1,0,0
300.1,310.5,1532,36.0,109,10.399999999999977,55152.0,3924.0,1,0,0
300.8,310.6,1577,37.9,227,9.800000000000011,59768.299999999996,8603.3,1,0,1
298.5,308.9,1781,27.8,113,10.399999999999977,49511.8,3141.4,1,0,0
302.6,310.3,1721,27.4,79,7.699999999999989,47155.399999999994,2164.6,0,0,0
301.5,310.9,1318,50.6,11,9.399999999999977,66690.8,556.6,1,0,0
301.3,311.2,1457,44.5,14,9.899999999999977,64836.5,623.0,1,0,0
300.4,310.8,1396,49.3,142,10.400000000000034,68822.8,7000.599999999999,1,0,0
302.4,311.4,1475,45.2,46,9.0,66670.0,2079.2000000000003,0,1,0
300.2,309.4,1752,27.8,208,9.199999999999989,48705.6,5782.400000000001,0,1,0
298.7,309.9,1465,39.7,72,11.199999999999989,58160.50000000001,2858.4,1,0,0
296.9,307.9,1423,43.9,149,11.0,62469.7,6541.099999999999,1,0,0
299.7,310.8,1589,36.0,190,11.100000000000023,57204.0,6840.0,1,0,0
298.1,307.6,1542,37.1,84,9.5,57208.200000000004,3116.4,0,0,0
303.8,312.6,1527,41.9,159,8.800000000000011,63981.299999999996,6662.099999999999,0,1,0
297.6,309.6,1278,50.4,2,12.0,64411.2,100.8,0,0,0
299.2,308.4,1388,53.2,59,9.199999999999989,73841.6,3138.8,0,0,0
302.2,311.6,1545,35.9,152,9.400000000000034,55465.5,5456.8,1,0,0
301.0,311.9,1889,23.5,198,10.899999999999977,44391.5,4653.0,1,0,0
301.9,310.6,1462,38.8,22,8.700000000000045,56725.6,853.5999999999999,1,0,0
299.0,308.4,1535,47.5,163,9.399999999999977,72912.5,7742.5,0,1,0
300.6,310.1,1297,50.0,130,9.5,64850.0,6500.0,1,0,0
303.3,312.6,1463,44.0,140,9.300000000000011,64372.0,6160.0,1,0,0
300.4,311.7,1460,39.6,162,11.300000000000011,57816.0,6415.2,1,0,0
300.6,311.1,1471,40.7,26,10.5,59869.700000000004,1058.2,1,0,0
301.0,311.1,1236,64.4,177,10.100000000000023,79598.40000000001,11398.800000000001,1,0,1
300.9,310.9,1601,34.0,181,10.0,54434.0,6154.0,1,0,0
302.5,311.8,2023,19.1,74,9.300000000000011,38639.3,1413.4,0,1,0
299.0,310.3,1472,36.1,97,11.300000000000011,53139.200000000004,3501.7000000000003,1,0,0
304.5,313.7,1670,32.9,7,9.199999999999989,54943.0,230.29999999999998,1,0,0
303.8,312.8,1646,35.8,143,9.0,58926.799999999996,5119.4,1,0,0
300.1,311.5,2218,17.0,123,11.399999999999977,37706.0,2091.0,1,0,0
299.0,308.7,1892,22.8,96,9.699999999999989,43137.6,2188.8,1,0,0
302.2,311.2,1928,23.1,2,9.0,44536.8,46.2,1,0,0
300.4,311.4,1662,29.3,129,11.0,48696.6,3779.7000000000003,1,0,0
298.4,309.2,1597,33.5,116,10.800000000000011,53499.5,3886.0,0,1,0
300.3,311.5,1695,25.6,43,11.199999999999989,43392.0,1100.8,1,0,0
299.1,310.4,1657,31.0,129,11.299999999999955,51367.0,3999.0,1,0,0
302.5,310.2,1586,32.2,64,7.699999999999989,51069.200000000004,2060.8,1,0,0
299.9,310.4,1497,47.0,150,10.5,70359.0,7050.0,1,0,0
301.3,310.5,1481,39.7,85,9.199999999999989,58795.700000000004,3374.5000000000005,0,1,0
301.3,311.1,1413,42.0,221,9.800000000000011,59346.0,9282.0,1,0,0
300.8,311.2,1634,31.9,178,10.399999999999977,52124.6,5678.2,0,1,0
302.6,311.6,1638,29.6,160,9.0,48484.8,4736.0,1,0,0
302.6,311.7,1773,27.1,30,9.099999999999966,48048.3,813.0,1,0,0
301.4,310.7,1675,30.7,92,9.300000000000011,51422.5,2824.4,1,0,0
300.6,310.1,1337,45.8,62,9.5,61234.6,2839.6,1,0,0
299.3,310.4,1393,44.9,162,11.099999999999966,62545.7,7273.8,0,0,0
298.6,309.8,1544,30.2,113,11.199999999999989,46628.799999999996,3412.6,1,0,0
300.3,310.2,1471,45.2,48,9.899999999999977,66489.2,2169.6000000000004,1,0,0
300.5,309.5,1795,27.7,117,9.0,49721.5,3240.9,1,0,0
298.5,308.4,1733,26.0,8,9.899999999999977,45058.0,208.0,1,0,0
302.0,310.9,1495,38.6,52,8.899999999999977,57707.0,2007.2,1,0,0
300.8,310.8,1466,45.2,188,10.0,66263.2,8497.6,0,0,0
299.7,311.0,1506,42.7,85,11.300000000000011,64306.200000000004,3629.5000000000005,0,1,0
297.5,308.8,1417,49.8,177,11.300000000000011,70566.59999999999,8814.6,1,0,0
298.6,309.6,1533,40.7,106,11.0,62393.100000000006,4314.200000000001,1,0,0
301.6,311.0,1431,42.6,158,9.399999999999977,60960.6,6730.8,1,0,0
303.7,312.8,1832,23.6,35,9.100000000000023,43235.200000000004,826.0,1,0,0
298.1,309.0,1437,36.2,95,10.899999999999977,52019.4,3439.0000000000005,1,0,0
298.6,309.9,1564,37.1,30,11.299999999999955,58024.4,1113.0,1,0,0
299.2,308.5,1457,44.7,195,9.300000000000011,65127.9,8716.5,1,0,0
302.4,311.8,1557,31.5,49,9.400000000000034,49045.5,1543.5,0,1,0
298.2,308.9,1336,45.0,66,10.699999999999989,60120.0,2970.0,1,0,0
300.7,312.3,1898,24.0,60,11.600000000000023,45552.0,1440.0,1,0,0
300.5,310.2,1571,34.6,228,9.699999999999989,54356.600000000006,7888.8,0,1,0
297.4,308.4,1474,43.6,4,11.0,64266.4,174.4,1,0,0
297.8,308.4,1550,38.2,185,10.599999999999966,59210.00000000001,7067.000000000001,0,0,0
298.2,309.2,1524,34.6,161,11.0,52730.4,5570.6,0,1,0
301.7,311.0,1700,28.7,19,9.300000000000011,48790.0,545.3,1,0,0
301.8,311.0,1606,33.3,4,9.199999999999989,53479.799999999996,133.2,1,0,0
302.3,311.3,1339,50.8,123,9.0,68021.2,6248.4,0,1,0
298.8,308.5,1736,29.0,31,9.699999999999989,50344.0,899.0,1,0,0
299.0,310.1,1699,32.9,87,11.100000000000023,55897.1,2862.2999999999997,1,0,0
303.7,313.0,1469,39.9,137,9.300000000000011,58613.1,5466.3,0,1,0
302.8,312.2,1682,30.9,58,9.399999999999977,51973.799999999996,1792.1999999999998,1,0,0
300.7,310.2,1493,35.9,10,9.5,53598.7,359.0,1,0,0
303.0,311.2,1614,35.7,207,8.199999999999989,57619.8,7389.900000000001,0,1,0
299.0,310.3,1662,33.6,67,11.300000000000011,55843.200000000004,2251.2000000000003,0,1,0
302.5,310.3,1446,44.0,146,7.800000000000011,63624.0,6424.0,1,0,0
297.3,309.0,1556,39.5,168,11.699999999999989,61462.0,6636.0,0,1,0
303.8,313.2,1531,39.4,159,9.399999999999977,60321.4,6264.599999999999,1,0,0
295.8,306.3,1235,76.2,89,10.5,94107.0,6781.8,0,1,1
298.8,308.4,1369,53.0,138,9.599999999999966,72557.0,7314.0,1,0,0
298.9,310.1,1549,40.2,65,11.200000000000045,62269.8,2613.0,0,1,0
300.7,312.3,1670,27.3,81,11.600000000000023,45591.0,2211.3,0,0,0
296.7,307.8,1258,69.0,105,11.100000000000023,86802.0,7245.0,0,1,1
297.4,308.7,1584,38.2,154,11.300000000000011,60508.8,5882.8,1,0,0
297.7,308.8,1350,57.0,105,11.100000000000023,76950.0,5985.0,0,1,0
299.2,310.4,1395,55.4,76,11.199999999999989,77283.0,4210.4,0,1,0
299.7,309.1,1483,41.1,208,9.400000000000034,60951.3,8548.800000000001,1,0,0
299.5,309.3,1462,46.7,7,9.800000000000011,68275.40000000001,326.90000000000003,1,0,0
302.5,311.9,1452,47.4,77,9.399999999999977,68824.8,3649.7999999999997,1,0,0
303.2,311.2,1475,43.1,20,8.0,63572.5,862.0,0,0,0
303.8,312.7,1461,38.2,188,8.899999999999977,55810.200000000004,7181.6,1,0,0
298.2,308.1,1306,58.3,35,9.900000000000034,76139.8,2040.5,1,0,0
299.6,311.1,1649,33.8,133,11.5,55736.2,4495.4,0,1,0
298.2,309.0,1446,45.8,80,10.800000000000011,66226.8,3664.0,0,1,0
298.3,308.5,1664,31.6,144,10.199999999999989,52582.4,4550.400000000001,1,0,0
299.9,309.2,1353,49.8,182,9.300000000000011,67379.4,9063.6,0,1,0
303.8,313.1,1869,25.8,211,9.300000000000011,48220.200000000004,5443.8,1,0,0
303.9,313.3,1567,35.0,168,9.400000000000034,54845.0,5880.0,0,1,0
302.4,311.9,1578,29.9,44,9.5,47182.2,1315.6,1,0,0
302.0,310.9,1456,47.2,54,8.899999999999977,68723.2,2548.8,0,1,0
302.2,311.1,1434,58.6,102,8.900000000000034,84032.40000000001,5977.2,0,1,0
301.3,311.1,1504,39.1,2,9.800000000000011,58806.4,78.2,1,0,0
298.8,309.9,1629,31.9,49,11.099999999999966,51965.1,1563.1,1,0,0
302.4,311.9,1671,29.9,204,9.5,49962.899999999994,6099.599999999999,1,0,0
300.7,311.3,1522,35.2,48,10.600000000000023,53574.4,1689.6000000000001,1,0,0
302.6,311.0,1438,51.0,106,8.399999999999977,73338.0,5406.0,0,0,0
301.3,310.6,1451,47.5,42,9.300000000000011,68922.5,1995.0,1,0,0
299.0,308.6,1946,22.3,102,9.600000000000023,43395.8,2274.6,1,0,0
301.0,312.3,1550,34.9,111,11.300000000000011,54095.0,3873.8999999999996,1,0,0
297.8,309.8,1798,25.5,203,12.0,45849.0,5176.5,0,1,0
297.3,308.3,1494,38.2,14,11.0,57070.8,534.8000000000001,1,0,0
300.7,310.9,1723,31.0,73,10.199999999999989,53413.0,2263.0,1,0,0
297.6,309.3,1464,46.2,218,11.699999999999989,67636.8,10071.6,0,1,0
298.5,309.4,1364,44.5,162,10.899999999999977,60698.0,7209.0,1,0,0
299.0,310.1,1705,30.1,84,11.100000000000023,51320.5,2528.4,0,1,0
299.1,309.4,1439,44.2,82,10.299999999999955,63603.8,3624.4,1,0,0
301.4,311.1,1952,22.7,131,9.700000000000045,44310.4,2973.7,1,0,0
301.3,311.1,1647,28.2,140,9.800000000000011,46445.4,3948.0,1,0,0
303.9,313.2,1481,44.1,197,9.300000000000011,65312.1,8687.7,1,0,0
301.6,310.8,1664,32.0,58,9.199999999999989,53248.0,1856.0,0,1,0
300.8,309.7,1519,39.7,16,8.899999999999977,60304.3,635.2,0,1,0
297.2,307.9,1632,37.5,156,10.699999999999989,61200.0,5850.0,0,1,0
301.5,310.8,1591,29.6,33,9.300000000000011,47093.600000000006,976.8000000000001,0,0,0
297.9,308.9,1393,40.6,45,11.0,56555.8,1827.0,1,0,0
303.7,312.9,1532,41.3,32,9.199999999999989,63271.6,1321.6,0,1,0
301.5,310.5,1412,44.1,184,9.0,62269.200000000004,8114.400000000001,0,1,0
299.8,310.2,1911,23.5,166,10.399999999999977,44908.5,3901.0,1,0,0
299.1,310.6,1449,43.2,80,11.5,62596.8,3456.0,0,1,0
304.2,313.4,1713,23.5,50,9.199999999999989,40255.5,1175.0,0,1,0
298.6,309.8,1430,43.1,80,11.199999999999989,61633.0,3448.0,0,1,0
301.9,311.0,1541,38.9,193,9.100000000000023,59944.899999999994,7507.7,1,0,0
298.0,308.6,1532,42.6,54,10.600000000000023,65263.200000000004,2300.4,1,0,0
297.8,308.3,1498,47.3,160,10.5,70855.4,7568.0,1,0,0
302.2,311.4,1625,35.4,70,9.199999999999989,57525.0,2478.0,0,0,0
302.5,312.1,1454,47.6,37,9.600000000000023,69210.40000000001,1761.2,0,1,0
299.0,310.4,1625,37.1,131,11.399999999999977,60287.5,4860.1,0,1,0
300.6,311.7,1424,50.8,182,11.099999999999966,72339.2,9245.6,0,1,0
300.2,310.1,1649,30.5,43,9.900000000000034,50294.5,1311.5,1,0,0
302.8,312.1,1418,51.4,54,9.300000000000011,72885.2,2775.6,1,0,0
301.8,310.7,1429,47.9,53,8.899999999999977,68449.09999999999,2538.7,0,1,0
301.3,310.1,1558,36.3,184,8.800000000000011,56555.399999999994,6679.2,1,0,0
302.5,311.5,1481,41.1,215,9.0,60869.1,8836.5,0,1,0
300.7,311.2,1457,51.4,61,10.5,74889.8,3135.4,1,0,0
300.5,310.6,1950,20.3,208,10.100000000000023,39585.0,4222.400000000001,1,0,0
297.5,309.3,1564,37.5,20,11.800000000000011,58650.0,750.0,1,0,0
302.6,311.0,1610,39.2,152,8.399999999999977,63112.00000000001,5958.400000000001,1,0,0
301.1,312.2,1491,42.6,52,11.099999999999966,63516.6,2215.2000000000003,0,0,0
297.3,308.7,1451,43.8,24,11.399999999999977,63553.799999999996,1051.1999999999998,0,1,0
299.2,308.4,1538,38.0,98,9.199999999999989,58444.0,3724.0,0,1,0
299.0,310.0,1486,34.6,91,11.0,51415.6,3148.6,0,1,0
301.5,310.5,1556,39.1,48,9.0,60839.600000000006,1876.8000000000002,1,0,0
299.1,308.6,1491,38.5,166,9.5,57403.5,6391.0,0,1,0
299.2,308.3,1582,45.5,107,9.100000000000023,71981.0,4868.5,0,1,0
300.7,312.1,1490,43.1,159,11.400000000000034,64219.0,6852.900000000001,0,0,0
297.0,307.9,1436,47.7,191,10.899999999999977,68497.2,9110.7,1,0,0
297.0,308.1,1410,47.6,79,11.100000000000023,67116.0,3760.4,0,0,0
303.2,311.2,1427,45.6,25,8.0,65071.200000000004,1140.0,1,0,0
297.5,308.2,1327,56.5,189,10.699999999999989,74975.5,10678.5,1,0,0
298.7,309.0,1843,25.8,130,10.300000000000011,47549.4,3354.0,0,1,0
302.3,310.8,1721,28.4,215,8.5,48876.399999999994,6106.0,0,1,0
302.7,312.4,1433,44.2,17,9.699999999999989,63338.600000000006,751.4000000000001,1,0,0
296.8,307.6,1368,52.0,140,10.800000000000011,71136.0,7280.0,1,0,0
300.8,312.4,1825,23.8,127,11.599999999999966,43435.0,3022.6,1,0,0
301.9,311.1,1380,51.6,184,9.200000000000045,71208.0,9494.4,0,1,0
301.5,311.0,1504,42.6,109,9.5,64070.4,4643.400000000001,0,1,0
301.3,311.1,1438,43.0,137,9.800000000000011,61834.0,5891.0,0,1,0
297.8,309.1,1424,45.5,2,11.300000000000011,64792.0,91.0,0,1,0
304.1,313.3,1397,49.6,34,9.199999999999989,69291.2,1686.4,0,0,0
300.7,310.6,1654,34.2,89,9.900000000000034,56566.8,3043.8,1,0,0
297.4,308.3,1801,26.9,11,10.900000000000034,48446.899999999994,295.9,1,0,0
300.2,309.8,1526,45.6,175,9.600000000000023,69585.6,7980.0,1,0,0
297.2,308.4,1833,25.2,117,11.199999999999989,46191.6,2948.4,1,0,0
300.0,309.6,1526,46.4,150,9.600000000000023,70806.4,6960.0,1,0,0
303.5,312.3,1593,35.2,29,8.800000000000011,56073.600000000006,1020.8000000000001,0,1,0
300.4,309.6,1571,33.6,126,9.200000000000045,52785.600000000006,4233.6,0,0,0
300.5,309.5,1542,38.5,108,9.0,59367.0,4158.0,1,0,0
299.6,309.2,1713,26.5,167,9.599999999999966,45394.5,4425.5,1,0,0
300.2,311.6,1372,49.2,195,11.400000000000034,67502.40000000001,9594.0,1,0,0
299.8,310.6,1574,31.8,113,10.800000000000011,50053.200000000004,3593.4,0,1,0
299.8,311.2,1706,29.2,148,11.399999999999977,49815.2,4321.599999999999,0,1,0
295.6,306.2,1424,42.5,58,10.599999999999966,60520.0,2465.0,1,0,0
297.3,308.2,1677,34.9,21,10.899999999999977,58527.299999999996,732.9,0,1,0
298.3,308.0,1242,62.0,98,9.699999999999989,77004.0,6076.0,1,0,0
297.5,308.3,1596,36.8,77,10.800000000000011,58732.799999999996,2833.6,1,0,0
301.7,310.5,1399,53.2,174,8.800000000000011,74426.8,9256.800000000001,1,0,0
303.0,311.1,1980,20.2,137,8.100000000000023,39996.0,2767.4,1,0,0
299.3,308.6,1384,53.6,218,9.300000000000011,74182.40000000001,11684.800000000001,1,0,1
299.9,311.4,1627,36.7,118,11.5,59710.9,4330.6,1,0,0
302.2,310.6,1570,34.6,163,8.400000000000034,54322.0,5639.8,0,1,0
301.1,310.6,1429,52.7,35,9.5,75308.3,1844.5,0,1,0
300.8,311.1,1583,32.1,116,10.300000000000011,50814.3,3723.6000000000004,0,1,0
300.3,311.8,1607,33.7,199,11.5,54155.9,6706.3,0,1,0
303.0,311.3,1793,29.3,157,8.300000000000011,52534.9,4600.1,1,0,0
297.6,308.6,1393,40.4,127,11.0,56277.2,5130.8,1,0,0
300.0,309.4,1460,43.5,102,9.399999999999977,63510.0,4437.0,1,0,0
299.1,310.1,1367,45.6,44,11.0,62335.200000000004,2006.4,1,0,0
299.2,308.4,1476,32.7,101,9.199999999999989,48265.200000000004,3302.7000000000003,0,1,0
300.8,311.3,1462,41.4,75,10.5,60526.799999999996,3105.0,1,0,0
297.2,308.4,1460,42.1,41,11.199999999999989,61466.0,1726.1000000000001,1,0,0
303.3,312.2,1457,40.7,48,8.899999999999977,59299.9,1953.6000000000001,1,0,0
300.7,310.1,1721,32.3,170,9.400000000000034,55588.299999999996,5490.999999999999,1,0,0
298.1,307.6,1498,42.9,171,9.5,64264.2,7335.9,1,0,0
297.7,309.1,1563,39.3,56,11.400000000000034,61425.899999999994,2200.7999999999997,1,0,0
302.0,310.6,1361,46.7,182,8.600000000000023,63558.700000000004,8499.4,1,0,0
298.5,309.6,1462,45.1,115,11.100000000000023,65936.2,5186.5,1,0,0
301.2,310.5,1546,40.0,55,9.300000000000011,61840.0,2200.0,1,0,0
297.8,308.9,1282,58.1,108,11.099999999999966,74484.2,6274.8,1,0,0
297.6,309.1,1449,49.1,174,11.5,71145.90000000001,8543.4,1,0,0
296.9,307.4,1521,37.9,27,10.5,57645.9,1023.3,0,1,0
302.1,311.1,1605,37.6,171,9.0,60348.0,6429.6,0,1,0
301.4,310.6,1464,37.4,74,9.200000000000045,54753.6,2767.6,0,1,0
298.6,309.8,1496,37.7,134,11.199999999999989,56399.200000000004,5051.8,1,0,0
301.4,311.2,1434,47.6,52,9.800000000000011,68258.40000000001,2475.2000000000003,0,1,0
302.5,311.9,1414,51.6,205,9.399999999999977,72962.40000000001,10578.0,0,1,0
295.5,306.0,1423,45.3,205,10.5,64461.899999999994,9286.5,0,1,0
301.5,310.4,1543,34.0,55,8.899999999999977,52462.0,1870.0,1,0,0
302.1,311.2,1417,48.0,13,9.099999999999966,68016.0,624.0,1,0,0
299.8,309.5,1590,28.5,23,9.699999999999989,45315.0,655.5,1,0,0
298.2,308.7,1447,48.4,51,10.5,70034.8,2468.4,1,0,0
303.4,312.8,1590,36.3,113,9.400000000000034,57716.99999999999,4101.9,0,1,0
302.2,311.1,1640,32.8,77,8.900000000000034,53791.99999999999,2525.6,0,1,0
300.4,310.1,1484,38.0,198,9.700000000000045,56392.0,7524.0,0,0,0
298.8,310.3,1553,36.8,97,11.5,57150.399999999994,3569.6,1,0,0
298.9,310.1,1466,43.4,50,11.200000000000045,63624.4,2170.0,1,0,0
302.3,310.2,1506,33.8,43,7.899999999999977,50902.799999999996,1453.3999999999999,0,0,0
301.9,311.3,1366,55.6,57,9.400000000000034,75949.6,3169.2000000000003,1,0,0
298.8,309.8,1490,40.6,124,11.0,60494.0,5034.400000000001,1,0,0
300.6,309.6,1682,30.7,78,9.0,51637.4,2394.6,1,0,0
298.9,309.3,1632,32.5,55,10.400000000000034,53040.0,1787.5,0,1,0
302.4,312.0,1545,36.4,12,9.600000000000023,56238.0,436.79999999999995,1,0,0
297.4,308.5,1566,31.4,76,11.100000000000023,49172.399999999994,2386.4,0,1,0
297.6,308.9,1449,47.7,209,11.299999999999955,69117.3,9969.300000000001,1,0,0
300.7,310.2,1364,65.3,208,9.5,89069.2,13582.4,0,0,1
296.3,307.2,1424,42.0,196,10.899999999999977,59808.0,8232.0,0,0,0
299.4,309.0,1404,47.3,86,9.600000000000023,66409.2,4067.7999999999997,1,0,0
301.7,310.7,1442,41.1,89,9.0,59266.200000000004,3657.9,0,1,0
302.2,311.5,1616,34.0,19,9.300000000000011,54944.0,646.0,1,0,0
303.3,311.3,1566,46.1,41,8.0,72192.6,1890.1000000000001,0,1,0
297.8,308.4,1579,36.6,152,10.599999999999966,57791.4,5563.2,0,1,0
301.8,310.5,1548,34.1,93,8.699999999999989,52786.8,3171.3,1,0,0
297.8,309.0,1410,48.8,23,11.199999999999989,68808.0,1122.3999999999999,0,0,0
300.1,310.5,1394,44.3,121,10.399999999999977,61754.2,5360.299999999999,1,0,0
302.5,310.5,1527,38.8,136,8.0,59247.6,5276.799999999999,0,1,0
301.8,311.1,1663,31.6,199,9.300000000000011,52550.8,6288.400000000001,0,1,0
300.2,311.3,1487,36.9,71,11.100000000000023,54870.299999999996,2619.9,1,0,0
301.5,310.6,1405,42.3,83,9.100000000000023,59431.49999999999,3510.8999999999996,1,0,0
299.8,309.4,1467,46.2,219,9.599999999999966,67775.40000000001,10117.800000000001,1,0,0
299.3,308.8,1603,33.9,203,9.5,54341.7,6881.7,1,0,0
302.4,311.8,1465,40.2,143,9.400000000000034,58893.00000000001,5748.6,1,0,0
302.0,310.5,1573,32.1,143,8.5,50493.3,4590.3,0,1,0
303.3,311.7,1508,35.5,217,8.399999999999977,53534.0,7703.5,1,0,0
296.5,307.4,1523,40.7,85,10.899999999999977,61986.100000000006,3459.5000000000005,1,0,0
302.5,311.5,1358,52.7,139,9.0,71566.6,7325.3,0,1,0
297.7,308.8,1616,34.2,114,11.100000000000023,55267.200000000004,3898.8,1,0,0
298.4,307.9,1743,27.3,134,9.5,47583.9,3658.2000000000003,1,0,0
299.6,308.9,1422,53.2,120,9.299999999999955,75650.40000000001,6384.0,1,0,0
300.6,309.8,1455,48.0,125,9.199999999999989,69840.0,6000.0,1,0,0
298.4,308.6,1569,34.4,160,10.200000000000045,53973.6,5504.0,1,0,0
299.7,309.4,1362,51.9,117,9.699999999999989,70687.8,6072.3,1,0,0
298.5,309.1,1474,41.3,189,10.600000000000023,60876.2,7805.7,1,0,0
301.2,309.9,1362,50.7,25,8.699999999999989,69053.40000000001,1267.5,0,0,0
297.4,308.7,1582,31.9,161,11.300000000000011,50465.799999999996,5135.9,0,1,0
298.9,309.6,1583,39.8,202,10.700000000000045,63003.399999999994,8039.599999999999,1,0,0
300.5,309.9,1343,63.7,124,9.399999999999977,85549.1,7898.8,0,1,0
299.5,310.8,1507,40.2,156,11.300000000000011,60581.4,6271.200000000001,0,1,0
302.7,312.2,1585,35.5,167,9.5,56267.5,5928.5,0,1,0
302.9,311.0,1402,40.7,52,8.100000000000023,57061.4,2116.4,0,1,0
298.1,309.6,1549,38.7,43,11.5,59946.3,1664.1000000000001,0,1,0
298.3,308.4,1329,49.2,166,10.099999999999966,65386.8,8167.200000000001,1,0,0
298.3,308.9,1348,55.5,102,10.599999999999966,74814.0,5661.0,1,0,0
299.4,309.1,1304,50.5,153,9.700000000000045,65852.0,7726.5,1,0,0
298.5,309.5,1535,39.8,87,11.0,61092.99999999999,3462.6,0,1,0
302.8,312.2,1458,51.0,42,9.399999999999977,74358.0,2142.0,1,0,0
302.2,311.4,1754,26.9,33,9.199999999999989,47182.6,887.6999999999999,1,0,0
303.5,312.4,1574,32.7,175,8.899999999999977,51469.8,5722.500000000001,1,0,0
303.4,311.5,1414,44.8,71,8.100000000000023,63347.2,3180.7999999999997,1,0,0
301.2,311.4,1757,28.0,6,10.199999999999989,49196.0,168.0,1,0,0
297.9,307.7,1464,43.2,97,9.800000000000011,63244.8,4190.400000000001,0,0,0
299.3,310.2,1495,49.2,16,10.899999999999977,73554.0,787.2,1,0,0
297.7,307.7,1581,34.9,31,10.0,55176.899999999994,1081.8999999999999,1,0,0
300.0,311.2,1418,47.3,60,11.199999999999989,67071.4,2838.0,1,0,0
303.9,313.2,1590,31.9,5,9.300000000000011,50721.0,159.5,1,0,0
297.7,308.1,1697,29.1,179,10.400000000000034,49382.700000000004,5208.900000000001,1,0,0
299.7,311.2,1560,43.9,126,11.5,68484.0,5531.4,0,1,0
297.4,308.5,1638,32.2,84,11.100000000000023,52743.600000000006,2704.8,0,1,0
302.1,310.7,1465,40.7,13,8.599999999999966,59625.50000000001,529.1,1,0,0
299.1,308.5,1455,39.8,145,9.399999999999977,57908.99999999999,5771.0,1,0,0
298.6,308.2,1390,51.4,168,9.599999999999966,71446.0,8635.199999999999,1,0,0
299.2,310.3,1463,38.9,160,11.100000000000023,56910.7,6224.0,1,0,0
300.5,311.9,1887,21.7,56,11.399999999999977,40947.9,1215.2,1,0,0
301.6,310.7,1429,43.6,176,9.099999999999966,62304.4,7673.6,1,0,0
303.1,311.0,1510,47.6,16,7.899999999999977,71876.0,761.6,0,1,0
302.4,311.0,1464,44.2,106,8.600000000000023,64708.8,4685.200000000001,0,1,0
301.5,310.7,1416,53.2,69,9.199999999999989,75331.2,3670.8,0,1,0
302.1,310.8,1565,35.3,6,8.699999999999989,55244.49999999999,211.79999999999998,1,0,0
299.5,308.7,2549,13.0,179,9.199999999999989,33137.0,2327.0,1,0,1
301.4,310.8,1698,29.6,99,9.400000000000034,50260.8,2930.4,1,0,0
297.4,308.8,1447,58.1,129,11.400000000000034,84070.7,7494.900000000001,1,0,0
299.4,310.6,1418,53.1,10,11.200000000000045,75295.8,531.0,1,0,0
297.3,308.3,1333,55.2,11,11.0,73581.6,607.2,1,0,0
302.6,310.4,1532,36.1,77,7.7999999999999545,55305.200000000004,2779.7000000000003,0,1,0
300.4,311.8,1636,32.3,7,11.400000000000034,52842.799999999996,226.09999999999997,1,0,0
300.6,312.0,1670,29.4,134,11.399999999999977,49098.0,3939.6,1,0,0
297.9,307.6,1418,43.0,207,9.700000000000045,60974.0,8901.0,0,0,0
298.3,310.0,1507,44.7,73,11.699999999999989,67362.90000000001,3263.1000000000004,1,0,0
302.5,311.4,1674,27.0,223,8.899999999999977,45198.0,6021.0,1,0,0
300.1,309.1,1478,46.9,116,9.0,69318.2,5440.4,1,0,0
300.7,309.5,1692,30.3,64,8.800000000000011,51267.6,1939.2,1,0,0
300.7,311.2,1769,26.5,63,10.5,46878.5,1669.5,0,1,0
297.4,308.9,1500,46.3,137,11.5,69450.0,6343.099999999999,0,1,0
301.7,310.1,1743,27.3,210,8.400000000000034,47583.9,5733.0,0,1,0
298.8,310.1,1704,30.7,150,11.300000000000011,52312.799999999996,4605.0,0,0,0
298.5,310.0,1492,41.2,19,11.5,61470.4,782.8000000000001,1,0,0
300.5,311.6,1456,51.1,193,11.100000000000023,74401.6,9862.300000000001,0,1,0
302.2,311.5,1479,39.5,36,9.300000000000011,58420.5,1422.0,0,1,0
296.5,307.3,1579,34.5,166,10.800000000000011,54475.5,5727.0,1,0,0
300.5,310.3,1683,31.5,8,9.800000000000011,53014.5,252.0,1,0,0
303.2,312.6,1281,57.0,144,9.400000000000034,73017.0,8208.0,1,0,0
302.6,310.5,1748,28.2,2,7.899999999999977,49293.6,56.4,1,0,0
301.8,310.3,1341,50.5,64,8.5,67720.5,3232.0,1,0,1
302.5,310.5,1918,21.6,131,8.0,41428.8,2829.6000000000004,0,1,0
299.6,310.7,1393,52.1,110,11.099999999999966,72575.3,5731.0,1,0,0
298.9,308.6,1469,34.2,93,9.700000000000045,50239.8,3180.6000000000004,0,1,0
300.9,310.4,1454,43.1,43,9.5,62667.4,1853.3,1,0,0
300.1,309.2,1326,55.9,55,9.099999999999966,74123.4,3074.5,1,0,0
297.0,307.9,1479,39.2,151,10.899999999999977,57976.8,5919.200000000001,1,0,0
300.4,311.7,1511,33.0,200,11.300000000000011,49863.0,6600.0,0,1,0
302.1,310.0,1531,38.0,161,7.899999999999977,58178.0,6118.0,0,1,0
302.3,311.7,1453,42.5,56,9.399999999999977,61752.5,2380.0,0,1,0
300.6,310.1,1485,49.9,19,9.5,74101.5,948.1,1,0,0
298.2,308.1,1532,42.5,154,9.900000000000034,65110.0,6545.0,1,0,0
301.2,312.4,1378,59.0,95,11.199999999999989,81302.0,5605.0,1,0,0
300.3,309.2,1490,47.9,163,8.899999999999977,71371.0,7807.7,0,1,0
295.9,306.6,1532,38.6,104,10.700000000000045,59135.200000000004,4014.4,0,1,0
301.2,311.0,1612,32.9,129,9.800000000000011,53034.799999999996,4244.099999999999,1,0,0
300.1,309.2,1599,30.1,216,9.099999999999966,48129.9,6501.6,1,0,0
300.7,309.5,1592,29.0,17,8.800000000000011,46168.0,493.0,1,0,0
302.8,312.2,1515,36.8,162,9.399999999999977,55751.99999999999,5961.599999999999,1,0,0
299.0,310.0,2049,19.5,111,11.0,39955.5,2164.5,0,1,0
300.9,311.1,1417,40.7,24,10.200000000000045,57671.9,976.8000000000001,1,0,0
301.2,310.1,2280,15.7,11,8.900000000000034,35796.0,172.7,0,1,0
299.6,309.1,1435,48.4,143,9.5,69454.0,6921.2,0,1,0
302.5,312.0,1436,43.5,184,9.5,62466.0,8004.0,0,1,0
301.5,310.3,1415,41.6,28,8.800000000000011,58864.0,1164.8,1,0,0
303.4,311.5,1483,43.0,117,8.100000000000023,63769.0,5031.0,0,1,0
299.3,310.5,1529,41.3,17,11.199999999999989,63147.7,702.0999999999999,1,0,0
298.9,310.1,1458,44.3,156,11.200000000000045,64589.399999999994,6910.799999999999,0,0,0
298.8,309.1,1368,50.8,115,10.300000000000011,69494.4,5842.0,1,0,0
299.3,309.2,1541,37.2,118,9.899999999999977,57325.200000000004,4389.6,1,0,0
297.2,308.6,1335,53.0,39,11.400000000000034,70755.0,2067.0,1,0,0
300.7,310.1,1542,35.5,191,9.400000000000034,54741.0,6780.5,1,0,0
302.3,310.9,1720,28.1,178,8.599999999999966,48332.0,5001.8,1,0,0
299.4,308.9,1451,40.5,168,9.5,58765.5,6804.0,1,0,0
296.9,308.4,1390,41.8,184,11.5,58101.99999999999,7691.2,1,0,0
302.5,310.2,1329,50.6,148,7.699999999999989,67247.40000000001,7488.8,1,0,1
302.4,311.2,1506,40.8,204,8.800000000000011,61444.799999999996,8323.199999999999,0,0,0
303.5,312.9,1332,52.9,66,9.399999999999977,70462.8,3491.4,1,0,0
299.2,308.5,1544,41.6,146,9.300000000000011,64230.4,6073.6,1,0,0
298.9,309.7,1449,48.8,147,10.800000000000011,70711.2,7173.599999999999,1,0,0
297.0,308.3,1399,46.4,132,11.300000000000011,64913.6,6124.8,0,1,0
303.6,312.0,1391,50.3,101,8.399999999999977,69967.3,5080.299999999999,1,0,0
300.4,310.8,1348,56.0,146,10.400000000000034,75488.0,8176.0,1,0,0
297.5,308.7,1761,26.2,164,11.199999999999989,46138.2,4296.8,1,0,0
300.1,309.2,1418,39.8,221,9.099999999999966,56436.399999999994,8795.8,0,1,0
299.3,308.8,1442,49.0,165,9.5,70658.0,8085.0,0,1,0
304.2,313.3,1464,45.9,48,9.100000000000023,67197.59999999999,2203.2,1,0,0
300.5,311.4,1466,41.8,112,10.899999999999977,61278.799999999996,4681.599999999999,1,0,0
301.0,311.7,1670,31.3,150,10.699999999999989,52271.0,4695.0,1,0,0
303.3,312.7,1643,30.7,142,9.399999999999977,50440.1,4359.4,1,0,0
301.3,310.4,1346,46.7,90,9.099999999999966,62858.200000000004,4203.0,1,0,0
300.5,311.9,1431,49.4,37,11.399999999999977,70691.4,1827.8,1,0,0
300.5,310.8,1354,51.8,157,10.300000000000011,70137.2,8132.599999999999,1,0,0
298.2,308.7,1991,20.5,36,10.5,40815.5,738.0,1,0,0
301.0,310.4,1476,43.6,173,9.399999999999977,64353.6,7542.8,1,0,0
296.0,306.7,2044,22.3,48,10.699999999999989,45581.200000000004,1070.4,0,1,0
296.8,307.8,1394,47.7,155,11.0,66493.8,7393.5,1,0,0
298.3,308.0,1442,47.3,65,9.699999999999989,68206.59999999999,3074.5,1,0,0
301.3,310.6,1416,45.2,88,9.300000000000011,64003.200000000004,3977.6000000000004,1,0,0
297.7,308.1,1469,48.8,183,10.400000000000034,71687.2,8930.4,0,1,0
298.9,308.9,1422,47.6,15,10.0,67687.2,714.0,1,0,0
296.8,307.9,1698,30.8,48,11.099999999999966,52298.4,1478.4,1,0,0
301.1,310.2,1455,55.3,9,9.099999999999966,80461.5,497.7,1,0,0
298.5,308.3,1381,50.5,22,9.800000000000011,69740.5,1111.0,0,1,0
299.6,310.1,1487,42.9,42,10.5,63792.299999999996,1801.8,1,0,0
299.2,310.4,1379,46.8,39,11.199999999999989,64537.2,1825.1999999999998,1,0,0
297.1,307.8,1477,36.6,177,10.699999999999989,54058.200000000004,6478.2,1,0,0
303.8,312.5,1525,38.0,209,8.699999999999989,57950.0,7942.0,0,0,0
302.5,311.8,2370,14.7,198,9.300000000000011,34839.0,2910.6,0,0,0
302.1,310.6,1459,47.6,93,8.5,69448.40000000001,4426.8,1,0,0
298.3,309.4,1570,35.6,138,11.099999999999966,55892.0,4912.8,1,0,0
299.1,308.3,1426,40.1,60,9.199999999999989,57182.6,2406.0,1,0,0
298.9,308.4,1632,31.8,17,9.5,51897.6,540.6,0,0,0
298.5,309.6,1419,41.5,105,11.100000000000023,58888.5,4357.5,1,0,0
300.1,310.1,1306,64.7,57,10.0,84498.2,3687.9,1,0,0
298.3,308.8,1391,50.4,13,10.5,70106.4,655.1999999999999,0,1,0
300.0,309.3,2293,16.3,170,9.300000000000011,37375.9,2771.0,0,1,0
301.4,310.6,1630,30.3,2,9.200000000000045,49389.0,60.6,0,1,0
299.3,309.0,1425,40.6,123,9.699999999999989,57855.0,4993.8,0,0,0
300.7,309.5,1251,59.9,120,8.800000000000011,74934.9,7188.0,1,0,0
300.3,311.9,1677,30.8,48,11.599999999999966,51651.6,1478.4,0,1,0
301.1,311.2,1384,49.4,48,10.099999999999966,68369.59999999999,2371.2,0,1,0
298.0,309.0,1679,32.4,90,11.0,54399.6,2916.0,1,0,0
300.7,310.7,1347,46.5,183,10.0,62635.5,8509.5,0,1,0
301.9,309.6,1551,34.6,211,7.7000000000000455,53664.600000000006,7300.6,0,1,0
296.3,307.1,1534,33.8,151,10.800000000000011,51849.2,5103.799999999999,0,1,0
302.7,312.1,1688,32.0,155,9.400000000000034,54016.0,4960.0,1,0,0
297.3,308.5,1514,44.5,177,11.199999999999989,67373.0,7876.5,1,0,0
302.2,311.6,1416,54.1,48,9.400000000000034,76605.6,2596.8,1,0,0
297.8,308.4,1622,38.3,134,10.599999999999966,62122.6,5132.2,1,0,0
296.2,307.3,1475,37.0,44,11.100000000000023,54575.0,1628.0,1,0,0
296.9,307.8,1605,37.0,84,10.900000000000034,59385.0,3108.0,1,0,0
302.2,311.6,1386,50.5,69,9.400000000000034,69993.0,3484.5,0,1,0
297.0,307.7,1315,60.1,128,10.699999999999989,79031.5,7692.8,1,0,0
302.5,312.2,1738,25.3,14,9.699999999999989,43971.4,354.2,1,0,0
298.5,309.4,1578,36.3,71,10.899999999999977,57281.399999999994,2577.2999999999997,1,0,0
299.5,309.4,1386,44.4,154,9.899999999999977,61538.4,6837.599999999999,0,0,0
300.5,309.7,1384,48.6,141,9.199999999999989,67262.40000000001,6852.6,1,0,0
303.7,312.7,1612,36.3,200,9.0,58515.6,7259.999999999999,0,1,0
299.2,308.5,1487,41.2,140,9.300000000000011,61264.4,5768.0,1,0,0
299.7,309.1,1473,39.4,125,9.400000000000034,58036.2,4925.0,1,0,0
302.3,311.7,1544,43.2,128,9.399999999999977,66700.8,5529.6,1,0,0
298.6,309.5,1584,31.8,27,10.899999999999977,50371.200000000004,858.6,0,0,0
300.5,309.7,1685,29.4,140,9.199999999999989,49539.0,4116.0,0,1,0
302.5,310.3,1405,57.4,152,7.800000000000011,80647.0,8724.8,1,0,0
298.6,309.6,1344,59.4,200,11.0,79833.59999999999,11880.0,0,1,0
297.2,308.5,2182,16.5,127,11.300000000000011,36003.0,2095.5,1,0,0
299.8,310.2,1537,36.6,191,10.399999999999977,56254.200000000004,6990.6,0,0,0
304.1,313.2,1434,50.1,43,9.099999999999966,71843.40000000001,2154.3,1,0,0
303.4,311.8,1693,28.3,175,8.400000000000034,47911.9,4952.5,0,0,0
300.9,310.5,1570,40.1,79,9.600000000000023,62957.0,3167.9,1,0,0
300.7,311.0,1596,36.9,174,10.300000000000011,58892.399999999994,6420.599999999999,1,0,0
302.2,311.7,1393,42.5,53,9.5,59202.5,2252.5,0,1,0
297.2,307.9,1337,58.1,184,10.699999999999989,77679.7,10690.4,1,0,0
300.3,311.8,1451,41.0,55,11.5,59491.0,2255.0,1,0,0
299.5,310.8,1374,48.3,154,11.300000000000011,66364.2,7438.2,1,0,0
298.5,309.3,1615,31.8,23,10.800000000000011,51357.0,731.4,0,1,0
297.4,308.3,1774,28.9,166,10.900000000000034,51268.6,4797.4,0,1,0
299.0,308.9,1526,41.1,20,9.899999999999977,62718.6,822.0,0,1,0
296.9,308.0,1497,44.8,57,11.100000000000023,67065.59999999999,2553.6,0,1,0
300.7,312.1,1498,44.0,155,11.400000000000034,65912.0,6820.0,1,0,0
301.9,310.9,1317,51.9,40,9.0,68352.3,2076.0,0,1,0
300.5,309.8,1473,42.3,121,9.300000000000011,62307.899999999994,5118.299999999999,0,1,0
302.7,311.7,1784,25.1,177,9.0,44778.4,4442.7,0,1,0
302.3,310.1,1353,50.9,36,7.800000000000011,68867.7,1832.3999999999999,1,0,1
301.4,310.4,1639,28.9,94,9.0,47367.1,2716.6,1,0,0
300.6,312.0,1406,55.1,136,11.399999999999977,77470.6,7493.6,1,0,0
299.0,309.4,1693,30.1,84,10.399999999999977,50959.3,2528.4,1,0,0
301.3,310.6,1376,47.6,45,9.300000000000011,65497.6,2142.0,1,0,0
297.9,308.5,1449,40.8,157,10.600000000000023,59119.2,6405.599999999999,0,1,0
302.3,311.3,1457,44.5,83,9.0,64836.5,3693.5,1,0,0
297.5,308.8,1312,50.3,159,11.300000000000011,65993.59999999999,7997.7,1,0,0
297.5,309.1,1515,35.1,213,11.600000000000023,53176.5,7476.3,1,0,0
298.6,309.6,1353,62.5,9,11.0,84562.5,562.5,1,0,0
301.0,310.9,1809,25.7,192,9.899999999999977,46491.299999999996,4934.4,1,0,0
299.6,310.1,1455,46.1,76,10.5,67075.5,3503.6,0,1,0
303.6,312.8,1689,33.1,16,9.199999999999989,55905.9,529.6,0,1,0
300.4,310.5,2424,14.5,12,10.100000000000023,35148.0,174.0,1,0,0
297.9,308.5,1305,47.2,155,10.600000000000023,61596.00000000001,7316.0,1,0,0
297.4,308.6,1452,41.2,197,11.200000000000045,59822.4,8116.400000000001,0,1,0
299.0,308.7,1620,35.4,199,9.699999999999989,57348.0,7044.599999999999,0,1,0
298.4,308.2,1471,47.0,214,9.800000000000011,69137.0,10058.0,1,0,0
300.2,309.7,1413,43.0,137,9.5,60759.0,5891.0,0,1,0
300.5,311.5,1316,49.7,55,11.0,65405.200000000004,2733.5,1,0,0
302.4,310.4,1456,47.6,127,8.0,69305.6,6045.2,1,0,0
299.1,308.8,1329,53.6,207,9.699999999999989,71234.40000000001,11095.2,1,0,1
297.8,307.4,1330,51.7,183,9.599999999999966,68761.0,9461.1,0,1,0
297.0,307.9,1350,47.7,168,10.899999999999977,64395.00000000001,8013.6,1,0,0
297.1,308.0,1348,58.0,162,10.899999999999977,78184.0,9396.0,1,0,0
297.6,308.3,1400,44.3,43,10.699999999999989,62019.99999999999,1904.8999999999999,0,0,0
297.9,307.8,1538,38.5,123,9.900000000000034,59213.0,4735.5,1,0,0
301.7,310.6,1447,56.9,47,8.900000000000034,82334.3,2674.2999999999997,1,0,0
300.7,310.7,1507,46.1,209,10.0,69472.7,9634.9,1,0,0
296.8,308.0,1561,38.3,9,11.199999999999989,59786.299999999996,344.7,1,0,0
298.9,308.6,2069,18.7,27,9.700000000000045,38690.299999999996,504.9,1,0,0
301.2,310.7,1543,32.9,40,9.5,50764.7,1316.0,0,1,0
297.3,308.4,1491,46.5,29,11.099999999999966,69331.5,1348.5,1,0,0
300.7,310.8,1479,49.1,71,10.100000000000023,72618.90000000001,3486.1,1,0,0
302.2,311.3,1577,29.8,112,9.100000000000023,46994.6,3337.6,0,1,0
298.7,309.7,1293,59.1,125,11.0,76416.3,7387.5,1,0,0
298.9,309.8,1363,50.6,115,10.900000000000034,68967.8,5819.0,0,1,0
301.5,310.6,1579,28.0,220,9.100000000000023,44212.0,6160.0,1,0,0
301.1,311.2,1555,35.3,172,10.099999999999966,54891.49999999999,6071.599999999999,1,0,0
298.0,309.6,1403,51.3,122,11.600000000000023,71973.9,6258.599999999999,1,0,0
297.9,308.0,1490,46.2,6,10.100000000000023,68838.0,277.20000000000005,1,0,0
300.9,310.4,1541,39.1,17,9.5,60253.100000000006,664.7,1,0,0
300.2,311.6,1999,21.0,19,11.400000000000034,41979.0,399.0,1,0,0
298.8,309.6,1384,48.2,39,10.800000000000011,66708.8,1879.8000000000002,0,1,0
300.6,310.0,1483,44.0,97,9.399999999999977,65252.0,4268.0,0,0,0
300.3,309.8,1466,41.2,156,9.5,60399.200000000004,6427.200000000001,1,0,0
300.2,309.4,1329,53.6,186,9.199999999999989,71234.40000000001,9969.6,0,1,0
297.4,308.4,1582,37.2,68,11.0,58850.4,2529.6000000000004,1,0,0
298.7,309.8,1365,50.5,111,11.100000000000023,68932.5,5605.5,1,0,0
300.8,311.4,1322,67.2,18,10.599999999999966,88838.40000000001,1209.6000000000001,1,0,1
297.7,308.9,1575,39.9,12,11.199999999999989,62842.5,478.79999999999995,1,0,0
302.8,312.3,1416,42.7,241,9.5,60463.200000000004,10290.7,0,1,0
302.4,310.8,1686,28.8,150,8.400000000000034,48556.8,4320.0,1,0,0
300.5,309.6,1465,41.6,217,9.100000000000023,60944.0,9027.2,1,0,0
299.3,310.9,1669,32.4,5,11.599999999999966,54075.6,162.0,1,0,0
297.4,308.7,1429,37.6,118,11.300000000000011,53730.4,4436.8,0,0,0
300.5,309.9,1735,27.0,107,9.399999999999977,46845.0,2889.0,0,1,0
303.9,312.9,1526,42.5,194,9.0,64855.0,8245.0,1,0,0
297.8,308.5,1448,40.0,192,10.699999999999989,57920.0,7680.0,1,0,0
297.5,309.2,1426,44.8,24,11.699999999999989,63884.799999999996,1075.1999999999998,1,0,0
299.0,308.9,1622,31.9,42,9.899999999999977,51741.799999999996,1339.8,1,0,0
298.3,309.3,1529,41.7,5,11.0,63759.3,208.5,0,0,0
301.3,310.4,1538,38.4,65,9.099999999999966,59059.2,2496.0,0,0,0
302.3,311.3,1444,43.1,115,9.0,62236.4,4956.5,0,1,0
300.9,310.7,1362,51.6,212,9.800000000000011,70279.2,10939.2,0,1,0
300.7,311.8,1443,43.7,217,11.100000000000023,63059.100000000006,9482.900000000001,1,0,0
300.9,310.8,1701,30.4,55,9.900000000000034,51710.399999999994,1672.0,1,0,0
298.0,308.6,1376,55.7,214,10.600000000000023,76643.2,11919.800000000001,0,1,0
301.8,310.7,1420,52.0,88,8.899999999999977,73840.0,4576.0,0,1,0
300.7,311.7,1499,38.4,205,11.0,57561.6,7872.0,1,0,0
301.4,310.5,1489,43.5,98,9.100000000000023,64771.5,4263.0,1,0,0
297.3,308.4,1339,52.1,36,11.099999999999966,69761.90000000001,1875.6000000000001,1,0,0
298.8,310.6,1602,39.1,211,11.800000000000011,62638.200000000004,8250.1,1,0,0
302.0,309.8,1532,39.4,2,7.800000000000011,60360.799999999996,78.8,1,0,0
297.4,308.5,1465,55.9,153,11.100000000000023,81893.5,8552.699999999999,0,1,0
302.7,310.5,1568,36.9,28,7.800000000000011,57859.2,1033.2,0,0,0
297.5,309.0,1470,43.5,191,11.5,63945.0,8308.5,1,0,0
301.2,310.6,1352,52.0,69,9.400000000000034,70304.0,3588.0,0,0,0
302.3,310.1,1321,52.7,134,7.800000000000011,69616.7,7061.8,1,0,1
299.1,310.2,1456,48.4,101,11.099999999999966,70470.4,4888.4,0,1,0
299.5,309.0,1701,28.6,98,9.5,48648.600000000006,2802.8,0,1,0
298.2,308.7,1361,44.2,0,10.5,60156.200000000004,0.0,0,1,0
301.1,311.0,1339,52.8,194,9.899999999999977,70699.2,10243.199999999999,0,0,0
299.0,310.1,2053,19.7,137,11.100000000000023,40444.1,2698.9,0,0,0
299.1,310.4,1519,45.3,92,11.299999999999955,68810.7,4167.599999999999,1,0,0
303.3,311.2,1763,27.3,27,7.899999999999977,48129.9,737.1,1,0,0
303.4,312.2,1615,35.7,56,8.800000000000011,57655.50000000001,1999.2000000000003,0,1,0
300.5,312.0,1985,19.3,143,11.5,38310.5,2759.9,0,1,0
302.1,311.2,1454,59.2,153,9.099999999999966,86076.8,9057.6,1,0,1
301.0,311.6,1301,55.0,9,10.600000000000023,71555.0,495.0,0,1,0
299.1,308.5,1539,46.8,190,9.399999999999977,72025.2,8892.0,1,0,0
299.6,309.1,1588,41.3,0,9.5,65584.4,0.0,0,0,0
299.9,310.4,1419,45.7,178,10.5,64848.3,8134.6,1,0,0
298.3,308.5,1434,46.2,148,10.199999999999989,66250.8,6837.6,0,1,0
297.7,309.7,1616,31.1,20,12.0,50257.600000000006,622.0,0,0,0
300.7,309.5,1541,37.2,48,8.800000000000011,57325.200000000004,1785.6000000000001,1,0,0
301.5,310.6,1424,47.0,26,9.100000000000023,66928.0,1222.0,0,1,0
299.2,310.1,1534,37.7,10,10.900000000000034,57831.8,377.0,1,0,0
304.0,313.0,2012,21.1,115,9.0,42453.200000000004,2426.5,1,0,0
302.0,310.5,1639,32.9,94,8.5,53923.1,3092.6,0,1,0
297.6,308.7,1365,50.6,143,11.099999999999966,69069.0,7235.8,1,0,0
299.8,309.5,1739,27.5,128,9.699999999999989,47822.5,3520.0,1,0,0
301.5,310.7,1424,51.1,22,9.199999999999989,72766.40000000001,1124.2,1,0,0
297.6,309.0,1815,25.3,66,11.399999999999977,45919.5,1669.8,0,1,0
303.7,313.1,1496,47.4,48,9.400000000000034,70910.4,2275.2,1,0,0
302.4,311.0,1490,37.1,168,8.600000000000023,55279.0,6232.8,0,1,0
302.5,310.3,1488,41.8,160,7.800000000000011,62198.399999999994,6688.0,0,1,0
297.5,308.2,1610,33.6,115,10.699999999999989,54096.0,3864.0,1,0,0
304.0,313.0,1350,61.1,88,9.0,82485.0,5376.8,1,0,0
297.9,307.7,1593,34.9,83,9.800000000000011,55595.7,2896.7,1,0,0
299.8,309.4,1460,37.4,25,9.599999999999966,54604.0,935.0,1,0,0
298.4,309.4,1666,24.3,68,11.0,40483.8,1652.4,0,1,0
298.6,309.6,1611,35.7,23,11.0,57512.700000000004,821.1,1,0,0
299.3,309.1,1703,31.3,120,9.800000000000011,53303.9,3756.0,0,1,0
297.5,308.5,1375,55.6,128,11.0,76450.0,7116.8,1,0,0
303.9,313.2,1499,37.4,7,9.300000000000011,56062.6,261.8,1,0,0
297.9,307.6,1202,67.0,129,9.700000000000045,80534.0,8643.0,0,1,0
300.5,310.5,1373,47.4,56,10.0,65080.2,2654.4,1,0,0
302.2,311.2,1347,49.8,94,9.0,67080.59999999999,4681.2,0,1,0
302.0,311.2,1418,49.5,17,9.199999999999989,70191.0,841.5,0,1,0
299.8,310.0,1361,53.8,167,10.199999999999989,73221.8,8984.6,1,0,0
300.8,310.6,1551,34.5,153,9.800000000000011,53509.5,5278.5,1,0,0
302.3,311.2,1401,49.7,118,8.899999999999977,69629.7,5864.6,1,0,0
302.4,311.9,1439,36.6,212,9.5,52667.4,7759.200000000001,0,1,0
299.5,310.0,1481,43.1,90,10.5,63831.1,3879.0,1,0,0
299.0,310.1,1470,40.3,83,11.100000000000023,59240.99999999999,3344.8999999999996,1,0,0
298.5,309.5,1561,34.8,35,11.0,54322.799999999996,1218.0,1,0,0
298.9,308.7,1438,51.7,64,9.800000000000011,74344.6,3308.8,1,0,0
297.6,308.2,1995,20.5,10,10.599999999999966,40897.5,205.0,0,1,0
300.7,311.3,1374,53.1,66,10.600000000000023,72959.40000000001,3504.6,0,0,0
295.7,306.3,1915,22.4,79,10.600000000000023,42896.0,1769.6,1,0,0
297.8,307.3,1555,35.8,190,9.5,55668.99999999999,6801.999999999999,0,0,0
299.1,308.3,1431,52.3,38,9.199999999999989,74841.3,1987.3999999999999,1,0,0
299.1,310.3,1838,24.0,235,11.199999999999989,44112.0,5640.0,0,1,0
301.9,310.8,1519,39.0,90,8.900000000000034,59241.0,3510.0,1,0,0
302.6,311.7,1430,51.7,32,9.099999999999966,73931.0,1654.4,0,1,0
298.2,308.4,1379,43.1,65,10.199999999999989,59434.9,2801.5,1,0,0
299.6,309.2,1572,33.4,20,9.599999999999966,52504.799999999996,668.0,1,0,0
298.8,310.0,1672,30.4,150,11.199999999999989,50828.799999999996,4560.0,1,0,0
303.7,312.8,1627,31.7,40,9.100000000000023,51575.9,1268.0,1,0,0
298.3,310.1,1523,45.9,99,11.800000000000011,69905.7,4544.099999999999,1,0,0
297.1,308.3,1403,54.1,179,11.199999999999989,75902.3,9683.9,1,0,0
298.5,309.6,1724,26.4,100,11.100000000000023,45513.6,2640.0,1,0,0
299.7,309.1,1715,27.8,192,9.400000000000034,47677.0,5337.6,1,0,0
298.9,310.2,1696,30.2,214,11.300000000000011,51219.2,6462.8,1,0,0
300.5,309.3,1881,25.5,98,8.800000000000011,47965.5,2499.0,0,1,0
297.5,308.8,1587,34.9,166,11.300000000000011,55386.299999999996,5793.4,1,0,0
302.3,310.9,1377,46.8,166,8.599999999999966,64443.6,7768.799999999999,1,0,1
302.1,311.4,1603,35.9,104,9.299999999999955,57547.7,3733.6,1,0,0
302.3,311.0,1609,31.0,190,8.699999999999989,49879.0,5890.0,1,0,0
299.5,309.9,1402,51.7,58,10.399999999999977,72483.40000000001,2998.6000000000004,1,0,0
299.7,310.9,1477,40.4,83,11.199999999999989,59670.799999999996,3353.2,1,0,0
300.7,310.7,1450,43.4,80,10.0,62930.0,3472.0,1,0,0
301.6,310.1,1326,48.2,77,8.5,63913.200000000004,3711.4,1,0,1
302.4,311.1,1565,42.8,163,8.700000000000045,66982.0,6976.4,1,0,0
299.2,309.1,1345,60.7,191,9.900000000000034,81641.5,11593.7,1,0,1
299.2,309.0,1615,33.7,193,9.800000000000011,54425.50000000001,6504.1,1,0,0
297.3,308.1,1709,30.6,196,10.800000000000011,52295.4,5997.6,0,1,0
297.5,308.4,1587,36.1,98,10.899999999999977,57290.700000000004,3537.8,0,0,0
301.5,310.5,1600,32.8,205,9.0,52479.99999999999,6723.999999999999,0,1,0
300.9,310.0,1671,26.8,199,9.100000000000023,44782.8,5333.2,1,0,0
299.5,309.1,1476,47.8,223,9.600000000000023,70552.8,10659.4,1,0,0
300.8,310.7,1371,44.7,205,9.899999999999977,61283.700000000004,9163.5,0,1,0
301.2,309.9,1687,29.7,30,8.699999999999989,50103.9,891.0,1,0,0
298.9,310.3,1364,54.0,95,11.400000000000034,73656.0,5130.0,1,0,0
297.0,307.6,1513,42.4,124,10.600000000000023,64151.2,5257.599999999999,1,0,0
304.0,313.2,1416,46.0,128,9.199999999999989,65136.0,5888.0,1,0,0
298.5,308.8,1553,34.9,18,10.300000000000011,54199.7,628.1999999999999,0,1,0
297.6,308.4,1391,51.9,218,10.799999999999955,72192.9,11314.199999999999,0,1,0
300.7,309.7,1598,33.7,149,9.0,53852.600000000006,5021.3,1,0,0
302.4,311.5,1785,24.8,45,9.100000000000023,44268.0,1116.0,1,0,0
300.1,309.6,1642,34.5,53,9.5,56649.0,1828.5,1,0,0
301.5,310.6,1525,41.9,204,9.100000000000023,63897.5,8547.6,1,0,0
297.3,308.4,1430,45.7,15,11.099999999999966,65351.00000000001,685.5,1,0,0
300.6,310.6,1514,39.5,87,10.0,59803.0,3436.5,1,0,0
299.2,309.0,1408,47.2,0,9.800000000000011,66457.6,0.0,1,0,0
297.5,308.7,1546,38.0,123,11.199999999999989,58748.0,4674.0,0,1,0
301.7,310.6,1303,59.7,42,8.900000000000034,77789.1,2507.4,1,0,0
298.8,310.2,1583,35.7,116,11.399999999999977,56513.100000000006,4141.200000000001,0,1,0
299.2,310.6,1567,38.4,172,11.400000000000034,60172.799999999996,6604.8,1,0,0
295.7,306.4,1387,40.1,81,10.699999999999989,55618.700000000004,3248.1,0,1,0
300.0,309.7,1326,61.9,80,9.699999999999989,82079.4,4952.0,1,0,0
301.0,310.9,1813,28.5,197,9.899999999999977,51670.5,5614.5,1,0,0
298.9,309.1,1369,44.4,198,10.200000000000045,60783.6,8791.199999999999,1,0,0
299.7,310.2,1633,36.5,24,10.5,59604.5,876.0,1,0,0
298.2,307.9,1462,38.8,124,9.699999999999989,56725.6,4811.2,0,1,0
298.9,309.0,1924,22.6,193,10.100000000000023,43482.4,4361.8,0,1,0
302.4,311.1,1520,42.2,143,8.700000000000045,64144.00000000001,6034.6,1,0,0
297.9,307.6,1589,37.8,120,9.700000000000045,60064.2,4536.0,1,0,0
298.0,308.1,1440,43.7,37,10.100000000000023,62928.00000000001,1616.9,0,0,0
303.2,312.4,1663,33.7,71,9.199999999999989,56043.100000000006,2392.7000000000003,1,0,0
301.3,310.6,1529,41.8,176,9.300000000000011,63912.2,7356.799999999999,1,0,0
300.0,309.6,1618,36.2,53,9.600000000000023,58571.600000000006,1918.6000000000001,0,1,0
300.8,310.7,1461,42.8,173,9.899999999999977,62530.799999999996,7404.4,1,0,0
299.0,310.4,1504,34.3,48,11.399999999999977,51587.2,1646.3999999999999,1,0,0
300.8,310.0,1468,52.7,178,9.199999999999989,77363.6,9380.6,1,0,0
297.5,308.2,1647,31.3,3,10.699999999999989,51551.1,93.9,1,0,0
302.2,311.0,1463,46.8,150,8.800000000000011,68468.4,7020.0,1,0,0
297.0,307.9,1296,69.1,153,10.899999999999977,89553.59999999999,10572.3,1,0,1
302.9,312.2,1729,23.6,96,9.300000000000011,40804.4,2265.6000000000004,1,0,0
302.7,310.4,1305,55.2,20,7.699999999999989,72036.0,1104.0,0,0,1
297.2,308.8,1451,43.1,68,11.600000000000023,62538.1,2930.8,1,0,0
300.8,310.2,1514,40.0,155,9.399999999999977,60560.0,6200.0,1,0,0
302.2,311.5,1725,34.0,170,9.300000000000011,58650.0,5780.0,1,0,0
300.3,309.9,1393,56.1,12,9.599999999999966,78147.3,673.2,1,0,0
298.4,310.2,1725,32.0,80,11.800000000000011,55200.0,2560.0,0,1,0
303.0,311.2,1494,37.0,67,8.199999999999989,55278.0,2479.0,1,0,0
299.4,309.2,1621,34.5,48,9.800000000000011,55924.5,1656.0,1,0,0
301.3,310.1,1469,39.7,179,8.800000000000011,58319.3,7106.3,0,0,0
300.8,312.4,1767,25.6,105,11.599999999999966,45235.200000000004,2688.0,1,0,0
303.5,312.4,1606,30.1,98,8.899999999999977,48340.600000000006,2949.8,0,1,0
298.2,308.3,1475,49.9,47,10.100000000000023,73602.5,2345.2999999999997,1,0,0
299.8,309.5,1453,43.2,153,9.699999999999989,62769.600000000006,6609.6,0,1,0
298.4,309.3,1390,53.6,5,10.900000000000034,74504.0,268.0,0,1,0
300.0,309.5,1869,22.7,49,9.5,42426.299999999996,1112.3,1,0,0
298.5,309.5,1501,40.2,114,11.0,60340.200000000004,4582.8,0,1,0
297.7,309.6,1529,35.2,153,11.900000000000034,53820.8,5385.6,1,0,0
298.3,309.1,1417,60.5,143,10.800000000000011,85728.5,8651.5,1,0,0
300.5,311.6,1506,36.2,10,11.100000000000023,54517.200000000004,362.0,0,0,0
302.3,312.0,1746,28.1,167,9.699999999999989,49062.600000000006,4692.7,1,0,0
300.8,310.6,1669,28.4,79,9.800000000000011,47399.6,2243.6,0,1,0
299.2,308.5,1488,40.3,148,9.300000000000011,59966.399999999994,5964.4,1,0,0
298.3,307.8,1906,22.1,104,9.5,42122.600000000006,2298.4,1,0,0
302.2,311.1,1447,52.1,174,8.900000000000034,75388.7,9065.4,1,0,0
300.6,309.4,1463,49.2,235,8.799999999999955,71979.6,11562.0,0,0,0
301.9,311.3,1501,40.8,59,9.400000000000034,61240.799999999996,2407.2,1,0,0
300.0,309.6,1629,32.3,89,9.600000000000023,52616.7,2874.7,0,0,0
297.1,308.4,1359,46.6,176,11.299999999999955,63329.4,8201.6,0,0,0
298.5,308.7,1450,43.9,28,10.199999999999989,63655.0,1229.2,0,0,0
298.7,309.9,1654,29.1,195,11.199999999999989,48131.4,5674.5,0,1,0
296.8,308.0,1391,54.4,17,11.199999999999989,75670.4,924.8,1,0,0
302.9,311.0,1469,48.7,130,8.100000000000023,71540.3,6331.0,0,0,0
300.1,311.5,1549,34.7,189,11.399999999999977,53750.3,6558.3,1,0,0
300.3,309.2,1398,54.4,198,8.899999999999977,76051.2,10771.199999999999,1,0,0
300.1,309.7,1601,35.8,160,9.599999999999966,57315.799999999996,5728.0,1,0,0
297.5,308.4,1511,42.8,209,10.899999999999977,64670.799999999996,8945.199999999999,1,0,0
302.0,311.0,1563,36.2,8,9.0,56580.600000000006,289.6,1,0,0
298.8,309.8,1509,36.2,57,11.0,54625.8,2063.4,1,0,0
298.8,309.1,1378,54.4,165,10.300000000000011,74963.2,8976.0,1,0,0
301.7,310.2,1435,48.1,12,8.5,69023.5,577.2,1,0,0
300.5,310.0,1415,43.5,98,9.5,61552.5,4263.0,0,1,0
301.7,310.1,1424,50.2,54,8.400000000000034,71484.8,2710.8,1,0,0
297.8,307.4,1488,36.1,57,9.599999999999966,53716.8,2057.7000000000003,0,1,0
300.4,311.1,1405,54.1,193,10.700000000000045,76010.5,10441.300000000001,1,0,0
297.0,308.0,1408,47.9,54,11.0,67443.2,2586.6,0,1,0
301.7,309.9,1607,37.7,93,8.199999999999989,60583.9,3506.1000000000004,1,0,0
299.9,309.1,1345,56.8,10,9.200000000000045,76396.0,568.0,0,1,0
300.9,310.8,1493,45.8,57,9.900000000000034,68379.4,2610.6,1,0,0
301.4,311.0,1486,36.5,91,9.600000000000023,54239.0,3321.5,0,1,0
300.7,310.5,1448,38.2,218,9.800000000000011,55313.600000000006,8327.6,1,0,0
296.5,307.6,1607,33.5,104,11.100000000000023,53834.5,3484.0,1,0,0
298.8,310.0,1389,49.6,149,11.199999999999989,68894.40000000001,7390.400000000001,1,0,0
297.5,308.6,1514,36.9,134,11.100000000000023,55866.6,4944.599999999999,1,0,0
298.1,308.7,1341,55.7,30,10.599999999999966,74693.7,1671.0,1,0,0
297.8,307.8,1383,56.5,98,10.0,78139.5,5537.0,1,0,0
297.4,309.2,1459,37.9,191,11.800000000000011,55296.1,7238.9,1,0,0
301.3,310.6,1499,36.1,163,9.300000000000011,54113.9,5884.3,0,1,0
302.2,311.7,1471,45.6,140,9.5,67077.6,6384.0,1,0,0
298.2,307.8,1583,36.6,185,9.600000000000023,57937.8,6771.0,0,1,0
297.6,309.0,1413,40.2,51,11.399999999999977,56802.600000000006,2050.2000000000003,0,0,0
299.0,308.6,1734,32.4,161,9.600000000000023,56181.6,5216.4,1,0,0
298.2,308.2,1446,38.2,61,10.0,55237.200000000004,2330.2000000000003,1,0,0
304.2,313.5,1437,47.2,102,9.300000000000011,67826.40000000001,4814.400000000001,0,1,0
295.7,306.2,2270,14.6,149,10.5,33142.0,2175.4,1,0,1
300.0,309.1,1882,23.8,84,9.100000000000023,44791.6,1999.2,1,0,0
300.5,309.3,1417,51.5,231,8.800000000000011,72975.5,11896.5,1,0,1
299.3,308.5,1772,26.1,52,9.199999999999989,46249.200000000004,1357.2,1,0,0
301.5,310.6,1522,36.6,202,9.100000000000023,55705.200000000004,7393.200000000001,1,0,0
298.3,307.9,1551,33.8,72,9.599999999999966,52423.799999999996,2433.6,1,0,0
297.0,307.8,1774,28.0,188,10.800000000000011,49672.0,5264.0,1,0,0
299.2,310.8,1502,39.8,177,11.600000000000023,59779.6,7044.599999999999,0,1,0
299.7,309.6,1433,49.6,129,9.900000000000034,71076.8,6398.400000000001,0,0,0
296.6,307.4,1544,42.3,170,10.799999999999955,65311.2,7190.999999999999,0,1,0
303.7,312.8,1364,46.3,44,9.100000000000023,63153.2,2037.1999999999998,1,0,0
297.4,308.6,1411,46.3,138,11.200000000000045,65329.299999999996,6389.4,1,0,0
298.7,309.8,1546,40.9,109,11.100000000000023,63231.399999999994,4458.099999999999,1,0,0
297.4,308.7,1382,49.9,151,11.300000000000011,68961.8,7534.9,0,1,0
297.9,308.8,1469,49.0,51,10.900000000000034,71981.0,2499.0,0,1,0
299.1,310.5,1739,27.4,72,11.399999999999977,47648.6,1972.8,1,0,0
304.2,313.5,1438,50.1,100,9.300000000000011,72043.8,5010.0,1,0,0
298.3,308.0,1361,56.9,81,9.699999999999989,77440.9,4608.9,1,0,0
301.3,310.0,1593,30.8,210,8.699999999999989,49064.4,6468.0,0,1,0
298.3,309.1,1437,38.0,93,10.800000000000011,54606.0,3534.0,1,0,0
302.4,311.1,1484,45.9,169,8.700000000000045,68115.59999999999,7757.099999999999,1,0,0
299.3,308.6,1605,37.0,78,9.300000000000011,59385.0,2886.0,1,0,0
300.3,311.5,1400,43.8,0,11.199999999999989,61319.99999999999,0.0,0,1,0
300.4,309.6,1319,48.1,26,9.200000000000045,63443.9,1250.6000000000001,1,0,0
298.0,308.2,1469,45.5,214,10.199999999999989,66839.5,9737.0,1,0,0
298.0,308.8,1411,53.8,73,10.800000000000011,75911.8,3927.3999999999996,0,0,0
298.2,307.6,1318,55.7,0,9.400000000000034,73412.6,0.0,0,0,0
300.0,311.4,1383,49.6,101,11.399999999999977,68596.8,5009.6,1,0,0
300.3,311.4,1759,24.8,34,11.099999999999966,43623.200000000004,843.2,1,0,0
299.8,309.4,1408,45.6,156,9.599999999999966,64204.8,7113.6,1,0,0
303.8,312.9,1819,23.7,16,9.099999999999966,43110.299999999996,379.2,1,0,0
298.9,308.6,1425,49.6,35,9.700000000000045,70680.0,1736.0,0,1,0
300.5,309.8,1428,43.8,119,9.300000000000011,62546.399999999994,5212.2,1,0,0
299.6,310.9,1229,65.2,209,11.299999999999955,80130.8,13626.800000000001,1,0,1
297.4,308.3,1483,41.9,47,10.900000000000034,62137.7,1969.3,0,1,0
299.1,308.8,1725,26.6,172,9.699999999999989,45885.0,4575.2,0,1,0
298.9,308.9,1453,40.8,11,10.0,59282.399999999994,448.79999999999995,1,0,0
299.1,309.9,1443,40.3,0,10.799999999999955,58152.899999999994,0.0,0,0,0
300.6,310.5,1454,51.2,58,9.899999999999977,74444.8,2969.6000000000004,0,0,0
298.4,308.5,1576,27.4,55,10.100000000000023,43182.399999999994,1507.0,0,1,0
302.1,310.8,1596,37.1,43,8.699999999999989,59211.600000000006,1595.3,1,0,0
300.8,312.2,1664,25.7,150,11.399999999999977,42764.799999999996,3855.0,0,1,0
302.2,311.7,1576,34.0,28,9.5,53584.0,952.0,0,1,0
298.1,308.7,1568,32.9,10,10.599999999999966,51587.2,329.0,1,0,0
299.2,310.6,1534,39.7,83,11.400000000000034,60899.8,3295.1000000000004,1,0,0
299.8,311.1,1498,38.1,176,11.300000000000011,57073.8,6705.6,0,1,0
298.4,309.0,2304,15.1,89,10.600000000000023,34790.4,1343.8999999999999,1,0,0
300.9,311.0,1432,48.1,59,10.100000000000023,68879.2,2837.9,1,0,0
301.9,309.8,1724,27.5,126,7.900000000000034,47410.0,3465.0,0,0,0
300.4,309.6,1675,35.5,164,9.200000000000045,59462.5,5822.0,0,1,0
301.1,310.1,1457,39.6,215,9.0,57697.200000000004,8514.0,1,0,0
303.8,312.9,1367,49.9,192,9.099999999999966,68213.3,9580.8,1,0,0
303.4,311.7,1515,44.2,168,8.300000000000011,66963.0,7425.6,0,1,0
301.9,309.6,1410,49.0,223,7.7000000000000455,69090.0,10927.0,1,0,0
299.8,310.8,1376,48.6,159,11.0,66873.6,7727.400000000001,1,0,0
298.5,309.3,1471,44.7,119,10.800000000000011,65753.7,5319.3,1,0,0
300.4,310.6,1448,44.9,21,10.200000000000045,65015.2,942.9,0,1,0
298.0,307.6,1450,48.7,138,9.600000000000023,70615.0,6720.6,1,0,0
300.6,312.0,1490,39.8,94,11.399999999999977,59301.99999999999,3741.2,0,1,0
298.7,310.2,1436,47.5,32,11.5,68210.0,1520.0,1,0,0
298.6,309.8,1279,55.9,152,11.199999999999989,71496.09999999999,8496.8,0,0,0
302.4,311.4,1534,40.1,41,9.0,61513.4,1644.1000000000001,0,1,0
298.0,308.9,1406,40.9,77,10.899999999999977,57505.4,3149.2999999999997,1,0,0
297.4,308.3,1395,48.7,21,10.900000000000034,67936.5,1022.7,1,0,0
302.1,311.5,1987,20.1,21,9.399999999999977,39938.700000000004,422.1,1,0,0
300.7,312.3,1418,49.0,69,11.600000000000023,69482.0,3381.0,1,0,0
303.4,312.8,1518,38.7,103,9.400000000000034,58746.600000000006,3986.1000000000004,0,1,0
302.3,310.7,1559,33.9,119,8.399999999999977,52850.1,4034.1,0,1,0
298.1,307.8,1514,43.5,78,9.699999999999989,65859.0,3393.0,0,1,0
300.8,312.4,1365,44.5,129,11.599999999999966,60742.5,5740.5,1,0,0
298.2,308.3,1402,51.0,141,10.100000000000023,71502.0,7191.0,1,0,0
298.4,309.2,1335,53.5,168,10.800000000000011,71422.5,8988.0,1,0,0
301.5,310.5,1644,34.9,186,9.0,57375.6,6491.4,1,0,0
298.8,309.9,1741,27.7,50,11.099999999999966,48225.7,1385.0,0,1,0
299.0,308.5,1559,38.1,194,9.5,59397.9,7391.400000000001,1,0,0
297.2,307.9,1493,38.4,146,10.699999999999989,57331.2,5606.4,1,0,0
300.7,310.2,1639,31.4,48,9.5,51464.6,1507.1999999999998,1,0,0
297.6,308.8,1416,45.9,101,11.199999999999989,64994.4,4635.9,0,1,0
300.9,311.3,1668,28.9,183,10.400000000000034,48205.2,5288.7,0,0,0
303.9,312.7,1401,50.0,129,8.800000000000011,70050.0,6450.0,0,0,0
298.4,307.9,1605,31.0,18,9.5,49755.0,558.0,0,0,0
300.2,309.5,1500,45.7,89,9.300000000000011,68550.0,4067.3,0,1,0
298.9,310.0,1520,35.6,48,11.100000000000023,54112.0,1708.8000000000002,0,1,0
302.2,310.8,2203,16.6,47,8.600000000000023,36569.8,780.2,1,0,0
299.3,309.1,1399,52.1,27,9.800000000000011,72887.90000000001,1406.7,1,0,0
300.9,310.7,1517,41.7,210,9.800000000000011,63258.9,8757.0,1,0,0
301.4,311.0,1701,28.4,127,9.600000000000023,48308.399999999994,3606.7999999999997,1,0,0
297.5,308.2,1489,40.7,141,10.699999999999989,60602.3,5738.700000000001,1,0,0
303.7,313.0,1457,44.1,40,9.300000000000011,64253.700000000004,1764.0,1,0,0
301.7,310.7,1641,31.9,192,9.0,52347.899999999994,6124.799999999999,1,0,0
299.8,309.3,1595,32.1,183,9.5,51199.5,5874.3,0,0,0
299.6,310.2,1469,47.0,15,10.599999999999966,69043.0,705.0,1,0,0
298.1,309.0,1438,41.4,60,10.899999999999977,59533.2,2484.0,0,0,0
298.9,308.6,1522,46.4,2,9.700000000000045,70620.8,92.8,1,0,0
301.5,310.5,1538,44.3,43,9.0,68133.4,1904.8999999999999,0,0,0
297.3,308.3,1506,37.0,54,11.0,55722.0,1998.0,0,0,0
303.1,312.6,1404,40.6,152,9.5,57002.4,6171.2,0,0,0
297.9,307.8,1373,50.2,130,9.900000000000034,68924.6,6526.0,1,0,0
299.2,308.4,1350,51.3,96,9.199999999999989,69255.0,4924.799999999999,1,0,0
304.3,313.6,1585,32.1,202,9.300000000000011,50878.5,6484.200000000001,0,1,0
303.0,311.2,1409,41.9,98,8.199999999999989,59037.1,4106.2,1,0,0
298.1,308.7,1527,43.0,56,10.599999999999966,65661.0,2408.0,0,1,0
301.8,310.8,1557,33.3,190,9.0,51848.1,6326.999999999999,1,0,0
299.8,309.2,1504,38.7,212,9.399999999999977,58204.8,8204.400000000001,1,0,0
296.8,307.5,1470,45.9,132,10.699999999999989,67473.0,6058.8,0,1,0
303.6,312.8,2659,11.4,26,9.199999999999989,30312.600000000002,296.40000000000003,0,1,1
298.8,310.2,1663,30.4,209,11.399999999999977,50555.2,6353.599999999999,0,0,0
297.8,307.4,1752,26.1,52,9.599999999999966,45727.200000000004,1357.2,0,1,0
297.6,309.1,1394,50.0,62,11.5,69700.0,3100.0,1,0,0
301.6,311.1,1907,21.5,102,9.5,41000.5,2193.0,1,0,0
299.7,310.6,1479,38.0,137,10.900000000000034,56202.0,5206.0,1,0,0
298.0,307.8,1492,40.2,197,9.800000000000011,59978.4,7919.400000000001,0,1,0
298.7,309.7,1629,27.9,136,11.0,45449.1,3794.3999999999996,0,1,0
299.9,309.5,2065,18.1,62,9.600000000000023,37376.5,1122.2,0,1,0
302.7,310.7,1597,41.9,15,8.0,66914.3,628.5,1,0,0
299.3,308.5,1589,32.7,74,9.199999999999989,51960.3,2419.8,1,0,0
302.3,311.7,1701,27.5,145,9.399999999999977,46777.5,3987.5,1,0,0
299.0,310.4,1339,49.6,94,11.399999999999977,66414.40000000001,4662.400000000001,1,0,0
299.2,308.8,1503,37.4,109,9.600000000000023,56212.2,4076.6,0,1,0
299.6,310.9,1474,39.7,64,11.299999999999955,58517.8,2540.8,0,1,0
298.6,309.1,1587,37.3,203,10.5,59195.1,7571.9,0,1,0
300.8,310.3,1538,36.1,198,9.5,55521.8,7147.8,1,0,0
302.3,311.6,1665,34.3,139,9.300000000000011,57109.49999999999,4767.7,1,0,0
301.8,310.6,1372,54.7,95,8.800000000000011,75048.40000000001,5196.5,1,0,0
300.4,309.7,1466,39.8,184,9.300000000000011,58346.799999999996,7323.2,0,1,0
295.6,306.2,1584,33.6,81,10.599999999999966,53222.4,2721.6,0,1,0
300.8,312.4,1811,25.1,136,11.599999999999966,45456.100000000006,3413.6000000000004,0,1,0
304.1,313.0,1566,37.2,7,8.899999999999977,58255.200000000004,260.40000000000003,1,0,0
302.0,310.0,1832,22.9,178,8.0,41952.799999999996,4076.2,1,0,0
300.2,309.5,1729,28.4,131,9.300000000000011,49103.6,3720.3999999999996,1,0,0
302.7,312.0,1828,24.0,63,9.300000000000011,43872.0,1512.0,1,0,0
297.3,308.2,1754,26.8,125,10.899999999999977,47007.200000000004,3350.0,1,0,0
299.0,310.0,1672,33.2,144,11.0,55510.4,4780.8,1,0,0
303.7,312.4,1540,37.4,146,8.699999999999989,57596.0,5460.4,0,1,0
303.6,312.7,1418,44.1,118,9.099999999999966,62533.8,5203.8,1,0,0
301.9,311.0,1638,35.4,116,9.100000000000023,57985.2,4106.4,0,1,0
304.0,313.3,1844,27.1,88,9.300000000000011,49972.4,2384.8,0,1,0
299.0,310.2,1432,42.2,87,11.199999999999989,60430.4,3671.4,1,0,0
300.9,310.7,1452,47.3,25,9.800000000000011,68679.59999999999,1182.5,0,1,0
298.6,309.8,1597,35.9,213,11.199999999999989,57332.299999999996,7646.7,1,0,0
302.5,310.4,1422,41.9,156,7.899999999999977,59581.799999999996,6536.4,0,0,0
297.3,308.6,1584,29.4,141,11.300000000000011,46569.6,4145.4,0,1,0
304.2,313.4,1639,32.7,63,9.199999999999989,53595.3,2060.1000000000004,1,0,0
301.0,310.9,1679,29.8,64,9.899999999999977,50034.200000000004,1907.2,1,0,0
302.7,311.6,2709,9.7,2,8.900000000000034,26277.3,19.4,0,1,1
300.0,309.0,2174,16.9,112,9.0,36740.6,1892.7999999999997,1,0,0
298.1,308.7,1642,30.3,3,10.599999999999966,49752.6,90.9,1,0,0
298.1,308.9,1313,50.6,108,10.799999999999955,66437.8,5464.8,1,0,0
301.2,312.3,1528,38.4,85,11.100000000000023,58675.2,3264.0,1,0,0
300.9,310.9,1477,41.5,100,10.0,61295.5,4150.0,1,0,0
301.0,312.2,1264,59.0,57,11.199999999999989,74576.0,3363.0,1,0,0
300.3,311.7,1432,47.7,61,11.399999999999977,68306.40000000001,2909.7000000000003,0,0,0
300.3,309.4,1470,33.5,148,9.099999999999966,49245.0,4958.0,1,0,0
298.9,309.7,1407,48.6,161,10.800000000000011,68380.2,7824.6,0,0,0
298.2,309.0,1413,55.0,145,10.800000000000011,77715.0,7975.0,1,0,0
299.0,310.1,1375,48.9,59,11.100000000000023,67237.5,2885.1,1,0,0
298.8,309.7,1336,50.3,44,10.899999999999977,67200.8,2213.2,1,0,0
303.1,311.1,1854,22.6,19,8.0,41900.4,429.40000000000003,1,0,0
303.8,312.5,1748,25.1,175,8.699999999999989,43874.8,4392.5,0,0,0
301.9,310.3,1398,44.0,65,8.400000000000034,61512.0,2860.0,1,0,0
300.4,309.9,1435,54.8,70,9.5,78638.0,3836.0,1,0,0
300.7,311.9,1399,50.2,222,11.199999999999989,70229.8,11144.400000000001,1,0,1
301.9,310.9,1567,39.0,214,9.0,61113.0,8346.0,1,0,1
299.7,311.2,1352,52.1,176,11.5,70439.2,9169.6,1,0,0
303.7,312.9,1511,41.0,33,9.199999999999989,61951.0,1353.0,0,1,0
298.2,308.3,1560,33.0,181,10.100000000000023,51480.0,5973.0,0,1,0
297.5,308.6,1694,27.1,36,11.100000000000023,45907.4,975.6,1,0,0
299.3,309.1,1795,24.7,187,9.800000000000011,44336.5,4618.9,1,0,0
298.2,308.7,1428,54.9,45,10.5,78397.2,2470.5,1,0,0
302.7,310.5,1551,35.9,6,7.800000000000011,55680.899999999994,215.39999999999998,1,0,0
302.2,311.1,1426,50.6,101,8.900000000000034,72155.6,5110.6,0,0,0
300.5,312.0,1382,54.1,27,11.5,74766.2,1460.7,0,1,0
300.6,310.6,1830,26.2,78,10.0,47946.0,2043.6,0,0,0
297.3,308.1,1615,35.4,217,10.800000000000011,57171.0,7681.799999999999,1,0,1
301.5,310.5,1435,44.6,135,9.0,64001.0,6021.0,1,0,0
304.2,313.4,1740,28.2,78,9.199999999999989,49068.0,2199.6,1,0,0
298.3,310.1,1408,45.3,78,11.800000000000011,63782.399999999994,3533.3999999999996,1,0,0
304.0,313.0,1407,42.1,5,9.0,59234.700000000004,210.5,1,0,0
300.0,309.6,1431,47.7,39,9.600000000000023,68258.7,1860.3000000000002,1,0,0
303.4,312.8,1449,43.9,94,9.400000000000034,63611.1,4126.599999999999,1,0,0
302.9,312.4,1923,23.9,244,9.5,45959.7,5831.599999999999,1,0,0
297.3,308.6,1456,42.9,122,11.300000000000011,62462.4,5233.8,0,1,0
300.3,309.2,1572,32.0,173,8.899999999999977,50304.0,5536.0,1,0,0
301.5,310.6,1403,47.4,34,9.100000000000023,66502.2,1611.6,0,1,0
296.4,307.4,1512,36.8,46,11.0,55641.6,1692.8,1,0,0
300.3,310.3,1345,46.3,50,10.0,62273.49999999999,2315.0,1,0,0
299.8,309.1,1578,42.1,191,9.300000000000011,66433.8,8041.1,1,0,0
301.6,311.2,1415,46.5,82,9.599999999999966,65797.5,3813.0,0,1,0
300.1,310.1,1380,52.6,59,10.0,72588.0,3103.4,1,0,0
300.5,310.8,1631,30.5,132,10.300000000000011,49745.5,4026.0,0,0,0
296.8,307.9,1489,33.4,123,11.099999999999966,49732.6,4108.2,1,0,0
295.7,306.5,1737,26.2,97,10.800000000000011,45509.4,2541.4,1,0,0
300.8,311.9,1414,41.1,171,11.099999999999966,58115.4,7028.1,1,0,0
300.2,309.7,1408,44.0,144,9.5,61952.0,6336.0,0,1,0
301.0,309.6,1397,48.0,135,8.600000000000023,67056.0,6480.0,0,1,0
298.3,309.1,1404,47.0,15,10.800000000000011,65988.0,705.0,0,1,0
297.6,308.5,1360,48.6,77,10.899999999999977,66096.0,3742.2000000000003,0,1,0
297.3,308.7,1592,34.4,158,11.399999999999977,54764.799999999996,5435.2,1,0,0
301.2,311.7,1463,48.3,204,10.5,70662.9,9853.199999999999,1,0,0
301.6,310.0,1869,22.9,18,8.399999999999977,42800.1,412.2,1,0,0
301.4,311.0,1470,40.6,86,9.600000000000023,59682.0,3491.6,1,0,0
300.2,309.5,1436,48.8,135,9.300000000000011,70076.8,6588.0,1,0,0
299.7,309.1,1603,38.5,170,9.400000000000034,61715.5,6545.0,0,1,0
299.8,309.3,1386,49.4,116,9.5,68468.4,5730.4,1,0,0
298.2,308.9,1278,54.0,18,10.699999999999989,69012.0,972.0,1,0,0
295.8,306.5,1568,35.1,111,10.699999999999989,55036.8,3896.1000000000004,1,0,0
298.8,310.1,1653,30.3,119,11.300000000000011,50085.9,3605.7000000000003,1,0,0
300.2,311.6,1608,35.0,212,11.400000000000034,56280.0,7420.0,0,1,0
298.5,308.0,1379,49.6,152,9.5,68398.40000000001,7539.2,1,0,0
303.5,313.0,1492,46.1,89,9.5,68781.2,4102.900000000001,0,1,0
298.7,309.6,1382,48.1,186,10.900000000000034,66474.2,8946.6,0,1,0
297.9,308.5,2129,18.7,126,10.600000000000023,39812.299999999996,2356.2,0,0,0
298.1,308.9,1351,52.4,102,10.799999999999955,70792.4,5344.8,1,0,0
298.6,309.9,1461,45.7,49,11.299999999999955,66767.7,2239.3,1,0,0
303.5,311.5,1535,33.3,120,8.0,51115.49999999999,3995.9999999999995,1,0,0
299.1,310.6,1602,39.7,144,11.5,63599.4,5716.8,1,0,0
302.0,310.4,1591,29.8,105,8.399999999999977,47411.8,3129.0,1,0,0
298.1,307.7,1414,48.7,159,9.599999999999966,68861.8,7743.3,1,0,0
296.9,308.0,1318,53.5,88,11.100000000000023,70513.0,4708.0,0,0,0
297.2,308.5,1494,39.6,181,11.300000000000011,59162.4,7167.6,1,0,0
300.8,309.9,1444,46.0,180,9.099999999999966,66424.0,8280.0,0,1,0
298.1,309.2,1460,45.8,80,11.099999999999966,66868.0,3664.0,0,1,0
297.9,309.1,1619,34.7,33,11.200000000000045,56179.3,1145.1000000000001,1,0,0
300.6,312.0,1566,30.1,128,11.399999999999977,47136.600000000006,3852.8,1,0,0
304.0,312.8,1542,42.7,198,8.800000000000011,65843.40000000001,8454.6,1,0,0
299.4,309.1,1432,45.4,137,9.700000000000045,65012.799999999996,6219.8,1,0,0
301.8,311.3,1551,35.8,61,9.5,55525.799999999996,2183.7999999999997,1,0,0
302.3,311.2,1842,23.9,111,8.899999999999977,44023.799999999996,2652.8999999999996,0,1,0
303.4,311.4,1307,54.0,44,8.0,70578.0,2376.0,0,1,1
297.7,309.5,2027,19.8,39,11.800000000000011,40134.6,772.2,0,1,0
302.0,310.9,1378,53.1,212,8.899999999999977,73171.8,11257.2,1,0,1
302.7,310.4,1542,35.7,38,7.699999999999989,55049.4,1356.6000000000001,1,0,0
298.9,310.6,1585,38.1,7,11.700000000000045,60388.5,266.7,1,0,0
300.2,310.2,1600,31.5,23,10.0,50400.0,724.5,1,0,0
302.8,310.8,1451,44.7,32,8.0,64859.700000000004,1430.4,0,1,0
299.3,308.5,1409,44.8,91,9.199999999999989,63123.2,4076.7999999999997,1,0,0
299.7,311.1,1603,31.4,141,11.400000000000034,50334.2,4427.4,1,0,0
296.6,307.7,1654,31.0,91,11.099999999999966,51274.0,2821.0,0,0,0
297.9,307.7,1364,46.8,89,9.800000000000011,63835.2,4165.2,0,1,0
297.0,307.9,1493,34.7,57,10.899999999999977,51807.100000000006,1977.9,0,1,0
297.6,308.3,1640,30.9,79,10.699999999999989,50676.0,2441.1,0,0,0
300.7,309.6,1505,34.9,7,8.900000000000034,52524.5,244.29999999999998,1,0,0
298.1,307.6,1364,53.8,129,9.5,73383.2,6940.2,1,0,0
300.8,310.8,1549,35.5,79,10.0,54989.5,2804.5,0,1,0
297.5,308.4,1528,39.9,160,10.899999999999977,60967.2,6384.0,1,0,0
299.4,310.0,1512,43.2,47,10.600000000000023,65318.4,2030.4,0,1,0
298.8,308.6,1486,41.9,92,9.800000000000011,62263.4,3854.7999999999997,0,1,0
299.0,308.7,1507,37.5,134,9.699999999999989,56512.5,5025.0,1,0,0
298.5,308.7,1575,33.9,128,10.199999999999989,53392.5,4339.2,1,0,0
302.3,311.5,1526,38.2,47,9.199999999999989,58293.200000000004,1795.4,0,0,0
302.4,311.4,1564,35.0,122,9.0,54740.0,4270.0,1,0,0
297.6,309.4,1326,49.8,199,11.799999999999955,66034.8,9910.199999999999,1,0,0
297.4,308.4,1434,39.9,2,11.0,57216.6,79.8,1,0,0
299.5,309.2,1499,41.5,175,9.699999999999989,62208.5,7262.5,1,0,0
300.4,309.8,1395,48.1,201,9.400000000000034,67099.5,9668.1,1,0,0
299.9,309.5,1772,23.5,167,9.600000000000023,41642.0,3924.5,1,0,0
304.1,313.2,2028,18.9,45,9.099999999999966,38329.2,850.4999999999999,0,1,0
298.8,308.6,1431,45.7,97,9.800000000000011,65396.700000000004,4432.900000000001,1,0,0
303.4,311.9,1531,37.9,203,8.5,58024.9,7693.7,1,0,0
300.6,311.0,1401,54.6,94,10.399999999999977,76494.6,5132.400000000001,0,1,0
303.0,312.7,2024,19.9,102,9.699999999999989,40277.6,2029.8,1,0,0
302.0,311.2,1845,27.3,45,9.199999999999989,50368.5,1228.5,1,0,0
301.7,310.6,1492,42.2,85,8.900000000000034,62962.4,3587.0000000000005,0,1,0
299.0,310.2,1628,35.8,64,11.199999999999989,58282.399999999994,2291.2,0,1,0
300.2,309.5,1564,33.4,183,9.300000000000011,52237.6,6112.2,0,1,0
300.7,310.3,1533,35.6,198,9.600000000000023,54574.8,7048.8,1,0,0
299.7,309.6,1419,45.1,170,9.900000000000034,63996.9,7667.0,1,0,0
304.1,313.2,1452,48.0,126,9.099999999999966,69696.0,6048.0,1,0,0
299.9,309.9,1639,42.1,159,10.0,69001.90000000001,6693.900000000001,0,1,0
301.0,311.2,1363,46.3,62,10.199999999999989,63106.899999999994,2870.6,1,0,0
303.8,312.5,1368,52.6,123,8.699999999999989,71956.8,6469.8,1,0,0
300.9,310.7,1352,46.4,212,9.800000000000011,62732.799999999996,9836.8,1,0,0
302.5,310.9,1330,56.9,97,8.399999999999977,75677.0,5519.3,1,0,1
301.0,310.9,1392,52.9,173,9.899999999999977,73636.8,9151.699999999999,1,0,0
302.9,312.4,1446,41.7,196,9.5,60298.200000000004,8173.200000000001,1,0,0
297.2,308.1,1770,27.2,140,10.900000000000034,48144.0,3808.0,0,0,0
302.5,310.4,1427,46.8,179,7.899999999999977,66783.59999999999,8377.199999999999,1,0,0
302.1,311.5,1727,27.7,50,9.399999999999977,47837.9,1385.0,1,0,0
297.8,308.4,1512,35.1,138,10.599999999999966,53071.200000000004,4843.8,0,0,0
300.2,311.6,1662,28.8,162,11.400000000000034,47865.6,4665.6,0,0,0
304.0,312.9,1495,46.6,0,8.899999999999977,69667.0,0.0,0,0,0
300.6,311.7,1448,49.1,206,11.099999999999966,71096.8,10114.6,1,0,0
297.5,308.8,1603,36.7,184,11.300000000000011,58830.100000000006,6752.8,1,0,0
302.2,311.4,1510,44.9,33,9.199999999999989,67799.0,1481.7,1,0,0
303.6,313.0,1617,30.9,122,9.399999999999977,49965.299999999996,3769.7999999999997,1,0,0
297.2,308.5,1487,46.9,173,11.300000000000011,69740.3,8113.7,0,1,0
297.9,307.6,1493,36.0,161,9.700000000000045,53748.0,5796.0,0,0,0
297.4,309.2,1698,29.4,119,11.800000000000011,49921.2,3498.6,1,0,0
300.6,309.7,1934,22.8,15,9.099999999999966,44095.200000000004,342.0,0,1,0
295.6,306.1,1623,30.9,210,10.5,50150.7,6489.0,0,0,0
301.9,310.8,1567,39.3,9,8.900000000000034,61583.1,353.7,1,0,0
302.5,311.1,1850,23.3,203,8.600000000000023,43105.0,4729.900000000001,0,0,0
303.5,312.0,1756,29.7,28,8.5,52153.2,831.6,1,0,0
301.7,309.8,1491,39.3,114,8.100000000000023,58596.299999999996,4480.2,1,0,0
302.7,312.2,1439,42.5,164,9.5,61157.5,6970.0,0,1,0
304.0,313.2,1481,42.6,213,9.199999999999989,63090.6,9073.800000000001,1,0,0
303.9,313.1,1343,61.4,14,9.200000000000045,82460.2,859.6,0,1,0
301.9,310.4,1370,51.7,153,8.5,70829.0,7910.1,1,0,1
299.5,309.2,1314,61.8,45,9.699999999999989,81205.2,2781.0,0,1,0
298.4,308.1,1395,44.0,92,9.700000000000045,61380.0,4048.0,1,0,0
300.4,311.9,1335,58.3,9,11.5,77830.5,524.6999999999999,0,1,0
299.1,310.4,1450,40.9,85,11.299999999999955,59305.0,3476.5,1,0,0
298.8,310.2,1461,46.7,105,11.399999999999977,68228.7,4903.5,1,0,0
298.8,309.8,1510,44.2,35,11.0,66742.0,1547.0,0,0,0
304.4,313.7,1607,33.5,5,9.300000000000011,53834.5,167.5,1,0,0
303.7,312.3,1922,23.1,193,8.600000000000023,44398.200000000004,4458.3,1,0,0
301.9,311.0,1432,41.5,51,9.100000000000023,59428.0,2116.5,0,1,0
298.2,308.4,1666,34.6,74,10.199999999999989,57643.600000000006,2560.4,1,0,0
303.6,311.8,1222,66.8,148,8.199999999999989,81629.59999999999,9886.4,1,0,1
301.7,310.2,1686,28.9,59,8.5,48725.399999999994,1705.1,1,0,0
300.7,310.3,1458,40.0,207,9.600000000000023,58320.0,8280.0,1,0,0
302.4,311.8,1384,50.9,99,9.400000000000034,70445.59999999999,5039.099999999999,1,0,0
302.5,311.5,1802,26.4,192,9.0,47572.799999999996,5068.799999999999,1,0,0
297.3,308.6,1499,37.6,147,11.300000000000011,56362.4,5527.2,0,0,0
299.2,308.5,1370,52.4,61,9.300000000000011,71788.0,3196.4,1,0,0
302.2,311.9,1597,35.8,160,9.699999999999989,57172.6,5728.0,0,0,0
299.8,309.0,1567,36.1,95,9.199999999999989,56568.700000000004,3429.5,1,0,0
297.6,309.6,1669,32.1,155,12.0,53574.9,4975.5,0,0,0
298.1,307.7,1376,56.2,113,9.599999999999966,77331.2,6350.6,0,0,0
301.0,311.3,1597,39.2,66,10.300000000000011,62602.4,2587.2000000000003,0,0,0
298.7,310.0,1637,31.8,42,11.300000000000011,52056.6,1335.6000000000001,1,0,0
298.1,308.2,1342,48.1,54,10.099999999999966,64550.200000000004,2597.4,0,1,0
299.1,310.5,1389,61.4,64,11.399999999999977,85284.59999999999,3929.6,1,0,0
297.4,309.3,1365,52.4,76,11.900000000000034,71526.0,3982.4,0,0,0
302.0,309.8,1280,57.3,147,7.800000000000011,73344.0,8423.1,0,0,1
299.8,309.2,1400,42.6,210,9.399999999999977,59640.0,8946.0,1,0,0
300.6,310.0,1635,31.0,107,9.399999999999977,50685.0,3317.0,1,0,0
300.5,309.3,1470,40.8,219,8.800000000000011,59975.99999999999,8935.199999999999,1,0,0
302.2,310.6,1386,50.0,132,8.400000000000034,69300.0,6600.0,1,0,0
297.7,309.7,1680,30.2,168,12.0,50736.0,5073.599999999999,0,1,0
300.8,309.5,1481,44.5,49,8.699999999999989,65904.5,2180.5,0,1,0
297.5,309.4,1368,45.3,129,11.899999999999977,61970.399999999994,5843.7,0,0,0
298.2,308.8,1470,43.3,61,10.600000000000023,63650.99999999999,2641.2999999999997,0,0,0
303.6,312.7,1429,47.7,198,9.099999999999966,68163.3,9444.6,1,0,0
301.2,309.9,1515,40.9,21,8.699999999999989,61963.5,858.9,1,0,0
297.5,309.4,1503,40.6,144,11.899999999999977,61021.8,5846.400000000001,1,0,0
301.2,311.0,1596,37.2,219,9.800000000000011,59371.200000000004,8146.8,1,0,0
301.0,311.0,1399,58.0,190,10.0,81142.0,11020.0,1,0,1
299.4,310.8,1628,40.2,111,11.400000000000034,65445.600000000006,4462.200000000001,0,1,0
298.2,309.0,1562,37.7,36,10.800000000000011,58887.4,1357.2,0,0,0
298.8,309.1,1393,52.6,167,10.300000000000011,73271.8,8784.2,1,0,0
299.0,310.1,1416,45.9,47,11.100000000000023,64994.4,2157.2999999999997,1,0,0
301.4,311.1,1494,41.9,142,9.700000000000045,62598.6,5949.8,1,0,0
298.1,307.8,1636,36.7,51,9.699999999999989,60041.200000000004,1871.7,0,1,0
297.3,308.5,1456,54.2,179,11.199999999999989,78915.2,9701.800000000001,1,0,0
300.5,309.8,1508,37.8,150,9.300000000000011,57002.399999999994,5670.0,0,1,0
300.7,310.6,1505,40.6,179,9.900000000000034,61103.0,7267.400000000001,0,0,0
299.0,308.7,1706,28.6,206,9.699999999999989,48791.600000000006,5891.6,1,0,0
301.5,311.1,1402,40.0,94,9.600000000000023,56080.0,3760.0,0,1,0
303.4,311.9,1510,42.2,36,8.5,63722.00000000001,1519.2,0,1,0
301.9,310.8,1400,58.2,79,8.900000000000034,81480.0,4597.8,1,0,0
300.8,310.3,1537,33.3,52,9.5,51182.1,1731.6,1,0,0
300.3,309.2,1532,40.2,194,8.899999999999977,61586.4,7798.8,1,0,0
300.7,309.5,1508,39.9,59,8.800000000000011,60169.2,2354.1,1,0,0
296.6,307.6,1809,25.1,86,11.0,45405.9,2158.6,1,0,0
297.6,308.8,1683,31.6,79,11.199999999999989,53182.8,2496.4,0,1,0
300.4,310.4,1286,56.8,46,10.0,73044.8,2612.7999999999997,1,0,0
303.9,313.1,1668,34.4,137,9.200000000000045,57379.2,4712.8,0,1,0
303.6,312.7,1699,31.5,105,9.099999999999966,53518.5,3307.5,0,1,0
300.7,309.7,1507,52.4,163,9.0,78966.8,8541.199999999999,1,0,0
298.2,308.7,1407,45.1,49,10.5,63455.700000000004,2209.9,1,0,0
300.1,309.1,1353,58.7,86,9.0,79421.1,5048.2,1,0,0
298.6,308.3,1589,34.1,174,9.699999999999989,54184.9,5933.400000000001,0,1,0
298.9,309.0,1410,65.7,191,10.100000000000023,92637.0,12548.7,1,0,1
297.6,308.4,1703,31.4,205,10.799999999999955,53474.2,6437.0,0,0,0
298.2,308.4,1310,61.0,189,10.199999999999989,79910.0,11529.0,1,0,1
300.2,311.6,1496,41.1,60,11.400000000000034,61485.6,2466.0,0,0,0
300.7,311.1,1373,49.9,96,10.400000000000034,68512.7,4790.4,0,1,0
297.7,308.1,2189,15.6,186,10.400000000000034,34148.4,2901.6,0,1,0
301.8,310.8,1365,48.2,199,9.0,65793.0,9591.800000000001,0,1,0
300.1,310.6,1809,24.3,97,10.5,43958.700000000004,2357.1,1,0,0
299.9,310.3,1638,29.1,152,10.400000000000034,47665.8,4423.2,1,0,0
298.2,309.0,1418,44.2,87,10.800000000000011,62675.600000000006,3845.4,1,0,0
297.7,307.2,1405,43.7,2,9.5,61398.50000000001,87.4,0,1,0
296.8,307.8,1694,33.0,115,11.0,55902.0,3795.0,0,1,0
299.0,308.6,1466,46.4,112,9.600000000000023,68022.4,5196.8,1,0,0
300.7,310.7,1377,46.7,36,10.0,64305.9,1681.2,0,1,0
297.8,309.2,1683,30.9,163,11.399999999999977,52004.7,5036.7,1,0,0
298.8,308.6,1872,22.5,82,9.800000000000011,42120.0,1845.0,1,0,0
299.8,309.5,1495,39.6,10,9.699999999999989,59202.0,396.0,1,0,0
298.5,308.7,1609,35.3,117,10.199999999999989,56797.7,4130.099999999999,1,0,0
301.0,310.8,1975,19.7,17,9.800000000000011,38907.5,334.9,1,0,0
302.1,310.5,1389,49.6,169,8.399999999999977,68894.40000000001,8382.4,1,0,0
298.0,307.8,1266,60.5,81,9.800000000000011,76593.0,4900.5,1,0,0
297.5,308.9,1419,50.7,7,11.399999999999977,71943.3,354.90000000000003,0,0,0
302.3,311.4,1345,47.6,67,9.099999999999966,64022.0,3189.2000000000003,0,1,0
298.0,309.0,1439,38.5,34,11.0,55401.5,1309.0,0,1,0
301.6,310.7,1494,39.5,24,9.099999999999966,59013.0,948.0,1,0,0
302.4,311.4,1675,29.6,128,9.0,49580.0,3788.8,0,1,0
300.4,310.0,1423,44.2,189,9.600000000000023,62896.600000000006,8353.800000000001,1,0,0
300.7,311.0,1377,49.9,124,10.300000000000011,68712.3,6187.599999999999,1,0,0
297.9,308.5,1519,34.3,61,10.600000000000023,52101.7,2092.2999999999997,1,0,0
298.4,308.9,1391,48.4,100,10.5,67324.4,4840.0,1,0,0
296.9,307.8,1477,37.2,160,10.900000000000034,54944.4,5952.0,0,1,0
297.4,308.5,1475,47.2,69,11.100000000000023,69620.0,3256.8,1,0,0
300.9,310.6,1552,34.9,95,9.700000000000045,54164.799999999996,3315.5,1,0,0
299.2,308.8,1405,51.4,183,9.600000000000023,72217.0,9406.199999999999,1,0,0
302.4,310.3,1520,31.6,121,7.900000000000034,48032.0,3823.6000000000004,1,0,0
295.6,306.1,1474,41.2,156,10.5,60728.8,6427.200000000001,1,0,0
300.9,312.2,1811,23.2,72,11.300000000000011,42015.2,1670.3999999999999,1,0,0
301.5,310.5,1528,35.7,198,9.0,54549.600000000006,7068.6,1,0,0
302.0,311.5,1366,52.3,54,9.5,71441.8,2824.2,0,1,0
298.0,309.0,1562,39.2,155,11.0,61230.4,6076.0,0,1,0
297.0,307.8,1583,37.2,189,10.800000000000011,58887.600000000006,7030.8,1,0,0
298.8,309.5,1374,48.1,159,10.699999999999989,66089.40000000001,7647.900000000001,1,0,0
301.0,310.8,1558,34.9,196,9.800000000000011,54374.2,6840.4,1,0,0
300.2,311.6,1356,53.5,132,11.400000000000034,72546.0,7062.0,1,0,0
297.9,307.6,1481,38.0,40,9.700000000000045,56278.0,1520.0,1,0,0
299.0,308.6,1653,31.7,100,9.600000000000023,52400.1,3170.0,1,0,0
300.1,310.5,1494,44.2,117,10.399999999999977,66034.8,5171.400000000001,1,0,0
296.9,307.8,1557,38.1,135,10.900000000000034,59321.700000000004,5143.5,1,0,0
300.0,311.4,1384,46.1,7,11.399999999999977,63802.4,322.7,0,1,0
298.0,308.6,1481,42.5,54,10.600000000000023,62942.5,2295.0,1,0,0
297.3,308.7,1549,36.1,218,11.399999999999977,55918.9,7869.8,1,0,0
298.9,308.6,1623,31.0,180,9.700000000000045,50313.0,5580.0,0,0,0
299.7,309.2,1597,32.9,135,9.5,52541.299999999996,4441.5,0,1,0
299.7,309.1,1417,50.1,187,9.400000000000034,70991.7,9368.7,1,0,0
297.3,308.7,1466,38.4,27,11.399999999999977,56294.4,1036.8,0,1,0
301.2,310.8,1734,31.3,64,9.600000000000023,54274.200000000004,2003.2,0,1,0
303.9,312.7,1528,38.4,177,8.800000000000011,58675.2,6796.8,1,0,0
301.0,310.6,1366,50.6,106,9.600000000000023,69119.6,5363.6,0,0,0
299.8,309.6,1526,41.7,85,9.800000000000011,63634.200000000004,3544.5000000000005,1,0,0
300.7,310.8,1563,33.8,104,10.100000000000023,52829.399999999994,3515.2,1,0,0
303.2,312.6,1601,35.3,148,9.400000000000034,56515.299999999996,5224.4,1,0,0
299.3,309.1,1552,40.7,120,9.800000000000011,63166.4,4884.0,0,0,0
301.5,310.5,1380,48.7,160,9.0,67206.0,7792.0,1,0,0
297.2,308.3,1794,27.5,38,11.100000000000023,49335.0,1045.0,0,1,0
297.8,309.2,1400,56.9,34,11.399999999999977,79660.0,1934.6,1,0,0
298.9,309.8,2450,13.9,89,10.900000000000034,34055.0,1237.1000000000001,0,1,0
301.4,310.4,1496,35.2,153,9.0,52659.200000000004,5385.6,1,0,0
302.3,311.8,1804,25.0,43,9.5,45100.0,1075.0,0,0,0
297.9,307.6,1503,40.7,124,9.700000000000045,61172.100000000006,5046.8,1,0,0
303.6,312.9,1588,31.9,53,9.299999999999955,50657.2,1690.6999999999998,1,0,0
299.8,310.6,1694,31.3,121,10.800000000000011,53022.200000000004,3787.3,0,1,0
300.4,311.3,1608,35.1,114,10.900000000000034,56440.8,4001.4,1,0,0
297.4,308.7,1510,36.2,92,11.300000000000011,54662.00000000001,3330.4,1,0,0
298.4,309.2,1491,51.2,13,10.800000000000011,76339.2,665.6,0,1,0
299.6,310.1,1357,48.7,96,10.5,66085.90000000001,4675.200000000001,0,1,0
298.0,309.2,1520,37.9,89,11.199999999999989,57608.0,3373.1,0,0,0
303.6,312.6,1498,40.2,155,9.0,60219.600000000006,6231.0,0,0,0
296.3,307.1,1654,29.6,188,10.800000000000011,48958.4,5564.8,1,0,0
300.5,311.6,1385,54.8,173,11.100000000000023,75898.0,9480.4,1,0,0
298.0,307.7,1529,34.1,11,9.699999999999989,52138.9,375.1,1,0,0
302.4,311.7,1495,36.8,215,9.300000000000011,55015.99999999999,7911.999999999999,1,0,0
301.4,311.2,1727,26.5,43,9.800000000000011,45765.5,1139.5,0,1,0
297.6,308.6,1254,45.8,31,11.0,57433.2,1419.8,0,1,0
300.6,309.4,1312,45.2,73,8.799999999999955,59302.4,3299.6000000000004,0,1,0
296.7,307.8,1375,51.4,108,11.100000000000023,70675.0,5551.2,0,1,0
298.0,307.8,1386,57.3,147,9.800000000000011,79417.8,8423.1,1,0,0
298.7,309.9,1446,43.3,46,11.199999999999989,62611.799999999996,1991.8,1,0,0
300.7,311.0,1263,52.3,104,10.300000000000011,66054.9,5439.2,0,1,0
300.6,311.8,1471,41.4,39,11.199999999999989,60899.4,1614.6,1,0,0
298.1,307.6,2066,19.2,150,9.5,39667.2,2880.0,0,1,0
299.1,310.3,1441,43.9,94,11.199999999999989,63259.9,4126.599999999999,0,1,0
300.3,311.2,1783,25.6,139,10.899999999999977,45644.8,3558.4,0,1,0
301.1,310.5,1309,60.7,100,9.399999999999977,79456.3,6070.0,0,1,0
301.5,310.8,1593,34.5,162,9.300000000000011,54958.5,5589.0,1,0,0
300.1,309.7,1420,48.4,36,9.599999999999966,68728.0,1742.3999999999999,0,1,0
300.4,309.3,1413,50.3,101,8.900000000000034,71073.9,5080.299999999999,1,0,0
298.7,309.2,1410,45.6,47,10.5,64296.0,2143.2000000000003,0,1,0
297.3,308.8,1548,41.3,140,11.5,63932.399999999994,5782.0,0,1,0
301.2,309.9,1449,45.5,23,8.699999999999989,65929.5,1046.5,1,0,0
298.1,307.7,1523,37.7,80,9.599999999999966,57417.100000000006,3016.0,1,0,0
301.5,310.6,1374,46.7,32,9.100000000000023,64165.8,1494.4,1,0,0
302.3,311.8,1433,50.3,183,9.5,72079.9,9204.9,1,0,0
296.8,307.6,1513,40.0,130,10.800000000000011,60520.0,5200.0,1,0,0
301.6,310.1,1694,26.3,14,8.5,44552.200000000004,368.2,1,0,0
297.4,308.5,1410,43.9,47,11.100000000000023,61899.0,2063.2999999999997,1,0,0
299.0,310.0,1338,56.4,29,11.0,75463.2,1635.6,0,1,0
301.5,310.1,1541,42.2,52,8.600000000000023,65030.200000000004,2194.4,1,0,0
299.3,308.6,1474,49.6,191,9.300000000000011,73110.40000000001,9473.6,1,0,0
301.1,311.3,1654,30.7,28,10.199999999999989,50777.799999999996,859.6,0,1,0
298.7,310.2,1404,50.3,54,11.5,70621.2,2716.2,1,0,0
300.7,310.9,1468,41.8,112,10.199999999999989,61362.399999999994,4681.599999999999,0,1,0
297.2,308.3,1576,35.3,113,11.100000000000023,55632.799999999996,3988.8999999999996,1,0,0
298.3,308.4,1408,43.1,177,10.099999999999966,60684.8,7628.7,1,0,0
297.9,309.0,1532,37.6,47,11.100000000000023,57603.200000000004,1767.2,1,0,0
297.9,307.8,1459,46.9,85,9.900000000000034,68427.09999999999,3986.5,1,0,0
301.4,310.4,1301,51.2,112,9.0,66611.2,5734.400000000001,1,0,0
301.2,310.3,1451,39.7,123,9.100000000000023,57604.700000000004,4883.1,1,0,0
298.7,309.6,1364,44.9,106,10.900000000000034,61243.6,4759.4,1,0,0
297.3,308.1,1568,34.4,194,10.800000000000011,53939.2,6673.599999999999,1,0,0
299.6,309.1,1560,37.1,73,9.5,57876.0,2708.3,0,1,0
304.2,313.1,1608,31.1,20,8.900000000000034,50008.8,622.0,0,1,0
298.0,308.8,1757,29.1,71,10.800000000000011,51128.700000000004,2066.1,1,0,0
297.7,307.4,1643,36.5,55,9.699999999999989,59969.5,2007.5,1,0,0
300.4,310.5,1540,33.4,32,10.100000000000023,51436.0,1068.8,0,1,0
298.1,308.9,1479,43.4,105,10.799999999999955,64188.6,4557.0,0,1,0
297.4,308.4,1620,35.8,215,11.0,57995.99999999999,7696.999999999999,0,1,0
298.0,309.0,1409,49.1,85,11.0,69181.90000000001,4173.5,0,1,0
298.1,308.7,1581,47.4,51,10.599999999999966,74939.4,2417.4,0,1,0
302.0,311.1,1402,47.8,182,9.100000000000023,67015.59999999999,8699.6,1,0,0
298.4,308.9,1638,32.4,109,10.5,53071.2,3531.6,1,0,0
300.9,311.1,1325,61.4,88,10.200000000000045,81355.0,5403.2,0,1,0
299.1,309.8,1398,55.4,217,10.699999999999989,77449.2,12021.8,1,0,1
297.5,308.5,1401,50.5,6,11.0,70750.5,303.0,0,1,0
298.4,308.1,1375,50.8,94,9.700000000000045,69850.0,4775.2,1,0,0
300.7,311.7,1460,46.1,15,11.0,67306.0,691.5,1,0,0
298.5,308.2,1563,44.6,163,9.699999999999989,69709.8,7269.8,0,0,0
297.1,308.4,1529,40.4,165,11.299999999999955,61771.6,6666.0,1,0,0
301.4,310.7,1584,32.2,17,9.300000000000011,51004.8,547.4000000000001,1,0,0
299.6,310.8,1603,35.4,202,11.199999999999989,56746.2,7150.799999999999,0,1,0
303.3,312.1,1418,44.7,83,8.800000000000011,63384.600000000006,3710.1000000000004,1,0,0
300.3,311.8,1567,37.7,180,11.5,59075.9,6786.000000000001,1,0,0
296.8,307.9,1418,47.9,127,11.099999999999966,67922.2,6083.3,0,1,0
297.9,307.6,1505,40.1,166,9.700000000000045,60350.5,6656.6,0,1,0
298.7,308.6,1297,55.3,148,9.900000000000034,71724.09999999999,8184.4,1,0,0
301.0,309.7,1288,58.4,162,8.699999999999989,75219.2,9460.8,0,1,0
303.9,313.1,1665,29.6,0,9.200000000000045,49284.0,0.0,1,0,0
303.4,312.3,1287,54.8,54,8.900000000000034,70527.59999999999,2959.2,1,0,0
302.3,311.8,1557,34.1,185,9.5,53093.700000000004,6308.5,0,1,0
300.6,310.7,1705,31.2,181,10.099999999999966,53196.0,5647.2,0,1,0
297.5,308.5,1536,36.9,108,11.0,56678.399999999994,3985.2,1,0,0
298.9,309.8,1287,61.9,216,10.900000000000034,79665.3,13370.4,1,0,1
300.7,311.0,1981,19.9,99,10.300000000000011,39421.899999999994,1970.1,0,0,0
298.4,308.2,1850,27.0,194,9.800000000000011,49950.0,5238.0,1,0,0
299.2,308.7,1401,47.0,198,9.5,65847.0,9306.0,0,1,0
300.4,312.0,1366,43.0,117,11.600000000000023,58738.0,5031.0,1,0,0
298.8,309.7,1953,20.6,25,10.899999999999977,40231.8,515.0,1,0,0
298.1,307.4,1363,60.1,187,9.299999999999955,81916.3,11238.7,0,1,0
301.5,310.5,1587,33.8,57,9.0,53640.6,1926.6,0,0,0
297.0,307.8,1609,35.6,193,10.800000000000011,57280.4,6870.8,1,0,0
301.7,311.1,1399,55.1,156,9.400000000000034,77084.90000000001,8595.6,1,0,0
301.6,310.8,1726,26.7,150,9.199999999999989,46084.2,4005.0,1,0,0
301.8,310.7,1680,32.4,76,8.899999999999977,54432.0,2462.4,1,0,0
297.9,307.5,1561,37.7,16,9.600000000000023,58849.700000000004,603.2,1,0,0
300.5,312.0,1375,43.2,108,11.5,59400.00000000001,4665.6,0,0,0
297.6,309.0,1491,43.2,7,11.399999999999977,64411.200000000004,302.40000000000003,1,0,0
300.8,309.7,1680,28.2,189,8.899999999999977,47376.0,5329.8,0,1,0
302.4,310.2,1351,45.1,168,7.800000000000011,60930.1,7576.8,1,0,1
296.9,308.0,1658,41.0,74,11.100000000000023,67978.0,3034.0,1,0,0
300.2,309.8,1743,24.1,18,9.600000000000023,42006.3,433.8,0,1,0
299.9,309.6,1254,61.3,124,9.700000000000045,76870.2,7601.2,1,0,0
298.1,308.2,1390,47.5,33,10.099999999999966,66025.0,1567.5,1,0,0
300.9,309.5,1469,43.4,126,8.600000000000023,63754.6,5468.4,0,0,0
302.7,311.8,1461,46.1,10,9.100000000000023,67352.1,461.0,1,0,0
297.9,308.5,1683,28.5,63,10.600000000000023,47965.5,1795.5,1,0,0
300.5,312.0,1646,29.5,106,11.5,48557.0,3127.0,1,0,0
298.9,309.9,1357,54.5,121,11.0,73956.5,6594.5,0,1,0
295.6,306.1,1389,46.2,113,10.5,64171.8,5220.6,1,0,0
302.2,310.0,1468,43.6,38,7.800000000000011,64004.8,1656.8,0,0,0
299.3,309.2,1334,46.3,31,9.899999999999977,61764.2,1435.3,0,1,0
301.9,310.9,2305,16.1,42,9.0,37110.5,676.2,0,1,0
301.9,310.9,1763,28.4,103,9.0,50069.2,2925.2,0,1,0
298.7,308.6,1499,43.5,84,9.900000000000034,65206.5,3654.0,0,0,0
299.6,310.8,1400,40.8,118,11.199999999999989,57119.99999999999,4814.4,1,0,0
298.3,310.1,1389,49.6,75,11.800000000000011,68894.40000000001,3720.0,0,1,0
300.3,309.6,1488,41.3,172,9.300000000000011,61454.399999999994,7103.599999999999,0,1,0
302.4,312.0,1508,36.9,5,9.600000000000023,55645.2,184.5,1,0,0
297.7,308.4,1740,27.1,136,10.699999999999989,47154.0,3685.6000000000004,1,0,0
299.5,308.8,1886,20.9,117,9.300000000000011,39417.399999999994,2445.2999999999997,0,1,0
298.8,309.1,1418,46.3,133,10.300000000000011,65653.4,6157.9,1,0,0
298.8,310.2,1595,33.1,34,11.399999999999977,52794.5,1125.4,0,1,0
299.3,310.9,1826,25.1,2,11.599999999999966,45832.600000000006,50.2,0,1,0
297.3,308.8,1447,57.4,134,11.5,83057.8,7691.599999999999,0,1,0
299.8,311.3,1785,25.4,139,11.5,45339.0,3530.6,0,0,0
300.1,309.7,1410,48.3,118,9.599999999999966,68103.0,5699.4,1,0,0
297.2,308.5,1524,41.4,192,11.300000000000011,63093.6,7948.799999999999,0,0,0
302.2,311.4,1642,32.1,42,9.199999999999989,52708.200000000004,1348.2,0,1,0
298.2,308.2,1667,30.6,59,10.0,51010.200000000004,1805.4,1,0,0
300.6,311.6,1669,29.2,200,11.0,48734.799999999996,5840.0,0,1,0
300.1,309.7,1485,45.9,100,9.599999999999966,68161.5,4590.0,1,0,0
302.3,311.7,1341,46.3,194,9.399999999999977,62088.299999999996,8982.199999999999,0,1,0
303.8,312.7,1838,27.8,181,8.899999999999977,51096.4,5031.8,1,0,0
297.5,309.3,1479,39.4,22,11.800000000000011,58272.6,866.8,1,0,0
301.0,310.5,1378,44.4,83,9.5,61183.2,3685.2,1,0,0
300.4,311.3,1350,56.5,31,10.900000000000034,76275.0,1751.5,0,1,0
302.0,310.3,1648,29.6,157,8.300000000000011,48780.8,4647.2,1,0,0
302.6,310.4,1415,52.1,12,7.7999999999999545,73721.5,625.2,1,0,0
301.1,311.3,1268,60.0,53,10.199999999999989,76080.0,3180.0,1,0,0
297.4,308.7,1349,48.9,120,11.300000000000011,65966.09999999999,5868.0,0,0,0
301.0,312.0,1518,39.3,196,11.0,59657.399999999994,7702.799999999999,1,0,0
298.9,310.1,1361,51.7,192,11.200000000000045,70363.7,9926.400000000001,1,0,0
297.5,308.5,1459,39.7,69,11.0,57922.3,2739.3,1,0,0
296.9,307.5,1354,44.4,16,10.600000000000023,60117.6,710.4,1,0,0
297.4,308.8,1628,37.4,144,11.400000000000034,60887.2,5385.599999999999,0,1,0
302.8,312.4,1651,27.0,200,9.599999999999966,44577.0,5400.0,1,0,0
298.6,309.5,1325,52.2,127,10.899999999999977,69165.0,6629.400000000001,1,0,0
300.8,310.3,1868,24.5,95,9.5,45766.0,2327.5,0,1,0
297.2,308.3,1569,31.2,63,11.100000000000023,48952.799999999996,1965.6,1,0,0
301.4,310.7,1536,44.4,96,9.300000000000011,68198.4,4262.4,0,0,0
297.5,308.9,1427,44.7,135,11.399999999999977,63786.9,6034.5,1,0,0
300.9,312.0,1375,56.1,182,11.100000000000023,77137.5,10210.2,0,1,0
297.9,307.8,1665,33.9,102,9.900000000000034,56443.5,3457.7999999999997,1,0,0
300.5,310.5,1403,47.7,24,10.0,66923.1,1144.8000000000002,0,0,0
300.3,309.2,1412,44.8,200,8.899999999999977,63257.6,8960.0,1,0,0
304.1,313.2,1468,39.4,148,9.099999999999966,57839.2,5831.2,1,0,0
298.2,308.3,1476,43.5,129,10.100000000000023,64206.0,5611.5,0,1,0
299.5,309.2,1495,41.6,17,9.699999999999989,62192.0,707.2,0,1,0
296.0,306.7,1416,44.2,46,10.699999999999989,62587.200000000004,2033.2,1,0,0
299.0,308.1,1242,60.9,117,9.100000000000023,75637.8,7125.3,1,0,0
301.5,310.9,1891,23.2,122,9.399999999999977,43871.2,2830.4,1,0,0
300.6,309.3,1510,46.0,87,8.699999999999989,69460.0,4002.0,0,1,0
297.5,308.7,1443,46.2,110,11.199999999999989,66666.6,5082.0,1,0,0
300.3,311.6,1595,38.8,154,11.300000000000011,61885.99999999999,5975.2,1,0,0
300.7,311.1,1426,46.2,97,10.400000000000034,65881.2,4481.400000000001,1,0,0
300.8,310.3,1777,30.1,38,9.5,53487.700000000004,1143.8,0,0,0
298.6,309.0,1456,47.7,0,10.399999999999977,69451.2,0.0,1,0,0
298.7,308.5,1660,27.0,50,9.800000000000011,44820.0,1350.0,0,1,0
297.4,309.3,1759,24.8,81,11.900000000000034,43623.200000000004,2008.8,1,0,0
297.3,308.4,1370,50.5,71,11.099999999999966,69185.0,3585.5,0,1,0
300.0,309.2,1610,32.1,150,9.199999999999989,51681.0,4815.0,1,0,0
299.2,310.4,1570,37.3,37,11.199999999999989,58560.99999999999,1380.1,1,0,0
300.1,311.4,1617,39.3,47,11.299999999999955,63548.1,1847.1,0,1,0
301.6,310.4,1599,41.7,116,8.799999999999955,66678.3,4837.200000000001,1,0,0
295.7,306.3,1685,34.9,84,10.600000000000023,58806.5,2931.6,0,1,0
303.0,311.2,1341,51.0,174,8.199999999999989,68391.0,8874.0,1,0,1
297.8,309.0,1576,45.0,17,11.199999999999989,70920.0,765.0,0,1,0
303.7,312.0,2663,11.4,71,8.300000000000011,30358.2,809.4,0,1,1
299.4,308.8,1627,32.6,124,9.400000000000034,53040.200000000004,4042.4,1,0,0
300.3,311.6,1304,62.8,118,11.300000000000011,81891.2,7410.4,0,1,0
302.0,309.8,1480,40.0,199,7.800000000000011,59200.0,7960.0,1,0,0
300.5,309.8,1421,49.6,211,9.300000000000011,70481.6,10465.6,1,0,0
300.2,311.6,1465,41.4,78,11.400000000000034,60651.0,3229.2,0,1,0
300.5,309.4,1655,32.1,37,8.899999999999977,53125.5,1187.7,0,1,0
297.7,308.8,2089,19.1,111,11.100000000000023,39899.9,2120.1000000000004,0,1,0
302.1,311.3,1415,44.1,43,9.199999999999989,62401.5,1896.3,1,0,0
299.0,309.0,1436,43.9,20,10.0,63040.4,878.0,0,0,0
298.2,309.1,1457,49.0,77,10.900000000000034,71393.0,3773.0,0,1,0
298.7,309.9,1411,45.1,51,11.199999999999989,63636.1,2300.1,0,1,0
297.5,308.6,1208,62.3,28,11.100000000000023,75258.4,1744.3999999999999,1,0,0
303.1,312.6,1567,32.9,132,9.5,51554.299999999996,4342.8,0,1,0
298.7,310.3,1481,41.5,83,11.600000000000023,61461.5,3444.5,0,1,0
297.4,308.6,1434,44.4,193,11.200000000000045,63669.6,8569.199999999999,0,1,0
303.0,311.2,1755,30.4,205,8.199999999999989,53352.0,6232.0,1,0,0
299.3,310.6,1457,42.1,104,11.300000000000011,61339.700000000004,4378.400000000001,0,1,0
302.0,309.8,1701,27.2,4,7.800000000000011,46267.2,108.8,1,0,0
300.4,309.8,1435,43.6,203,9.400000000000034,62566.0,8850.800000000001,0,1,0
300.9,310.5,1565,35.9,81,9.600000000000023,56183.5,2907.9,1,0,0
300.9,310.4,1561,32.7,67,9.5,51044.700000000004,2190.9,1,0,0
300.2,311.6,1467,40.7,23,11.400000000000034,59706.9,936.1,0,1,0
300.3,311.3,1525,40.7,105,11.0,62067.50000000001,4273.5,1,0,0
300.6,309.5,1492,34.0,144,8.899999999999977,50728.0,4896.0,0,1,0
302.4,311.8,1476,46.6,110,9.400000000000034,68781.6,5126.0,1,0,0
298.1,307.7,1537,40.8,169,9.599999999999966,62709.6,6895.2,1,0,0
303.1,311.3,1847,24.7,212,8.199999999999989,45620.9,5236.4,0,1,0
297.4,308.7,1481,48.0,117,11.300000000000011,71088.0,5616.0,0,1,0
297.5,309.4,1517,36.7,233,11.899999999999977,55673.9,8551.1,1,0,0
300.7,311.2,1452,44.4,33,10.5,64468.799999999996,1465.2,1,0,0
302.5,311.9,1437,46.7,65,9.399999999999977,67107.90000000001,3035.5,1,0,0
300.1,309.2,1438,51.0,211,9.099999999999966,73338.0,10761.0,0,1,0
301.5,310.4,1329,46.6,24,8.899999999999977,61931.4,1118.4,1,0,0
297.5,308.2,1563,38.2,15,10.699999999999989,59706.600000000006,573.0,1,0,0
301.8,310.6,1552,35.9,97,8.800000000000011,55716.799999999996,3482.2999999999997,0,1,0
301.6,310.8,1290,65.3,63,9.199999999999989,84237.0,4113.9,0,1,0
302.5,311.6,1595,29.5,35,9.100000000000023,47052.5,1032.5,1,0,0
299.8,309.4,1751,27.0,173,9.599999999999966,47277.0,4671.0,0,1,0
301.2,310.7,1615,34.9,95,9.5,56363.5,3315.5,0,1,0
298.6,309.6,1593,33.3,95,11.0,53046.899999999994,3163.4999999999995,0,0,0
297.6,307.1,1526,39.1,39,9.5,59666.6,1524.9,0,1,0
300.8,310.9,1557,31.6,52,10.099999999999966,49201.200000000004,1643.2,0,1,0
302.1,311.0,1729,26.1,210,8.899999999999977,45126.9,5481.0,0,0,0
299.6,309.2,1425,45.9,133,9.599999999999966,65407.5,6104.7,1,0,0
298.2,308.7,1780,27.9,35,10.5,49662.0,976.5,1,0,0
301.9,310.7,1405,48.8,78,8.800000000000011,68564.0,3806.3999999999996,1,0,0
302.6,311.0,1537,35.5,91,8.399999999999977,54563.5,3230.5,1,0,0
301.3,310.7,1391,52.5,61,9.399999999999977,73027.5,3202.5,0,1,0
300.1,309.3,1443,50.3,196,9.199999999999989,72582.9,9858.8,0,1,0
297.5,309.4,1497,35.8,44,11.899999999999977,53592.6,1575.1999999999998,1,0,0
298.3,309.0,1657,32.2,179,10.699999999999989,53355.4,5763.8,1,0,0
299.4,309.0,1391,58.2,135,9.600000000000023,80956.2,7857.0,1,0,0
299.9,309.4,1348,52.8,31,9.5,71174.4,1636.8,1,0,0
298.3,308.2,1534,33.2,75,9.899999999999977,50928.8,2490.0,0,0,0
300.2,311.0,1255,71.8,149,10.800000000000011,90109.0,10698.199999999999,1,0,1
297.6,307.2,1470,42.6,44,9.599999999999966,62622.0,1874.4,0,1,0
299.9,311.3,1445,41.2,169,11.400000000000034,59534.00000000001,6962.8,0,1,0
301.6,310.2,1384,57.1,68,8.599999999999966,79026.40000000001,3882.8,1,0,0
299.8,310.8,1530,35.2,163,11.0,53856.00000000001,5737.6,0,1,0
301.9,310.7,1405,47.9,80,8.800000000000011,67299.5,3832.0,0,1,0
300.4,311.2,1471,46.5,164,10.800000000000011,68401.5,7626.0,1,0,0
300.7,310.4,1234,51.7,160,9.699999999999989,63797.8,8272.0,1,0,0
303.0,311.2,1383,44.6,198,8.199999999999989,61681.8,8830.800000000001,1,0,0
297.5,309.4,1357,50.1,137,11.899999999999977,67985.7,6863.7,1,0,0
299.6,309.0,1372,60.4,149,9.399999999999977,82868.8,8999.6,1,0,0
299.6,310.2,1620,30.0,70,10.599999999999966,48600.0,2100.0,0,1,0
301.7,310.9,1557,39.4,2,9.199999999999989,61345.799999999996,78.8,1,0,0
297.3,308.4,1417,47.8,31,11.099999999999966,67732.59999999999,1481.8,1,0,0
300.4,309.4,1487,38.9,185,9.0,57844.299999999996,7196.5,0,0,0
298.9,310.1,1441,41.2,189,11.200000000000045,59369.200000000004,7786.8,0,1,0
298.4,307.9,1981,23.2,16,9.5,45959.2,371.2,1,0,0
302.9,311.2,1467,37.7,73,8.300000000000011,55305.9,2752.1000000000004,0,1,0
299.9,309.4,1322,53.9,33,9.5,71255.8,1778.7,1,0,0
304.2,313.2,1396,50.5,11,9.0,70498.0,555.5,0,1,0
298.4,308.6,1304,45.0,158,10.200000000000045,58680.0,7110.0,1,0,0
300.7,309.6,1733,24.8,85,8.900000000000034,42978.4,2108.0,1,0,0
298.9,310.3,1456,44.1,118,11.400000000000034,64209.6,5203.8,1,0,0
299.1,310.2,1569,38.2,155,11.099999999999966,59935.8,5921.0,1,0,0
300.2,309.5,1630,28.3,51,9.300000000000011,46129.0,1443.3,0,1,0
300.1,309.4,1434,47.3,127,9.299999999999955,67828.2,6007.099999999999,1,0,0
302.8,312.2,1433,50.0,216,9.399999999999977,71650.0,10800.0,1,0,0
298.3,309.4,1668,27.1,136,11.099999999999966,45202.8,3685.6000000000004,1,0,0
298.9,310.0,1791,27.6,166,11.100000000000023,49431.600000000006,4581.6,1,0,0
297.4,309.2,1584,42.8,186,11.800000000000011,67795.2,7960.799999999999,1,0,0
300.6,309.5,1495,36.5,79,8.899999999999977,54567.5,2883.5,0,0,0
298.7,308.5,1572,35.6,202,9.800000000000011,55963.200000000004,7191.200000000001,0,0,0
301.0,310.9,1568,38.2,172,9.899999999999977,59897.600000000006,6570.400000000001,1,0,0
300.3,310.3,1483,51.6,50,10.0,76522.8,2580.0,1,0,0
302.2,310.9,1452,42.3,56,8.699999999999989,61419.6,2368.7999999999997,1,0,0
298.1,308.1,1456,43.7,80,10.0,63627.200000000004,3496.0,0,1,0
297.3,308.1,1566,35.7,156,10.800000000000011,55906.200000000004,5569.200000000001,1,0,0
300.0,309.4,1499,35.7,46,9.399999999999977,53514.3,1642.2,1,0,0
298.4,308.2,1618,33.0,61,9.800000000000011,53394.0,2013.0,1,0,0
297.4,308.0,1356,51.9,184,10.600000000000023,70376.4,9549.6,1,0,0
301.3,309.9,1501,39.5,27,8.599999999999966,59289.5,1066.5,0,1,0
301.8,311.1,1413,42.2,9,9.300000000000011,59628.600000000006,379.8,0,1,0
297.1,307.9,1492,39.4,171,10.799999999999955,58784.799999999996,6737.4,1,0,0
300.7,311.7,1524,43.5,222,11.0,66294.0,9657.0,1,0,0
299.3,310.4,1725,26.8,167,11.099999999999966,46230.0,4475.6,1,0,0
297.2,308.6,1774,23.0,30,11.400000000000034,40802.0,690.0,1,0,0
299.2,310.5,1391,45.8,38,11.300000000000011,63707.799999999996,1740.3999999999999,1,0,0
303.3,311.8,1315,62.0,42,8.5,81530.0,2604.0,1,0,1
297.4,308.5,1471,43.9,45,11.100000000000023,64576.9,1975.5,1,0,0
300.7,311.8,1336,58.4,189,11.100000000000023,78022.4,11037.6,1,0,1
298.1,310.0,1534,33.7,47,11.899999999999977,51695.8,1583.9,1,0,0
303.1,312.3,1623,31.6,101,9.199999999999989,51286.8,3191.6000000000004,0,1,0
303.1,312.6,1895,23.5,129,9.5,44532.5,3031.5,0,1,0
303.5,312.1,1674,30.8,0,8.600000000000023,51559.200000000004,0.0,1,0,0
297.3,308.8,1554,36.1,70,11.5,56099.4,2527.0,1,0,0
298.6,308.2,1555,36.8,36,9.599999999999966,57223.99999999999,1324.8,0,0,0
300.7,311.1,1608,35.3,167,10.400000000000034,56762.399999999994,5895.099999999999,0,1,0
303.8,312.5,1372,45.7,180,8.699999999999989,62700.4,8226.0,1,0,0
301.9,310.9,1309,48.0,124,9.0,62832.0,5952.0,1,0,0
297.4,308.4,1531,41.5,213,11.0,63536.5,8839.5,1,0,0
296.6,307.6,1542,37.4,88,11.0,57670.799999999996,3291.2,1,0,0
298.1,308.3,1301,56.0,63,10.199999999999989,72856.0,3528.0,1,0,0
300.6,312.1,1293,52.3,49,11.5,67623.9,2562.7,0,1,0
297.4,309.3,1332,53.2,115,11.900000000000034,70862.40000000001,6118.0,1,0,0
299.8,310.6,1707,32.5,124,10.800000000000011,55477.5,4030.0,1,0,0
299.8,309.4,1412,47.8,130,9.599999999999966,67493.59999999999,6214.0,0,1,0
302.3,311.1,1630,35.6,183,8.800000000000011,58028.0,6514.8,1,0,0
302.9,312.2,1745,25.5,98,9.300000000000011,44497.5,2499.0,0,1,0
302.3,311.1,1295,57.1,146,8.800000000000011,73944.5,8336.6,0,1,0
303.5,312.8,1607,38.4,92,9.300000000000011,61708.799999999996,3532.7999999999997,1,0,0
299.5,310.8,1447,41.0,93,11.300000000000011,59327.0,3813.0,1,0,0
298.2,308.7,1269,60.9,163,10.5,77282.09999999999,9926.699999999999,0,1,0
298.2,307.8,1355,51.3,70,9.600000000000023,69511.5,3591.0,1,0,0
304.2,313.5,1684,29.8,156,9.300000000000011,50183.200000000004,4648.8,0,0,0
300.5,310.4,1702,33.1,71,9.899999999999977,56336.200000000004,2350.1,1,0,0
297.4,309.2,1428,38.8,26,11.800000000000011,55406.399999999994,1008.8,1,0,0
297.3,308.3,1935,19.3,24,11.0,37345.5,463.20000000000005,0,0,0
297.3,308.7,1430,42.8,153,11.399999999999977,61203.99999999999,6548.4,0,0,0
300.8,312.5,1434,50.7,121,11.699999999999989,72703.8,6134.700000000001,1,0,0
296.9,307.9,1979,20.4,68,11.0,40371.6,1387.1999999999998,0,1,0
298.3,308.0,1451,47.1,196,9.699999999999989,68342.1,9231.6,1,0,0
299.5,310.0,1502,38.5,52,10.5,57827.0,2002.0,1,0,0
299.1,310.4,1428,46.9,87,11.299999999999955,66973.2,4080.2999999999997,1,0,0
299.7,311.0,1827,25.4,194,11.300000000000011,46405.799999999996,4927.599999999999,1,0,0
298.9,308.5,1459,43.1,147,9.600000000000023,62882.9,6335.7,1,0,0
304.3,313.3,1775,24.9,39,9.0,44197.5,971.0999999999999,1,0,0
297.9,309.1,1457,44.4,28,11.200000000000045,64690.799999999996,1243.2,1,0,0
298.3,308.5,1362,53.8,164,10.199999999999989,73275.59999999999,8823.199999999999,1,0,0
297.4,309.0,1685,30.7,177,11.600000000000023,51729.5,5433.9,0,1,0
302.3,311.3,1621,31.6,135,9.0,51223.600000000006,4266.0,1,0,0
298.3,308.6,1447,38.1,146,10.300000000000011,55130.700000000004,5562.6,1,0,0
300.8,311.2,1365,51.7,111,10.399999999999977,70570.5,5738.700000000001,0,1,0
299.0,309.9,1630,34.0,92,10.899999999999977,55420.0,3128.0,1,0,0
301.5,310.7,1426,46.1,81,9.199999999999989,65738.6,3734.1,1,0,0
300.6,310.2,1233,52.3,23,9.599999999999966,64485.899999999994,1202.8999999999999,0,1,0
297.2,308.7,1501,38.5,86,11.5,57788.5,3311.0,1,0,0
298.1,309.0,1661,38.2,82,10.899999999999977,63450.200000000004,3132.4,0,1,0
297.6,309.1,1503,38.9,157,11.5,58466.7,6107.3,1,0,0
302.0,310.4,1568,39.2,112,8.399999999999977,61465.600000000006,4390.400000000001,1,0,0
299.0,308.8,1310,50.7,112,9.800000000000011,66417.0,5678.400000000001,1,0,0
300.9,310.4,1615,30.9,200,9.5,49903.5,6180.0,1,0,0
301.3,311.0,1582,35.6,202,9.699999999999989,56319.200000000004,7191.200000000001,1,0,0
298.7,309.7,1868,23.8,118,11.0,44458.4,2808.4,0,1,0
300.0,311.3,1484,53.2,158,11.300000000000011,78948.8,8405.6,1,0,0
300.2,311.6,1529,35.5,21,11.400000000000034,54279.5,745.5,1,0,0
296.7,307.8,1400,47.5,3,11.100000000000023,66500.0,142.5,1,0,0
302.5,310.3,1549,40.9,170,7.800000000000011,63354.1,6953.0,1,0,0
297.5,308.6,1552,44.9,77,11.100000000000023,69684.8,3457.2999999999997,1,0,0
300.0,309.3,1972,22.0,175,9.300000000000011,43384.0,3850.0,1,0,0
301.6,310.1,1362,55.8,70,8.5,75999.59999999999,3906.0,1,0,1
297.5,308.6,1355,58.9,138,11.100000000000023,79809.5,8128.2,0,0,0
297.1,308.4,1726,28.4,202,11.299999999999955,49018.399999999994,5736.799999999999,1,0,0
302.5,310.2,1454,43.0,108,7.699999999999989,62522.0,4644.0,1,0,0
302.0,310.5,1425,44.7,76,8.5,63697.50000000001,3397.2000000000003,0,1,0
297.6,308.3,1478,42.3,193,10.699999999999989,62519.399999999994,8163.9,1,0,0
302.6,310.6,1549,37.5,199,8.0,58087.5,7462.5,1,0,0
302.3,311.4,1855,23.9,43,9.099999999999966,44334.5,1027.7,0,1,0
300.9,311.3,1801,24.6,100,10.400000000000034,44304.600000000006,2460.0,0,1,0
296.3,307.3,1372,57.7,33,11.0,79164.40000000001,1904.1000000000001,1,0,0
302.8,312.4,1376,57.1,8,9.599999999999966,78569.6,456.8,1,0,0
303.9,313.2,1422,48.0,215,9.300000000000011,68256.0,10320.0,0,1,1
298.4,310.0,1554,37.3,103,11.600000000000023,57964.2,3841.8999999999996,1,0,0
297.6,309.3,1415,41.3,17,11.699999999999989,58439.49999999999,702.0999999999999,0,1,0
302.2,311.1,1553,34.1,89,8.900000000000034,52957.3,3034.9,0,0,0
301.3,311.2,1668,30.1,18,9.899999999999977,50206.8,541.8000000000001,1,0,0
300.1,309.4,1464,41.7,30,9.299999999999955,61048.8,1251.0,1,0,0
298.9,309.1,1452,45.5,196,10.200000000000045,66066.0,8918.0,1,0,0
298.3,308.9,1708,27.3,170,10.599999999999966,46628.4,4641.0,1,0,0
299.0,309.9,1548,34.5,214,10.899999999999977,53406.0,7383.0,1,0,0
298.8,308.9,1402,37.9,2,10.099999999999966,53135.799999999996,75.8,1,0,0
303.4,311.7,1406,47.1,213,8.300000000000011,66222.6,10032.300000000001,1,0,0
302.3,310.8,1611,31.8,169,8.5,51229.8,5374.2,0,1,0
303.0,312.3,1932,21.9,132,9.300000000000011,42310.799999999996,2890.7999999999997,1,0,0
300.2,309.4,1501,40.0,48,9.199999999999989,60040.0,1920.0,0,1,0
297.6,308.3,1438,47.8,84,10.699999999999989,68736.4,4015.2,1,0,0
301.7,310.8,1385,50.7,133,9.100000000000023,70219.5,6743.1,1,0,0
296.8,307.6,1398,46.7,144,10.800000000000011,65286.600000000006,6724.8,1,0,0
299.2,308.9,1588,41.5,150,9.699999999999989,65902.0,6225.0,1,0,0
302.2,310.6,1632,30.5,122,8.400000000000034,49776.0,3721.0,1,0,0
299.5,309.3,1422,49.2,179,9.800000000000011,69962.40000000001,8806.800000000001,1,0,0
303.5,312.9,1618,30.4,130,9.399999999999977,49187.2,3952.0,0,1,0
302.8,312.4,1368,49.5,10,9.599999999999966,67716.0,495.0,1,0,0
298.2,308.3,2051,19.2,90,10.100000000000023,39379.2,1728.0,1,0,0
297.6,309.2,1442,48.1,0,11.599999999999966,69360.2,0.0,0,1,0
301.9,309.8,1507,44.7,131,7.900000000000034,67362.90000000001,5855.700000000001,1,0,0
303.4,312.0,1521,35.9,215,8.600000000000023,54603.9,7718.5,1,0,1
300.9,311.2,1518,35.0,90,10.300000000000011,53130.0,3150.0,0,0,0
301.6,310.8,1548,34.2,143,9.199999999999989,52941.600000000006,4890.6,0,1,0
302.4,311.0,1462,48.5,81,8.600000000000023,70907.0,3928.5,1,0,0
295.6,306.2,1263,61.8,27,10.599999999999966,78053.4,1668.6,1,0,0
298.8,310.3,1573,41.8,91,11.5,65751.4,3803.7999999999997,0,1,0
301.8,311.1,1395,44.6,171,9.300000000000011,62217.0,7626.6,0,1,0
298.2,308.4,1398,51.8,76,10.199999999999989,72416.4,3936.7999999999997,0,0,0
299.0,309.0,1351,52.2,44,10.0,70522.2,2296.8,0,1,0
298.1,309.9,1563,32.8,51,11.799999999999955,51266.399999999994,1672.8,1,0,0
301.3,311.1,1454,40.3,191,9.800000000000011,58596.2,7697.299999999999,1,0,0
297.5,308.4,1490,39.7,34,10.899999999999977,59153.00000000001,1349.8000000000002,0,0,0
297.0,307.9,1412,47.4,112,10.899999999999977,66928.8,5308.8,0,1,0
301.4,310.6,1674,33.6,49,9.200000000000045,56246.4,1646.4,0,0,0
303.8,313.0,1427,43.0,0,9.199999999999989,61361.0,0.0,1,0,0
301.2,311.1,1550,39.7,20,9.900000000000034,61535.00000000001,794.0,1,0,0
297.3,308.1,1763,28.4,54,10.800000000000011,50069.2,1533.6,1,0,0
297.6,308.6,1414,45.4,138,11.0,64195.6,6265.2,0,1,0
302.9,311.1,1555,33.9,96,8.200000000000045,52714.5,3254.3999999999996,1,0,0
302.5,311.1,1638,32.0,198,8.600000000000023,52416.0,6336.0,0,1,0
298.8,309.8,1663,28.2,67,11.0,46896.6,1889.3999999999999,1,0,0
300.6,311.3,1531,38.5,0,10.699999999999989,58943.5,0.0,1,0,0
298.0,308.7,1268,69.4,189,10.699999999999989,87999.20000000001,13116.6,1,0,1
301.0,310.5,1379,57.3,204,9.5,79016.7,11689.199999999999,1,0,1
302.8,312.3,1262,70.5,234,9.5,88971.0,16497.0,0,1,1
301.3,310.9,2165,17.4,143,9.599999999999966,37671.0,2488.2,1,0,0
303.4,311.8,1564,35.9,171,8.400000000000034,56147.6,6138.9,1,0,0
299.3,310.0,1373,44.8,221,10.699999999999989,61510.399999999994,9900.8,0,0,0
299.8,309.1,1456,39.4,209,9.300000000000011,57366.4,8234.6,0,1,0
303.6,312.1,1967,20.9,2,8.5,41110.299999999996,41.8,0,1,0
298.3,310.0,1442,43.9,110,11.699999999999989,63303.799999999996,4829.0,1,0,0
302.2,310.6,1334,53.2,159,8.400000000000034,70968.8,8458.800000000001,1,0,1
298.9,310.0,1422,43.6,78,11.100000000000023,61999.200000000004,3400.8,1,0,0
299.1,308.3,1521,36.5,40,9.199999999999989,55516.5,1460.0,0,0,0
302.4,310.3,1374,51.2,163,7.900000000000034,70348.8,8345.6,1,0,1
301.4,310.1,1623,32.3,39,8.700000000000045,52422.899999999994,1259.6999999999998,0,0,0
298.7,310.3,1495,38.7,88,11.600000000000023,57856.50000000001,3405.6000000000004,0,1,0
297.9,307.7,1590,34.6,57,9.800000000000011,55014.0,1972.2,1,0,0
301.6,310.6,1478,36.6,218,9.0,54094.8,7978.8,1,0,0
301.5,311.0,1577,39.7,118,9.5,62606.9,4684.6,0,1,0
300.4,309.4,1530,40.4,112,9.0,61812.0,4524.8,0,0,0
302.3,310.7,1612,33.4,139,8.399999999999977,53840.799999999996,4642.599999999999,1,0,0
298.2,308.1,1382,43.5,37,9.900000000000034,60117.0,1609.5,1,0,0
301.7,309.9,1434,47.9,189,8.199999999999989,68688.59999999999,9053.1,0,1,0
301.7,310.9,1636,31.3,42,9.199999999999989,51206.8,1314.6000000000001,1,0,0
297.7,309.1,1477,38.3,60,11.400000000000034,56569.1,2298.0,1,0,0
299.8,309.1,1546,35.6,93,9.300000000000011,55037.600000000006,3310.8,1,0,0
299.2,308.5,1374,53.6,143,9.300000000000011,73646.40000000001,7664.8,1,0,0
298.2,308.9,1326,54.4,75,10.699999999999989,72134.4,4080.0,0,1,0
298.4,309.2,1425,45.5,11,10.800000000000011,64837.5,500.5,1,0,0
300.5,311.9,1511,41.8,205,11.399999999999977,63159.799999999996,8569.0,1,0,0
297.7,308.5,1453,45.5,86,10.800000000000011,66111.5,3913.0,1,0,0
303.3,311.3,1592,33.7,14,8.0,53650.4,471.80000000000007,1,0,0
301.9,310.9,1574,31.4,27,9.0,49423.6,847.8,1,0,0
300.3,310.7,1539,32.3,123,10.399999999999977,49709.7,3972.8999999999996,1,0,0
299.1,308.6,1499,45.1,185,9.5,67604.90000000001,8343.5,0,1,0
301.9,310.3,1485,46.3,24,8.400000000000034,68755.5,1111.1999999999998,1,0,0
301.4,311.1,1472,44.5,159,9.700000000000045,65504.0,7075.5,1,0,0
300.9,310.8,1452,43.6,185,9.900000000000034,63307.200000000004,8066.0,0,1,0
298.9,309.2,1412,44.1,140,10.300000000000011,62269.200000000004,6174.0,0,1,0
300.6,310.6,1454,39.7,67,10.0,57723.8,2659.9,1,0,0
298.8,309.7,1459,47.3,141,10.899999999999977,69010.7,6669.299999999999,0,1,0
298.1,308.4,1438,45.6,105,10.299999999999955,65572.8,4788.0,1,0,0
299.9,310.1,1362,56.3,179,10.200000000000045,76680.59999999999,10077.699999999999,0,1,0
299.0,310.1,1618,29.2,62,11.100000000000023,47245.6,1810.3999999999999,1,0,0
300.7,310.2,1877,24.8,64,9.5,46549.6,1587.2,0,0,0
300.1,310.1,1443,49.3,61,10.0,71139.9,3007.2999999999997,0,1,0
296.5,307.3,1501,42.1,162,10.800000000000011,63192.1,6820.2,1,0,0
298.3,308.3,1432,46.9,65,10.0,67160.8,3048.5,1,0,0
297.4,308.5,1469,45.1,63,11.100000000000023,66251.90000000001,2841.3,0,0,0
302.7,312.2,1450,52.1,213,9.5,75545.0,11097.300000000001,1,0,1
300.0,309.1,1624,30.8,155,9.100000000000023,50019.200000000004,4774.0,0,1,0
299.1,310.4,1369,54.5,104,11.299999999999955,74610.5,5668.0,0,0,0
298.9,308.7,1402,49.8,167,9.800000000000011,69819.59999999999,8316.6,0,1,0
299.6,309.2,1559,39.1,110,9.599999999999966,60956.9,4301.0,1,0,0
297.3,308.4,1686,34.5,97,11.099999999999966,58167.0,3346.5,0,1,0
301.6,310.7,1791,23.8,81,9.099999999999966,42625.8,1927.8,0,1,0
297.6,308.6,1744,28.5,42,11.0,49704.0,1197.0,1,0,0
303.8,312.9,1514,34.3,180,9.099999999999966,51930.2,6173.999999999999,1,0,0
300.6,309.4,1555,37.9,24,8.799999999999955,58934.5,909.5999999999999,0,0,0
298.4,309.4,1429,41.8,203,11.0,59732.2,8485.4,0,1,0
301.3,310.6,1378,49.4,173,9.300000000000011,68073.2,8546.199999999999,0,1,0
298.0,308.0,1433,39.2,87,10.0,56173.600000000006,3410.4,1,0,0
300.0,309.3,1407,43.9,138,9.300000000000011,61767.299999999996,6058.2,0,1,0
302.8,310.8,1516,39.5,23,8.0,59882.0,908.5,1,0,0
299.1,308.3,1559,33.7,30,9.199999999999989,52538.3,1011.0000000000001,1,0,0
299.0,310.0,1337,57.4,146,11.0,76743.8,8380.4,0,1,0
300.5,311.4,1390,51.9,68,10.899999999999977,72141.0,3529.2,0,1,0
302.3,310.1,1563,37.8,31,7.800000000000011,59081.399999999994,1171.8,0,1,0
303.6,311.8,1614,33.2,155,8.199999999999989,53584.8,5146.0,1,0,0
298.1,309.0,1497,40.5,58,10.899999999999977,60628.5,2349.0,1,0,0
302.6,310.4,1638,36.2,84,7.7999999999999545,59295.600000000006,3040.8,1,0,0
302.1,311.0,1364,50.0,205,8.899999999999977,68200.0,10250.0,1,0,0
301.0,311.2,1412,42.1,64,10.199999999999989,59445.200000000004,2694.4,1,0,0
298.1,307.7,2567,12.8,125,9.599999999999966,32857.6,1600.0,1,0,1
297.1,308.3,1492,41.5,141,11.199999999999989,61918.0,5851.5,0,0,0
298.8,308.5,1527,36.2,3,9.699999999999989,55277.4,108.60000000000001,1,0,0
300.2,309.8,1418,49.3,16,9.600000000000023,69907.4,788.8,1,0,0
298.9,310.1,1944,23.4,192,11.200000000000045,45489.6,4492.799999999999,1,0,0
300.5,311.6,1575,32.5,168,11.100000000000023,51187.5,5460.0,1,0,0
297.6,309.3,1543,34.3,8,11.699999999999989,52924.899999999994,274.4,1,0,0
298.1,309.0,1976,19.3,158,10.899999999999977,38136.8,3049.4,0,1,0
300.6,310.8,1378,51.2,119,10.199999999999989,70553.6,6092.8,1,0,0
300.9,310.8,1476,39.0,10,9.900000000000034,57564.0,390.0,1,0,0
304.0,313.1,1408,39.8,132,9.100000000000023,56038.399999999994,5253.599999999999,0,0,0
301.5,311.1,2076,18.7,103,9.600000000000023,38821.2,1926.1,1,0,0
300.6,311.6,1473,31.5,69,11.0,46399.5,2173.5,0,1,0
300.3,311.8,2004,19.6,12,11.5,39278.4,235.20000000000002,1,0,0
303.8,312.7,1364,49.3,167,8.899999999999977,67245.2,8233.1,0,1,0
297.5,308.7,1453,37.6,112,11.199999999999989,54632.8,4211.2,1,0,0
303.4,312.3,1540,38.7,96,8.900000000000034,59598.00000000001,3715.2000000000003,1,0,0
300.5,309.8,1445,43.9,164,9.300000000000011,63435.5,7199.599999999999,1,0,0
300.6,309.8,1659,28.9,127,9.199999999999989,47945.1,3670.2999999999997,0,1,0
300.8,310.9,1522,46.2,56,10.099999999999966,70316.40000000001,2587.2000000000003,0,1,0
299.5,308.7,1321,51.9,114,9.199999999999989,68559.9,5916.599999999999,0,1,0
303.2,311.4,1610,35.5,63,8.199999999999989,57155.0,2236.5,1,0,0
298.1,308.9,1353,46.2,173,10.799999999999955,62508.600000000006,7992.6,0,1,0
297.9,307.6,1550,39.0,35,9.700000000000045,60450.0,1365.0,1,0,0
301.4,311.2,1541,36.3,28,9.800000000000011,55938.299999999996,1016.3999999999999,0,1,0
302.6,311.7,1542,34.1,137,9.099999999999966,52582.200000000004,4671.7,1,0,0
302.6,311.0,2001,20.7,137,8.399999999999977,41420.7,2835.9,1,0,0
300.9,311.0,1556,38.8,127,10.100000000000023,60372.799999999996,4927.599999999999,0,1,0
303.7,312.6,1429,43.3,189,8.900000000000034,61875.7,8183.7,0,1,0
297.2,307.9,1747,29.0,188,10.699999999999989,50663.0,5452.0,0,1,0
297.9,307.4,1604,36.1,225,9.5,57904.4,8122.5,0,0,1
303.7,312.9,1460,49.8,2,9.199999999999989,72708.0,99.6,0,0,0
297.5,308.9,1443,43.5,0,11.399999999999977,62770.5,0.0,1,0,0
300.3,311.8,1508,43.1,57,11.5,64994.8,2456.7000000000003,1,0,0
301.7,311.1,1469,37.2,128,9.400000000000034,54646.8,4761.6,1,0,0
297.5,308.3,1544,40.8,37,10.800000000000011,62995.2,1509.6,1,0,0
297.3,308.4,1459,39.4,59,11.099999999999966,57484.6,2324.6,1,0,0
299.1,310.0,1394,46.6,27,10.899999999999977,64960.4,1258.2,1,0,0
301.2,310.8,1711,28.9,38,9.600000000000023,49447.899999999994,1098.2,1,0,0
297.8,308.4,1518,32.5,190,10.599999999999966,49335.0,6175.0,1,0,0
301.2,311.2,1558,34.1,204,10.0,53127.8,6956.400000000001,1,0,0
299.1,308.8,1429,50.1,84,9.699999999999989,71592.90000000001,4208.400000000001,1,0,0
300.5,311.6,1447,45.4,204,11.100000000000023,65693.8,9261.6,1,0,0
302.2,310.9,1302,53.4,58,8.699999999999989,69526.8,3097.2,0,1,0
301.8,310.9,1449,36.5,33,9.099999999999966,52888.5,1204.5,1,0,0
304.2,313.4,1457,49.4,96,9.199999999999989,71975.8,4742.4,1,0,0
299.7,310.5,1594,35.4,134,10.800000000000011,56427.6,4743.599999999999,0,1,0
302.5,310.5,1507,39.5,147,8.0,59526.5,5806.5,1,0,0
299.7,309.6,1540,34.4,91,9.900000000000034,52976.0,3130.4,0,1,0
298.6,309.7,1463,39.1,66,11.099999999999966,57203.3,2580.6,0,0,0
299.8,309.7,1624,34.2,96,9.899999999999977,55540.8,3283.2000000000003,1,0,0
303.9,313.3,1507,34.3,161,9.400000000000034,51690.1,5522.299999999999,0,1,0
297.3,308.6,1358,47.6,110,11.300000000000011,64640.8,5236.0,1,0,0
300.2,311.6,1767,26.4,20,11.400000000000034,46648.799999999996,528.0,1,0,0
297.7,308.8,1896,24.5,186,11.100000000000023,46452.0,4557.0,1,0,0
296.1,307.2,1619,29.7,17,11.099999999999966,48084.299999999996,504.9,0,1,0
298.7,310.0,1555,32.6,197,11.300000000000011,50693.0,6422.200000000001,1,0,0
298.8,310.1,1481,47.4,187,11.300000000000011,70199.4,8863.8,1,0,0
302.3,311.5,1794,26.1,7,9.199999999999989,46823.4,182.70000000000002,1,0,0
304.1,313.2,1427,46.9,123,9.099999999999966,66926.3,5768.7,0,1,0
298.8,309.4,1387,54.1,171,10.599999999999966,75036.7,9251.1,1,0,0
298.9,310.3,1551,35.2,50,11.400000000000034,54595.200000000004,1760.0000000000002,0,1,0
302.4,311.8,1648,30.0,122,9.400000000000034,49440.0,3660.0,1,0,0
303.3,311.7,1539,38.5,221,8.399999999999977,59251.5,8508.5,1,0,0
299.6,310.1,2057,20.4,60,10.5,41962.799999999996,1224.0,1,0,0
297.8,309.7,1341,49.2,208,11.899999999999977,65977.2,10233.6,1,0,0
298.6,309.6,1563,35.0,21,11.0,54705.0,735.0,1,0,0
298.1,307.5,1493,43.7,153,9.399999999999977,65244.100000000006,6686.1,1,0,0
298.9,308.6,1517,39.8,114,9.700000000000045,60376.6,4537.2,0,1,0
297.3,307.9,1797,24.7,75,10.599999999999966,44385.9,1852.5,1,0,0
297.9,309.7,2194,16.8,27,11.800000000000011,36859.200000000004,453.6,1,0,0
301.0,311.6,1609,35.8,156,10.600000000000023,57602.2,5584.799999999999,0,1,0
300.4,310.4,1544,36.3,21,10.0,56047.2,762.3,0,1,0
298.5,308.7,1662,28.3,15,10.199999999999989,47034.6,424.5,0,1,0
300.4,309.7,1692,27.4,115,9.300000000000011,46360.799999999996,3151.0,1,0,0
302.6,311.9,1633,30.9,89,9.299999999999955,50459.7,2750.1,1,0,0
298.5,309.4,1522,47.4,20,10.899999999999977,72142.8,948.0,0,1,0
301.4,310.6,1445,43.9,210,9.200000000000045,63435.5,9219.0,1,0,0
299.0,310.3,1868,24.0,221,11.300000000000011,44832.0,5304.0,1,0,0
303.9,313.1,1425,49.3,199,9.200000000000045,70252.5,9810.699999999999,1,0,0
302.9,312.6,1328,59.9,24,9.700000000000045,79547.2,1437.6,1,0,0
301.1,311.4,1531,38.7,55,10.299999999999955,59249.700000000004,2128.5,1,0,0
298.4,309.5,1376,50.4,202,11.100000000000023,69350.4,10180.8,1,0,0
297.6,309.5,1549,34.9,68,11.899999999999977,54060.1,2373.2,1,0,0
300.2,310.3,1448,40.1,209,10.100000000000023,58064.8,8380.9,0,1,0
299.6,310.2,1743,24.8,99,10.599999999999966,43226.4,2455.2000000000003,1,0,0
304.2,313.8,1401,53.9,142,9.600000000000023,75513.9,7653.8,1,0,0
297.5,308.4,1685,28.1,15,10.899999999999977,47348.5,421.5,0,1,0
298.6,308.2,1361,68.2,172,9.599999999999966,92820.2,11730.4,1,0,1
303.2,311.2,1439,43.9,30,8.0,63172.1,1317.0,1,0,0
301.3,310.3,1460,41.5,197,9.0,60590.0,8175.5,1,0,0
297.5,308.8,1309,57.3,0,11.300000000000011,75005.7,0.0,1,0,0
301.0,311.6,1352,63.5,143,10.600000000000023,85852.0,9080.5,1,0,0
302.2,310.9,1488,44.2,57,8.699999999999989,65769.6,2519.4,0,1,0
302.1,310.9,1658,30.3,186,8.799999999999955,50237.4,5635.8,1,0,0
298.8,310.0,1537,39.9,190,11.199999999999989,61326.299999999996,7581.0,1,0,0
300.1,309.6,1501,38.0,157,9.5,57038.0,5966.0,0,1,0
298.0,308.2,1365,52.9,218,10.199999999999989,72208.5,11532.199999999999,1,0,1
302.5,311.5,1603,32.4,194,9.0,51937.2,6285.599999999999,1,0,0
304.0,313.0,1701,30.4,171,9.0,51710.399999999994,5198.4,0,0,0
302.5,311.8,1335,52.7,135,9.300000000000011,70354.5,7114.5,1,0,0
297.5,309.4,1831,26.6,105,11.899999999999977,48704.600000000006,2793.0,0,1,0
300.5,309.9,1397,45.9,210,9.399999999999977,64122.299999999996,9639.0,0,0,1
300.6,311.7,1528,43.9,185,11.099999999999966,67079.2,8121.5,1,0,0
300.5,311.7,1445,44.8,83,11.199999999999989,64735.99999999999,3718.3999999999996,1,0,0
295.7,306.1,1408,47.9,117,10.400000000000034,67443.2,5604.3,1,0,0
297.2,308.1,1712,30.9,204,10.900000000000034,52900.799999999996,6303.599999999999,1,0,0
299.4,310.5,1514,36.1,169,11.100000000000023,54655.4,6100.900000000001,1,0,0
301.5,310.8,1382,52.4,165,9.300000000000011,72416.8,8646.0,1,0,0
299.2,310.6,1443,50.9,85,11.400000000000034,73448.7,4326.5,0,1,0
296.9,308.1,1555,33.7,229,11.200000000000045,52403.50000000001,7717.300000000001,1,0,0
303.2,311.3,1393,52.9,12,8.100000000000023,73689.7,634.8,1,0,0
300.0,309.5,1506,38.8,87,9.5,58432.799999999996,3375.6,1,0,0
302.4,310.2,1346,62.4,106,7.800000000000011,83990.4,6614.4,1,0,1
302.6,312.1,1668,28.7,180,9.5,47871.6,5166.0,1,0,0
297.5,309.4,1443,45.4,70,11.899999999999977,65512.2,3178.0,1,0,0
297.3,308.7,1587,35.8,148,11.399999999999977,56814.6,5298.4,1,0,0
303.8,313.1,1458,42.2,25,9.300000000000011,61527.600000000006,1055.0,1,0,0
301.5,310.6,2432,14.2,126,9.100000000000023,34534.4,1789.1999999999998,0,1,0
302.4,311.8,1416,46.1,202,9.400000000000034,65277.6,9312.2,1,0,0
301.6,310.8,1355,57.8,195,9.199999999999989,78319.0,11271.0,1,0,1
301.2,310.1,1666,34.9,37,8.900000000000034,58143.399999999994,1291.3,0,1,0
300.1,309.6,1649,33.6,168,9.5,55406.4,5644.8,1,0,0
301.9,310.9,1483,37.0,35,9.0,54871.0,1295.0,0,1,0
300.7,309.6,1536,37.2,19,8.900000000000034,57139.200000000004,706.8000000000001,0,1,0
299.4,308.7,1504,37.8,112,9.300000000000011,56851.2,4233.599999999999,1,0,0
304.4,313.6,1510,38.9,199,9.200000000000045,58739.0,7741.099999999999,0,1,0
298.6,309.9,1668,32.3,6,11.299999999999955,53876.399999999994,193.79999999999998,0,1,0
297.5,308.6,1380,53.5,192,11.100000000000023,73830.0,10272.0,1,0,0
298.8,309.9,1466,44.6,66,11.099999999999966,65383.6,2943.6,0,0,0
303.0,311.2,1456,44.0,142,8.199999999999989,64064.0,6248.0,1,0,0
298.5,308.9,1725,31.9,205,10.399999999999977,55027.5,6539.5,1,0,0
300.8,312.4,1465,43.7,139,11.599999999999966,64020.50000000001,6074.3,0,1,0
300.7,310.7,1541,41.3,82,10.0,63643.299999999996,3386.6,1,0,0
299.4,309.0,1415,51.7,62,9.600000000000023,73155.5,3205.4,0,0,0
300.7,311.3,1562,37.1,58,10.600000000000023,57950.200000000004,2151.8,0,1,0
299.0,310.3,1447,39.9,78,11.300000000000011,57735.299999999996,3112.2,0,1,0
301.6,310.9,1385,51.2,132,9.299999999999955,70912.0,6758.400000000001,1,0,0
298.4,308.3,1452,48.5,73,9.900000000000034,70422.0,3540.5,1,0,0
297.8,308.4,1714,33.2,177,10.599999999999966,56904.8,5876.400000000001,1,0,0
299.3,308.8,1772,25.2,89,9.5,44654.4,2242.7999999999997,1,0,0
297.2,308.5,1447,47.9,188,11.300000000000011,69311.3,9005.199999999999,1,0,0
301.3,310.4,1501,39.8,187,9.099999999999966,59739.799999999996,7442.599999999999,0,1,0
299.0,309.7,1489,40.7,212,10.699999999999989,60602.3,8628.400000000001,0,1,0
300.6,309.8,1541,36.2,166,9.199999999999989,55784.200000000004,6009.200000000001,0,0,0
298.2,308.6,1433,39.5,7,10.400000000000034,56603.5,276.5,1,0,0
296.6,307.6,1459,40.2,96,11.0,58651.8,3859.2000000000003,1,0,0
298.6,309.3,1510,40.8,177,10.699999999999989,61607.99999999999,7221.599999999999,0,1,0
303.7,312.5,1641,36.0,125,8.800000000000011,59076.0,4500.0,1,0,0
302.1,310.6,1385,53.6,5,8.5,74236.0,268.0,1,0,0
300.9,311.4,1434,45.4,118,10.5,65103.6,5357.2,0,1,0
302.7,312.1,1543,37.5,33,9.400000000000034,57862.5,1237.5,1,0,0
300.4,310.2,1380,47.3,5,9.800000000000011,65273.99999999999,236.5,0,1,0
300.8,310.8,1741,27.1,39,10.0,47181.100000000006,1056.9,1,0,0
301.8,310.8,1508,38.8,96,9.0,58510.399999999994,3724.7999999999997,0,1,0
303.9,313.1,1440,41.1,12,9.200000000000045,59184.0,493.20000000000005,1,0,0
304.0,313.0,1454,46.8,30,9.0,68047.2,1404.0,0,1,0
300.7,311.0,1403,48.3,70,10.300000000000011,67764.9,3381.0,1,0,0
298.8,309.8,1437,48.2,164,11.0,69263.40000000001,7904.8,0,0,0
301.5,310.7,1596,35.4,150,9.199999999999989,56498.399999999994,5310.0,1,0,0
302.3,310.8,1762,27.8,127,8.5,48983.6,3530.6,0,1,0
300.3,311.1,1606,30.9,156,10.800000000000011,49625.399999999994,4820.4,1,0,0
301.2,310.4,1516,44.4,53,9.199999999999989,67310.4,2353.2,1,0,0
300.7,311.0,1378,51.6,130,10.300000000000011,71104.8,6708.0,0,1,0
303.5,312.0,1436,45.1,32,8.5,64763.6,1443.2,1,0,0
300.6,310.0,1505,35.9,95,9.399999999999977,54029.5,3410.5,1,0,0
297.5,309.3,1732,29.9,32,11.800000000000011,51786.799999999996,956.8,1,0,0
301.4,309.9,1460,47.2,22,8.5,68912.0,1038.4,0,0,0
301.7,310.8,1559,44.5,135,9.100000000000023,69375.5,6007.5,1,0,0
300.7,311.2,1399,47.9,80,10.5,67012.09999999999,3832.0,1,0,0
300.9,310.7,1479,43.3,201,9.800000000000011,64040.7,8703.3,1,0,0
302.1,311.4,1467,43.4,33,9.299999999999955,63667.799999999996,1432.2,0,1,0
300.2,310.3,1704,29.4,221,10.100000000000023,50097.6,6497.4,0,1,0
301.8,310.6,2672,11.8,124,8.800000000000011,31529.600000000002,1463.2,1,0,1
297.3,308.6,1471,50.7,157,11.300000000000011,74579.7,7959.900000000001,0,1,0
300.3,309.3,1391,57.9,204,9.0,80538.9,11811.6,0,1,0
299.1,310.0,1580,36.0,195,10.899999999999977,56880.0,7020.0,0,1,0
299.0,310.2,1575,37.8,42,11.199999999999989,59534.99999999999,1587.6,1,0,0
303.1,311.3,1474,34.8,215,8.199999999999989,51295.2,7481.999999999999,1,0,0
304.1,313.4,1374,56.6,115,9.299999999999955,77768.40000000001,6509.0,1,0,0
298.8,309.0,1661,29.5,162,10.199999999999989,48999.5,4779.0,0,1,0
302.0,310.1,1361,45.4,174,8.100000000000023,61789.4,7899.599999999999,1,0,1
297.6,308.9,1433,43.2,206,11.299999999999955,61905.600000000006,8899.2,0,1,0
298.0,308.5,1664,28.3,196,10.5,47091.200000000004,5546.8,1,0,0
300.4,311.6,1401,49.9,79,11.200000000000045,69909.9,3942.1,0,1,0
298.2,309.4,1408,46.5,76,11.199999999999989,65472.0,3534.0,0,1,0
299.9,309.6,1364,44.4,20,9.700000000000045,60561.6,888.0,0,1,0
299.7,309.0,1605,33.0,151,9.300000000000011,52965.0,4983.0,1,0,0
300.7,309.8,1330,54.4,171,9.100000000000023,72352.0,9302.4,1,0,0
298.9,308.7,1772,28.4,177,9.800000000000011,50324.799999999996,5026.8,0,1,0
301.2,311.7,1433,49.3,206,10.5,70646.9,10155.8,1,0,0
302.1,310.8,1786,25.7,47,8.699999999999989,45900.2,1207.8999999999999,1,0,0
299.7,309.1,1851,24.7,189,9.400000000000034,45719.7,4668.3,0,1,0
298.9,308.3,1660,34.4,9,9.400000000000034,57104.0,309.59999999999997,1,0,0
298.9,309.9,1376,51.0,32,11.0,70176.0,1632.0,0,0,0
298.5,308.8,1589,30.6,11,10.300000000000011,48623.4,336.6,1,0,0
303.4,311.7,1991,19.0,53,8.300000000000011,37829.0,1007.0,0,0,0
298.2,308.8,1616,33.7,16,10.600000000000023,54459.200000000004,539.2,1,0,0
303.4,312.0,1748,28.4,200,8.600000000000023,49643.2,5680.0,0,1,0
302.2,311.7,1330,54.6,154,9.5,72618.0,8408.4,1,0,0
298.3,308.7,1667,28.6,18,10.399999999999977,47676.200000000004,514.8000000000001,0,1,0
303.4,312.3,1479,42.8,92,8.900000000000034,63301.2,3937.6,1,0,0
299.0,309.4,1758,25.7,68,10.399999999999977,45180.6,1747.6,1,0,0
299.0,310.2,1377,62.5,92,11.199999999999989,86062.5,5750.0,1,0,1
300.8,311.4,1453,44.6,38,10.599999999999966,64803.8,1694.8,0,0,0
300.7,309.6,1500,44.1,122,8.900000000000034,66150.0,5380.2,1,0,0
303.5,311.6,1361,46.5,62,8.100000000000023,63286.5,2883.0,1,0,1
298.4,309.2,1651,28.5,141,10.800000000000011,47053.5,4018.5,1,0,0
300.6,311.1,1452,40.2,28,10.5,58370.4,1125.6000000000001,0,0,0
304.3,313.6,1409,56.0,19,9.300000000000011,78904.0,1064.0,1,0,0
300.2,309.7,1656,34.3,120,9.5,56800.799999999996,4116.0,1,0,0
301.3,310.3,1626,31.3,180,9.0,50893.8,5634.0,1,0,0
303.5,312.4,1390,47.3,164,8.899999999999977,65747.0,7757.2,1,0,0
303.7,313.1,2130,18.1,185,9.400000000000034,38553.0,3348.5000000000005,0,1,0
298.6,310.2,1668,31.5,7,11.599999999999966,52542.0,220.5,0,1,0
300.1,311.5,1422,46.2,134,11.399999999999977,65696.40000000001,6190.8,0,0,0
298.6,309.6,1491,36.9,192,11.0,55017.9,7084.799999999999,1,0,0
300.4,309.4,1875,23.9,155,9.0,44812.5,3704.5,0,1,0
295.8,306.5,1514,37.7,60,10.699999999999989,57077.8,2262.0,0,1,0
303.7,312.8,1488,42.8,54,9.100000000000023,63686.399999999994,2311.2,0,0,0
299.0,308.7,1449,38.9,18,9.699999999999989,56366.1,700.1999999999999,1,0,0
298.8,309.7,1477,48.5,138,10.899999999999977,71634.5,6693.0,0,1,0
300.2,310.0,1493,47.3,172,9.800000000000011,70618.9,8135.599999999999,1,0,0
299.0,310.1,1531,36.0,57,11.100000000000023,55116.0,2052.0,1,0,0
299.5,309.1,1502,44.6,13,9.600000000000023,66989.2,579.8000000000001,1,0,0
303.7,312.9,1461,50.1,31,9.199999999999989,73196.1,1553.1000000000001,1,0,0
300.4,309.7,1467,36.9,131,9.300000000000011,54132.299999999996,4833.9,1,0,0
300.1,309.4,1559,39.7,24,9.299999999999955,61892.3,952.8000000000001,1,0,0
299.1,310.1,1894,24.2,22,11.0,45834.799999999996,532.4,1,0,0
299.7,309.2,1572,32.8,142,9.5,51561.6,4657.599999999999,0,0,0
298.2,308.4,1452,43.5,158,10.199999999999989,63162.0,6873.0,1,0,0
303.0,312.5,1524,42.1,76,9.5,64160.4,3199.6,0,1,0
297.6,308.7,1419,41.7,81,11.099999999999966,59172.3,3377.7000000000003,0,1,0
297.4,308.7,1433,43.4,116,11.300000000000011,62192.2,5034.4,1,0,0
301.7,309.8,1398,46.0,109,8.100000000000023,64308.0,5014.0,1,0,0
300.8,311.9,1486,45.1,30,11.099999999999966,67018.6,1353.0,1,0,0
302.3,311.6,1309,57.6,77,9.300000000000011,75398.40000000001,4435.2,1,0,0
303.5,312.4,1606,31.7,22,8.899999999999977,50910.2,697.4,0,1,0
300.7,310.2,1807,24.2,77,9.5,43729.4,1863.3999999999999,1,0,0
302.7,310.5,1725,29.0,209,7.800000000000011,50025.0,6061.0,1,0,0
299.0,308.4,1356,52.6,188,9.399999999999977,71325.6,9888.800000000001,1,0,0
302.5,310.4,1605,36.0,69,7.899999999999977,57780.0,2484.0,0,1,0
298.9,309.9,1309,56.2,119,11.0,73565.8,6687.8,1,0,0
298.3,309.0,1471,48.3,91,10.699999999999989,71049.3,4395.3,1,0,0
297.6,309.6,1530,37.3,10,12.0,57068.99999999999,373.0,0,1,0
301.0,310.9,1554,32.7,59,9.899999999999977,50815.8,1929.3000000000002,0,1,0
302.3,311.4,1535,41.8,77,9.099999999999966,64162.99999999999,3218.6,1,0,0
297.5,308.2,1624,30.9,186,10.699999999999989,50181.6,5747.4,0,1,0
297.6,309.7,1541,33.7,165,12.099999999999966,51931.700000000004,5560.500000000001,0,1,0
301.5,310.5,1774,25.5,121,9.0,45237.0,3085.5,0,1,0
299.7,310.6,1616,35.1,142,10.900000000000034,56721.600000000006,4984.2,1,0,0
303.8,312.7,1500,41.7,125,8.899999999999977,62550.00000000001,5212.5,0,1,0
299.2,310.2,1458,47.0,183,11.0,68526.0,8601.0,1,0,0
298.2,308.0,1411,47.2,168,9.800000000000011,66599.2,7929.6,0,1,0
302.4,312.0,1477,39.7,18,9.600000000000023,58636.9,714.6,0,0,0
300.4,309.9,1681,28.6,206,9.5,48076.600000000006,5891.6,1,0,0
302.3,311.1,1589,29.9,141,8.800000000000011,47511.1,4215.9,1,0,0
301.8,310.7,1383,45.7,44,8.899999999999977,63203.100000000006,2010.8000000000002,0,1,0
300.5,311.8,1596,34.8,87,11.300000000000011,55540.799999999996,3027.6,1,0,0
299.8,311.2,1533,35.9,137,11.399999999999977,55034.7,4918.3,1,0,0
299.2,308.3,1755,26.4,19,9.100000000000023,46332.0,501.59999999999997,0,1,0
300.3,311.6,1801,23.6,97,11.300000000000011,42503.600000000006,2289.2000000000003,0,0,0
300.3,311.4,1544,41.6,97,11.099999999999966,64230.4,4035.2000000000003,1,0,0
297.5,308.2,1713,32.2,17,10.699999999999989,55158.600000000006,547.4000000000001,0,1,0
299.2,310.5,1458,44.1,91,11.300000000000011,64297.8,4013.1,1,0,0
297.6,309.5,1569,36.2,63,11.899999999999977,56797.8,2280.6000000000004,1,0,0
302.5,310.4,1487,42.0,152,7.899999999999977,62454.0,6384.0,1,0,0
303.9,313.2,1608,40.6,79,9.300000000000011,65284.8,3207.4,0,1,0
298.6,309.9,1593,37.4,47,11.299999999999955,59578.2,1757.8,1,0,0
302.5,311.9,1481,42.9,52,9.399999999999977,63534.9,2230.7999999999997,1,0,0
300.8,312.1,1512,37.1,169,11.300000000000011,56095.200000000004,6269.900000000001,1,0,0
298.4,310.1,1455,42.2,94,11.700000000000045,61401.00000000001,3966.8,1,0,0
297.9,309.8,1461,50.5,38,11.900000000000034,73780.5,1919.0,1,0,0
302.0,310.7,1453,42.7,92,8.699999999999989,62043.100000000006,3928.4,1,0,0
300.6,309.4,1654,32.8,57,8.799999999999955,54251.2,1869.6,1,0,0
298.3,308.1,1586,35.5,0,9.800000000000011,56303.0,0.0,1,0,0
301.4,311.1,1469,36.9,133,9.700000000000045,54206.1,4907.7,1,0,0
300.8,310.7,1886,21.1,44,9.899999999999977,39794.600000000006,928.4000000000001,0,1,0
296.8,307.4,1455,49.9,102,10.599999999999966,72604.5,5089.8,0,1,0
297.9,309.1,1558,39.2,59,11.200000000000045,61073.600000000006,2312.8,0,1,0
300.1,311.3,1495,41.0,193,11.199999999999989,61295.0,7913.0,0,1,0
301.9,310.6,1331,68.6,85,8.700000000000045,91306.59999999999,5830.999999999999,1,0,1
298.0,307.6,1508,41.8,89,9.600000000000023,63034.399999999994,3720.2,0,1,0
297.6,307.1,1471,44.9,14,9.5,66047.9,628.6,0,1,0
301.7,310.5,1377,43.1,183,8.800000000000011,59348.700000000004,7887.3,1,0,0
300.9,310.4,1427,47.0,65,9.5,67069.0,3055.0,1,0,0
302.0,310.7,1348,58.1,83,8.699999999999989,78318.8,4822.3,1,0,0
304.0,313.1,1388,53.2,91,9.100000000000023,73841.6,4841.2,0,0,0
300.8,311.7,1414,49.0,10,10.899999999999977,69286.0,490.0,1,0,0
300.8,309.6,1546,42.3,186,8.800000000000011,65395.799999999996,7867.799999999999,0,1,0
301.4,310.7,1425,45.1,7,9.300000000000011,64267.5,315.7,1,0,0
302.3,311.0,1421,41.3,182,8.699999999999989,58687.299999999996,7516.599999999999,0,1,0
302.3,311.7,1423,44.6,93,9.399999999999977,63465.8,4147.8,0,1,0
299.8,310.3,1687,30.4,33,10.5,51284.799999999996,1003.1999999999999,1,0,0
301.0,311.3,1454,41.5,57,10.300000000000011,60341.0,2365.5,0,1,0
298.1,308.0,1686,29.3,35,9.899999999999977,49399.8,1025.5,0,1,0
300.2,309.9,1566,36.4,170,9.699999999999989,57002.399999999994,6188.0,1,0,0
298.8,308.6,1599,33.0,101,9.800000000000011,52767.0,3333.0,1,0,0
299.9,309.5,1582,38.2,160,9.600000000000023,60432.4,6112.0,0,1,0
300.8,310.3,1494,42.2,35,9.5,63046.8,1477.0,0,1,0
301.7,311.3,1348,51.0,87,9.600000000000023,68748.0,4437.0,1,0,0
297.3,308.5,1528,44.5,140,11.199999999999989,67996.0,6230.0,1,0,0
297.6,308.5,1678,34.2,114,10.899999999999977,57387.600000000006,3898.8,1,0,0
304.2,313.8,1481,44.9,136,9.600000000000023,66496.9,6106.4,0,1,0
300.2,311.4,1319,54.6,15,11.199999999999989,72017.40000000001,819.0,0,0,0
300.4,311.7,1459,45.6,3,11.300000000000011,66530.40000000001,136.8,1,0,0
296.9,307.8,1549,35.8,206,10.900000000000034,55454.2,7374.799999999999,0,0,1
300.2,309.8,1374,47.7,8,9.600000000000023,65539.8,381.6,0,0,0
302.4,312.0,1457,45.5,206,9.600000000000023,66293.5,9373.0,1,0,0
301.7,311.1,1578,40.5,174,9.400000000000034,63909.0,7047.0,0,1,0
303.6,311.7,1491,39.8,92,8.099999999999966,59341.799999999996,3661.6,1,0,0
300.4,311.0,1433,46.1,199,10.600000000000023,66061.3,9173.9,0,1,0
300.8,310.9,1732,25.7,109,10.099999999999966,44512.4,2801.2999999999997,1,0,0
303.7,312.6,1702,29.1,141,8.900000000000034,49528.200000000004,4103.1,1,0,0
297.2,308.5,1604,34.9,200,11.300000000000011,55979.6,6980.0,0,1,0
300.5,311.4,1432,47.5,51,10.899999999999977,68020.0,2422.5,1,0,0
300.0,309.3,1397,51.2,173,9.300000000000011,71526.40000000001,8857.6,1,0,0
302.0,310.7,1698,28.1,39,8.699999999999989,47713.8,1095.9,1,0,0
300.5,311.4,1642,27.1,37,10.899999999999977,44498.200000000004,1002.7,1,0,0
299.6,309.2,1393,47.7,28,9.599999999999966,66446.1,1335.6000000000001,0,1,0
303.5,311.8,1944,23.5,159,8.300000000000011,45684.0,3736.5,1,0,0
303.4,312.8,1513,35.8,92,9.400000000000034,54165.399999999994,3293.6,1,0,0
300.9,311.3,1449,40.2,168,10.400000000000034,58249.8,6753.6,1,0,0
304.1,313.2,1824,25.8,186,9.099999999999966,47059.200000000004,4798.8,1,0,0
298.8,310.0,1611,32.4,183,11.199999999999989,52196.399999999994,5929.2,1,0,0
304.0,313.1,1648,35.7,119,9.100000000000023,58833.600000000006,4248.3,1,0,0
299.4,309.2,1427,41.5,29,9.800000000000011,59220.5,1203.5,1,0,0
299.5,310.1,1659,31.5,44,10.600000000000023,52258.5,1386.0,0,1,0
297.5,309.4,1391,58.2,34,11.899999999999977,80956.2,1978.8000000000002,0,1,0
298.0,308.6,1526,41.8,160,10.600000000000023,63786.799999999996,6688.0,0,0,0
300.3,311.5,1403,60.1,58,11.199999999999989,84320.3,3485.8,1,0,0
299.7,309.6,1313,60.0,186,9.900000000000034,78780.0,11160.0,0,1,0
303.7,312.6,1671,30.5,163,8.900000000000034,50965.5,4971.5,0,1,0
300.2,310.3,1704,29.2,42,10.100000000000023,49756.799999999996,1226.3999999999999,0,1,0
300.1,311.3,1479,39.5,133,11.199999999999989,58420.5,5253.5,1,0,0
298.3,308.9,1862,27.0,172,10.599999999999966,50274.0,4644.0,1,0,0
296.9,307.8,1345,54.5,172,10.900000000000034,73302.5,9374.0,0,0,0
303.5,313.0,1482,38.5,82,9.5,57057.0,3157.0,1,0,0
298.9,309.8,1353,53.7,71,10.900000000000034,72656.1,3812.7000000000003,0,1,0
301.2,311.0,1567,35.1,64,9.800000000000011,55001.700000000004,2246.4,1,0,0
301.8,311.1,1463,50.1,149,9.300000000000011,73296.3,7464.900000000001,0,0,0
299.3,309.0,1786,23.5,100,9.699999999999989,41971.0,2350.0,1,0,0
297.2,308.6,1413,49.8,12,11.400000000000034,70367.4,597.5999999999999,1,0,0
298.1,308.3,1495,38.7,188,10.199999999999989,57856.50000000001,7275.6,1,0,0
301.1,311.3,1909,22.7,38,10.199999999999989,43334.299999999996,862.6,0,1,0
297.4,308.7,1402,40.2,114,11.300000000000011,56360.4,4582.8,1,0,0
301.7,310.1,1431,44.0,61,8.400000000000034,62964.0,2684.0,0,1,0
298.2,307.8,1585,34.6,78,9.600000000000023,54841.0,2698.8,1,0,0
295.6,306.2,1823,25.8,29,10.599999999999966,47033.4,748.2,1,0,0
301.6,310.7,1380,51.8,216,9.099999999999966,71484.0,11188.8,1,0,1
302.4,311.8,1644,37.2,195,9.400000000000034,61156.8,7254.000000000001,0,1,0
297.3,308.7,1467,36.8,216,11.399999999999977,53985.6,7948.799999999999,1,0,0
298.0,308.2,1373,51.2,215,10.199999999999989,70297.6,11008.0,0,1,0
303.1,311.2,1626,32.3,21,8.099999999999966,52519.799999999996,678.3,1,0,0
298.6,309.5,1566,38.1,89,10.899999999999977,59664.600000000006,3390.9,0,1,0
302.1,311.4,1518,37.4,102,9.299999999999955,56773.2,3814.7999999999997,1,0,0
300.9,310.5,2288,16.1,85,9.600000000000023,36836.8,1368.5000000000002,1,0,0
302.6,310.4,1514,42.7,75,7.7999999999999545,64647.8,3202.5,1,0,0
298.2,308.8,1837,28.4,34,10.600000000000023,52170.799999999996,965.5999999999999,0,0,0
297.5,308.5,1597,36.4,112,11.0,58130.799999999996,4076.7999999999997,1,0,0
302.3,311.8,1435,44.8,98,9.5,64287.99999999999,4390.4,1,0,0
298.0,309.9,1565,33.9,40,11.899999999999977,53053.5,1356.0,0,1,0
296.6,307.4,1790,25.8,72,10.799999999999955,46182.0,1857.6000000000001,0,1,0
300.8,310.6,1465,44.1,136,9.800000000000011,64606.5,5997.6,0,0,0
301.7,310.6,1624,34.5,216,8.900000000000034,56028.0,7452.0,1,0,0
301.0,310.7,1455,46.1,103,9.699999999999989,67075.5,4748.3,0,1,0
299.0,310.1,1664,29.7,89,11.100000000000023,49420.799999999996,2643.2999999999997,1,0,0
301.8,310.8,1505,41.2,33,9.0,62006.00000000001,1359.6000000000001,1,0,0
297.3,308.4,1531,35.6,16,11.099999999999966,54503.6,569.6,0,0,0
299.8,309.7,1705,28.5,103,9.899999999999977,48592.5,2935.5,0,1,0
301.4,310.8,1782,26.5,6,9.400000000000034,47223.0,159.0,0,1,0
302.6,312.2,1353,56.5,168,9.599999999999966,76444.5,9492.0,0,1,0
298.6,309.6,1525,42.4,2,11.0,64660.0,84.8,0,1,0
297.5,308.3,1459,45.2,34,10.800000000000011,65946.8,1536.8000000000002,0,1,0
298.3,308.5,1453,42.9,89,10.199999999999989,62333.7,3818.1,1,0,0
298.5,309.4,1360,60.9,187,10.899999999999977,82824.0,11388.3,1,0,1
301.7,310.7,1861,21.8,84,9.0,40569.8,1831.2,0,1,0
297.4,309.0,1833,22.6,161,11.600000000000023,41425.8,3638.6000000000004,1,0,0
302.5,310.9,1624,34.4,146,8.399999999999977,55865.6,5022.4,1,0,0
297.3,308.6,1273,59.8,182,11.300000000000011,76125.4,10883.6,1,0,0
300.1,310.4,1554,39.4,115,10.299999999999955,61227.6,4531.0,1,0,0
298.0,308.0,1555,37.0,111,10.0,57535.0,4107.0,0,1,0
297.0,307.9,1448,45.6,172,10.899999999999977,66028.8,7843.2,0,0,0
301.4,310.8,1285,62.6,183,9.400000000000034,80441.0,11455.800000000001,1,0,1
300.2,310.2,1438,51.5,7,10.0,74057.0,360.5,0,1,0
298.3,309.4,1631,29.8,0,11.099999999999966,48603.8,0.0,0,0,0
299.3,308.5,1305,60.6,44,9.199999999999989,79083.0,2666.4,0,1,0
300.5,311.9,1710,28.4,158,11.399999999999977,48564.0,4487.2,1,0,0
299.0,308.2,1662,30.4,55,9.199999999999989,50524.799999999996,1672.0,0,0,0
300.6,309.4,1541,35.2,105,8.799999999999955,54243.200000000004,3696.0000000000005,0,1,0
302.2,311.3,1554,40.2,118,9.100000000000023,62470.8,4743.6,1,0,0
298.9,310.4,1831,25.4,81,11.5,46507.399999999994,2057.4,1,0,0
301.8,310.7,1441,49.3,58,8.899999999999977,71041.3,2859.3999999999996,1,0,0
297.8,309.7,1394,42.9,206,11.899999999999977,59802.6,8837.4,1,0,0
298.8,308.5,1490,35.0,29,9.699999999999989,52150.0,1015.0,1,0,0
301.0,310.4,1793,25.0,142,9.399999999999977,44825.0,3550.0,0,1,0
302.6,311.0,1620,36.2,139,8.399999999999977,58644.00000000001,5031.8,1,0,0
298.5,309.4,1548,37.7,43,10.899999999999977,58359.600000000006,1621.1000000000001,1,0,0
297.0,307.8,1414,47.5,168,10.800000000000011,67165.0,7980.0,1,0,0
301.6,309.9,1746,31.1,83,8.299999999999955,54300.600000000006,2581.3,0,1,0
298.2,307.9,1313,67.3,67,9.699999999999989,88364.9,4509.099999999999,1,0,1
299.3,308.5,1413,38.5,57,9.199999999999989,54400.5,2194.5,1,0,0
302.3,311.7,1453,41.2,147,9.399999999999977,59863.600000000006,6056.400000000001,1,0,0
299.4,309.2,1513,36.1,212,9.800000000000011,54619.3,7653.200000000001,0,0,0
297.1,308.4,1421,42.0,165,11.299999999999955,59682.0,6930.0,0,1,0
300.2,310.1,1485,40.5,188,9.900000000000034,60142.5,7614.0,0,1,0
302.5,310.4,1487,40.2,48,7.899999999999977,59777.4,1929.6000000000001,1,0,0
299.1,308.2,1450,46.1,112,9.099999999999966,66845.0,5163.2,0,0,0
300.8,309.6,1404,38.7,44,8.800000000000011,54334.8,1702.8000000000002,0,1,0
298.6,309.5,1375,41.0,39,10.899999999999977,56375.0,1599.0,0,0,0
301.3,310.0,1532,36.3,2,8.699999999999989,55611.6,72.6,0,0,0
296.8,307.8,1551,38.9,112,11.0,60333.899999999994,4356.8,0,1,0
301.1,310.6,1388,58.5,68,9.5,81198.0,3978.0,0,0,0
304.2,313.0,1442,40.9,23,8.800000000000011,58977.799999999996,940.6999999999999,0,0,0
297.4,308.6,1494,42.6,161,11.200000000000045,63644.4,6858.6,1,0,0
298.0,307.7,1407,43.9,205,9.699999999999989,61767.299999999996,8999.5,1,0,0
299.0,309.8,2240,15.9,144,10.800000000000011,35616.0,2289.6,0,1,0
303.6,312.5,1607,33.7,14,8.899999999999977,54155.9,471.80000000000007,0,1,0
299.1,308.3,1601,31.4,121,9.199999999999989,50271.399999999994,3799.3999999999996,1,0,0
299.9,309.2,1548,35.7,97,9.300000000000011,55263.600000000006,3462.9,0,1,0
303.3,312.6,1827,24.2,132,9.300000000000011,44213.4,3194.4,0,0,0
299.1,310.1,1412,44.4,24,11.0,62692.799999999996,1065.6,0,1,0
302.3,310.2,1548,35.3,170,7.899999999999977,54644.399999999994,6000.999999999999,1,0,0
298.4,309.3,1531,37.4,16,10.900000000000034,57259.4,598.4,1,0,0
304.1,313.3,1452,43.9,182,9.199999999999989,63742.799999999996,7989.8,1,0,0
299.2,310.0,1349,50.4,226,10.800000000000011,67989.59999999999,11390.4,0,1,0
299.6,308.9,1568,35.3,77,9.299999999999955,55350.399999999994,2718.1,0,1,0
301.4,310.4,1388,45.3,188,9.0,62876.399999999994,8516.4,1,0,0
299.6,309.3,1577,39.8,48,9.699999999999989,62764.6,1910.3999999999999,0,1,0
300.5,311.9,1670,26.3,89,11.399999999999977,43921.0,2340.7000000000003,0,1,0
301.7,310.7,1659,29.9,73,9.0,49604.1,2182.7,0,1,0
298.3,309.0,1519,40.0,96,10.699999999999989,60760.0,3840.0,1,0,0
298.8,309.7,1740,28.5,152,10.899999999999977,49590.0,4332.0,1,0,0
299.1,308.3,1892,25.2,34,9.199999999999989,47678.4,856.8,1,0,0
298.2,308.3,1589,33.2,94,10.100000000000023,52754.8,3120.8,1,0,0
298.9,309.3,1665,32.5,93,10.400000000000034,54112.5,3022.5,1,0,0
298.0,307.8,1567,36.4,109,9.800000000000011,57038.799999999996,3967.6,1,0,0
303.2,311.4,1324,54.2,228,8.199999999999989,71760.8,12357.6,1,0,1
301.8,310.9,1609,31.7,202,9.099999999999966,51005.299999999996,6403.4,1,0,0
301.2,310.3,1379,43.2,56,9.100000000000023,59572.8,2419.2000000000003,0,1,0
296.9,307.9,1367,47.1,204,11.0,64385.700000000004,9608.4,1,0,0
300.6,309.5,1550,40.2,96,8.899999999999977,62310.00000000001,3859.2000000000003,0,1,0
298.8,309.8,1463,40.0,90,11.0,58520.0,3600.0,1,0,0
297.4,308.9,1323,57.3,163,11.5,75807.9,9339.9,0,1,0
298.6,309.4,1525,37.8,54,10.799999999999955,57644.99999999999,2041.1999999999998,1,0,0
301.1,310.8,1608,32.9,119,9.699999999999989,52903.2,3915.1,1,0,0
298.5,309.2,1568,40.6,39,10.699999999999989,63660.8,1583.4,0,0,0
302.6,311.7,1254,54.1,19,9.099999999999966,67841.40000000001,1027.9,1,0,0
299.8,309.4,1630,32.4,53,9.599999999999966,52812.0,1717.1999999999998,1,0,0
300.6,310.6,1497,38.2,83,10.0,57185.4,3170.6000000000004,1,0,0
300.7,310.7,1416,40.4,214,10.0,57206.4,8645.6,1,0,0
298.4,308.9,1782,23.9,24,10.5,42589.799999999996,573.5999999999999,0,0,0
297.6,308.3,1617,31.7,39,10.699999999999989,51258.9,1236.3,1,0,0
300.5,310.6,1540,46.7,206,10.100000000000023,71918.0,9620.2,1,0,0
297.6,308.7,1659,32.1,49,11.099999999999966,53253.9,1572.9,0,0,0
298.2,307.8,1627,31.5,64,9.600000000000023,51250.5,2016.0,1,0,0
298.1,309.4,1362,47.6,70,11.299999999999955,64831.200000000004,3332.0,0,1,0
299.2,310.4,1611,36.4,32,11.199999999999989,58640.399999999994,1164.8,1,0,0
300.4,310.1,1457,35.1,193,9.700000000000045,51140.700000000004,6774.3,0,1,0
303.5,312.3,1681,29.8,25,8.800000000000011,50093.8,745.0,1,0,0
299.6,309.4,1331,46.4,16,9.799999999999955,61758.4,742.4,1,0,0
298.3,308.0,1553,41.0,52,9.699999999999989,63673.0,2132.0,0,0,0
298.9,308.5,1467,44.7,136,9.600000000000023,65574.90000000001,6079.200000000001,1,0,0
299.3,308.7,1536,38.9,94,9.399999999999977,59750.399999999994,3656.6,1,0,0
302.6,311.8,1427,50.1,21,9.199999999999989,71492.7,1052.1000000000001,1,0,0
299.0,310.2,1494,40.6,67,11.199999999999989,60656.4,2720.2000000000003,1,0,0
303.4,311.6,1712,30.1,182,8.200000000000045,51531.200000000004,5478.2,1,0,0
302.0,310.8,2143,17.3,227,8.800000000000011,37073.9,3927.1000000000004,1,0,0
298.0,309.9,1445,45.2,55,11.899999999999977,65314.00000000001,2486.0,0,1,0
298.0,308.5,1395,46.2,122,10.5,64449.00000000001,5636.400000000001,1,0,0
300.6,311.7,1488,47.7,22,11.099999999999966,70977.6,1049.4,1,0,0
302.3,311.1,1455,40.3,145,8.800000000000011,58636.49999999999,5843.5,0,0,0
298.2,308.2,1988,21.4,41,10.0,42543.2,877.4,1,0,0
303.7,312.7,1396,47.3,158,9.0,66030.8,7473.4,0,1,0
299.5,309.3,1972,19.3,177,9.800000000000011,38059.6,3416.1,1,0,0
300.4,311.8,1320,57.9,168,11.400000000000034,76428.0,9727.199999999999,1,0,0
296.7,307.9,1424,53.8,133,11.199999999999989,76611.2,7155.4,0,0,0
302.2,311.6,1658,31.4,89,9.400000000000034,52061.2,2794.6,1,0,0
296.8,307.5,1695,30.0,33,10.699999999999989,50850.0,990.0,0,0,0
302.7,312.2,1350,58.6,2,9.5,79110.0,117.2,0,1,0
298.4,309.4,1392,50.1,117,11.0,69739.2,5861.7,1,0,0
297.5,308.4,1747,31.0,45,10.899999999999977,54157.0,1395.0,1,0,0
300.9,311.0,1316,56.5,120,10.100000000000023,74354.0,6780.0,1,0,0
301.3,310.4,1507,39.1,194,9.099999999999966,58923.700000000004,7585.400000000001,1,0,0
300.5,310.9,1447,46.5,137,10.399999999999977,67285.5,6370.5,0,0,0
302.1,310.8,1409,41.3,39,8.699999999999989,58191.7,1610.6999999999998,0,1,0
297.3,308.6,1688,29.4,166,11.300000000000011,49627.2,4880.4,0,0,0
299.8,309.4,1609,32.5,27,9.599999999999966,52292.5,877.5,1,0,0
300.4,309.5,1447,39.3,110,9.100000000000023,56867.1,4323.0,1,0,0
295.4,305.8,1526,38.2,181,10.400000000000034,58293.200000000004,6914.200000000001,0,1,0
298.6,309.8,1497,41.6,118,11.199999999999989,62275.200000000004,4908.8,1,0,0
301.0,310.4,2204,16.6,175,9.399999999999977,36586.4,2905.0000000000005,1,0,0
304.1,313.1,1969,20.8,59,9.0,40955.200000000004,1227.2,1,0,0
300.0,309.1,1474,45.2,152,9.100000000000023,66624.8,6870.400000000001,0,1,0
300.8,311.2,1376,48.1,172,10.399999999999977,66185.6,8273.2,1,0,0
299.0,309.7,1418,44.7,209,10.699999999999989,63384.600000000006,9342.300000000001,0,1,0
300.7,311.9,1462,39.7,181,11.199999999999989,58041.4,7185.700000000001,1,0,0
297.3,308.7,1655,34.1,21,11.399999999999977,56435.5,716.1,0,1,0
298.0,308.7,1377,48.5,181,10.699999999999989,66784.5,8778.5,0,1,0
301.9,310.6,1610,33.4,87,8.700000000000045,53774.0,2905.7999999999997,1,0,0
301.7,310.8,1516,40.4,48,9.100000000000023,61246.4,1939.1999999999998,0,1,0
303.0,312.5,1602,33.7,135,9.5,53987.4,4549.5,0,1,0
302.2,310.7,1413,48.9,114,8.5,69095.7,5574.599999999999,0,0,0
297.0,308.1,2540,13.3,98,11.100000000000023,33782.0,1303.4,0,0,0
301.3,310.6,1605,32.5,59,9.300000000000011,52162.5,1917.5,0,0,0
301.7,310.7,2023,20.9,5,9.0,42280.7,104.5,1,0,0
300.8,312.3,1435,44.8,134,11.5,64287.99999999999,6003.2,1,0,0
299.3,309.2,1465,41.5,127,9.899999999999977,60797.5,5270.5,1,0,0
302.5,311.5,1985,18.8,190,9.0,37318.0,3572.0,1,0,0
299.4,310.7,1492,45.7,219,11.300000000000011,68184.40000000001,10008.300000000001,0,1,0
301.8,310.8,1736,26.5,56,9.0,46004.0,1484.0,1,0,0
304.1,313.3,1459,50.3,39,9.199999999999989,73387.7,1961.6999999999998,1,0,0
302.0,311.2,1434,44.9,15,9.199999999999989,64386.6,673.5,1,0,0
302.0,310.5,1809,27.1,175,8.5,49023.9,4742.5,1,0,0
300.8,311.1,1509,33.4,172,10.300000000000011,50400.6,5744.8,1,0,0
304.0,312.9,1313,53.9,202,8.899999999999977,70770.7,10887.8,1,0,0
301.8,311.1,1399,41.8,125,9.300000000000011,58478.2,5225.0,0,1,0
296.3,307.3,1444,49.0,13,11.0,70756.0,637.0,1,0,0
300.1,311.5,1471,47.2,201,11.399999999999977,69431.2,9487.2,1,0,0
302.2,310.8,1438,41.4,66,8.600000000000023,59533.2,2732.4,1,0,0
300.3,311.5,1528,40.9,76,11.199999999999989,62495.2,3108.4,0,1,0
301.6,310.6,1553,38.9,0,9.0,60411.7,0.0,0,1,0
300.5,311.5,1378,48.2,82,11.0,66419.6,3952.4,0,1,0
298.1,307.7,1388,40.3,109,9.599999999999966,55936.399999999994,4392.7,1,0,0
300.3,311.7,1635,31.8,156,11.399999999999977,51993.0,4960.8,1,0,0
302.0,311.3,1567,41.1,26,9.300000000000011,64403.700000000004,1068.6000000000001,1,0,0
298.8,308.7,1450,43.4,66,9.899999999999977,62930.0,2864.4,1,0,0
301.4,310.1,1502,46.6,37,8.700000000000045,69993.2,1724.2,1,0,0
302.5,312.2,1775,27.9,56,9.699999999999989,49522.5,1562.3999999999999,1,0,0
304.0,313.2,1500,40.6,124,9.199999999999989,60900.0,5034.400000000001,0,1,0
300.3,311.5,1445,47.3,40,11.199999999999989,68348.5,1892.0,0,1,0
299.6,309.4,1605,29.8,142,9.799999999999955,47829.0,4231.6,0,1,0
302.6,312.3,1554,42.0,58,9.699999999999989,65268.0,2436.0,1,0,0
302.4,310.2,1435,44.9,127,7.800000000000011,64431.5,5702.3,0,0,0
297.5,308.6,1327,52.1,24,11.100000000000023,69136.7,1250.4,0,1,0
301.9,310.4,1889,21.5,92,8.5,40613.5,1978.0,1,0,0
300.5,310.6,1378,51.5,166,10.100000000000023,70967.0,8549.0,0,0,0
298.2,308.2,1466,42.4,164,10.0,62158.4,6953.599999999999,1,0,0
302.3,311.2,1386,50.3,110,8.899999999999977,69715.8,5533.0,1,0,0
299.4,308.9,1583,34.1,176,9.5,53980.3,6001.6,1,0,0
301.7,310.6,1743,26.2,71,8.900000000000034,45666.6,1860.2,1,0,0
300.4,309.7,1440,42.8,104,9.300000000000011,61631.99999999999,4451.2,0,1,0
299.1,308.6,1611,31.4,161,9.5,50585.399999999994,5055.4,1,0,0
299.2,308.6,1381,50.0,193,9.400000000000034,69050.0,9650.0,1,0,0
297.5,309.3,1675,29.8,72,11.800000000000011,49915.0,2145.6,1,0,0
300.5,309.3,1539,39.1,216,8.800000000000011,60174.9,8445.6,0,1,0
304.1,313.3,1883,24.5,190,9.199999999999989,46133.5,4655.0,1,0,0
299.8,309.2,1435,42.6,111,9.399999999999977,61131.0,4728.6,0,0,0
298.9,309.1,1383,54.9,145,10.200000000000045,75926.7,7960.5,1,0,0
301.7,311.2,1563,34.5,139,9.5,53923.5,4795.5,0,1,0
298.8,310.1,1380,44.0,56,11.300000000000011,60720.0,2464.0,0,0,0
299.1,310.5,1329,54.9,58,11.399999999999977,72962.09999999999,3184.2,1,0,0
299.1,308.6,1408,46.7,196,9.5,65753.6,9153.2,1,0,0
300.8,310.5,1696,29.7,162,9.699999999999989,50371.2,4811.4,0,1,0
300.1,309.2,1454,44.4,19,9.099999999999966,64557.6,843.6,0,1,0
301.2,310.8,1392,52.6,23,9.600000000000023,73219.2,1209.8,1,0,0
297.7,307.1,1715,30.2,0,9.400000000000034,51793.0,0.0,1,0,0
302.0,310.6,1438,43.2,12,8.600000000000023,62121.600000000006,518.4000000000001,0,0,0
302.2,311.4,1539,35.1,24,9.199999999999989,54018.9,842.4000000000001,0,1,0
301.7,311.0,1510,47.8,27,9.300000000000011,72178.0,1290.6,0,1,0
301.0,310.9,1910,21.9,37,9.899999999999977,41829.0,810.3,0,1,0
296.9,308.0,1514,41.0,120,11.100000000000023,62074.0,4920.0,1,0,0
299.6,310.9,1658,28.0,76,11.299999999999955,46424.0,2128.0,1,0,0
298.0,308.2,1489,40.4,11,10.199999999999989,60155.6,444.4,1,0,0
297.3,308.3,1309,61.5,56,11.0,80503.5,3444.0,1,0,0
300.0,309.5,1728,26.0,37,9.5,44928.0,962.0,1,0,0
298.7,309.2,1396,44.8,178,10.5,62540.799999999996,7974.4,1,0,0
302.9,312.2,1677,30.5,46,9.300000000000011,51148.5,1403.0,1,0,0
297.5,308.8,1533,41.5,223,11.300000000000011,63619.5,9254.5,1,0,0
298.1,308.2,1420,63.9,19,10.099999999999966,90738.0,1214.1,0,1,1
297.9,310.0,1439,41.7,185,12.100000000000023,60006.3,7714.500000000001,0,1,0
295.6,306.0,1419,51.1,7,10.399999999999977,72510.90000000001,357.7,1,0,0
300.0,309.2,1759,27.9,5,9.199999999999989,49076.1,139.5,1,0,0
301.5,310.6,1998,20.2,210,9.100000000000023,40359.6,4242.0,1,0,0
297.0,308.2,1577,29.4,130,11.199999999999989,46363.799999999996,3822.0,1,0,0
297.9,308.0,1296,62.9,41,10.100000000000023,81518.4,2578.9,1,0,0
301.3,310.0,1438,40.9,7,8.699999999999989,58814.2,286.3,1,0,0
302.0,310.6,1358,53.1,194,8.600000000000023,72109.8,10301.4,1,0,0
300.8,309.8,1657,31.1,151,9.0,51532.700000000004,4696.1,1,0,0
299.0,309.9,1884,25.6,100,10.899999999999977,48230.4,2560.0,0,0,0
300.7,311.9,1697,28.2,191,11.199999999999989,47855.4,5386.2,0,1,0
302.7,311.9,1389,46.5,15,9.199999999999989,64588.5,697.5,1,0,0
304.0,313.1,1465,41.0,69,9.100000000000023,60065.0,2829.0,1,0,0
301.9,311.2,1474,41.8,18,9.300000000000011,61613.2,752.4,0,0,0
300.7,310.6,1631,32.6,43,9.900000000000034,53170.600000000006,1401.8,0,0,0
297.6,308.3,1538,40.2,0,10.699999999999989,61827.600000000006,0.0,0,1,0
300.3,311.7,1445,47.3,15,11.399999999999977,68348.5,709.5,1,0,0
297.0,307.8,1553,33.3,155,10.800000000000011,51714.899999999994,5161.5,1,0,0
302.4,310.1,1358,54.6,61,7.7000000000000455,74146.8,3330.6,0,1,1
299.6,310.2,1588,34.1,38,10.599999999999966,54150.8,1295.8,1,0,0
298.9,310.7,1638,33.6,218,11.800000000000011,55036.8,7324.8,0,1,0
298.3,307.9,1399,47.8,99,9.599999999999966,66872.2,4732.2,1,0,0
300.8,309.7,1418,46.6,12,8.899999999999977,66078.8,559.2,1,0,0
299.0,308.7,1408,48.5,25,9.699999999999989,68288.0,1212.5,0,0,0
300.7,311.9,1486,35.8,32,11.199999999999989,53198.799999999996,1145.6,1,0,0
298.1,307.8,1608,32.6,57,9.699999999999989,52420.8,1858.2,0,1,0
301.9,311.0,1384,47.4,121,9.100000000000023,65601.59999999999,5735.4,0,1,0
297.9,309.9,1542,33.8,33,12.0,52119.6,1115.3999999999999,1,0,0
299.0,310.3,1658,27.6,69,11.300000000000011,45760.8,1904.4,0,0,0
298.6,309.8,2271,16.2,218,11.199999999999989,36790.2,3531.6,1,0,1
299.0,309.1,1592,35.0,200,10.100000000000023,55720.0,7000.0,1,0,0
302.3,311.7,1639,36.6,121,9.399999999999977,59987.4,4428.6,0,1,0
297.8,307.9,1600,33.5,13,10.099999999999966,53600.0,435.5,0,0,0
301.4,310.6,1555,43.3,212,9.200000000000045,67331.5,9179.599999999999,1,0,0
298.9,308.6,1413,46.5,122,9.700000000000045,65704.5,5673.0,1,0,0
296.8,307.9,1413,46.5,121,11.099999999999966,65704.5,5626.5,1,0,0
301.0,310.5,1248,61.4,77,9.5,76627.2,4727.8,1,0,0
300.2,311.5,1432,43.6,127,11.300000000000011,62435.200000000004,5537.2,0,0,0
298.5,309.1,2051,19.0,184,10.600000000000023,38969.0,3496.0,0,0,0
297.4,309.4,1473,45.5,94,12.0,67021.5,4277.0,1,0,0
297.4,308.0,1355,55.1,63,10.600000000000023,74660.5,3471.3,0,1,0
300.5,311.7,1619,32.7,85,11.199999999999989,52941.3,2779.5000000000005,1,0,0
300.5,309.8,1410,44.4,111,9.300000000000011,62604.0,4928.4,0,1,0
302.0,311.0,1865,22.7,48,9.0,42335.5,1089.6,1,0,0
297.5,308.5,1691,33.1,9,11.0,55972.100000000006,297.90000000000003,1,0,0
300.1,311.4,1438,42.2,139,11.299999999999955,60683.600000000006,5865.8,1,0,0
300.9,309.7,2355,14.4,201,8.800000000000011,33912.0,2894.4,1,0,0
303.2,311.4,1607,36.6,43,8.199999999999989,58816.200000000004,1573.8,0,0,0
301.3,310.1,1662,31.0,37,8.800000000000011,51522.0,1147.0,1,0,0
299.4,309.3,1692,28.4,201,9.900000000000034,48052.799999999996,5708.4,0,1,0
301.4,310.5,1633,39.5,0,9.100000000000023,64503.5,0.0,1,0,0
302.7,312.4,1954,24.8,13,9.699999999999989,48459.200000000004,322.40000000000003,1,0,0
300.6,310.7,1566,38.2,187,10.099999999999966,59821.200000000004,7143.400000000001,0,1,0
300.3,311.9,1609,34.0,177,11.599999999999966,54706.0,6018.0,1,0,0
303.7,312.2,1568,33.8,96,8.5,52998.399999999994,3244.7999999999997,1,0,0
297.7,308.4,1738,27.7,96,10.699999999999989,48142.6,2659.2,0,0,0
301.0,310.9,1828,25.1,166,9.899999999999977,45882.8,4166.6,1,0,0
299.0,310.0,1484,39.6,212,11.0,58766.4,8395.2,1,0,0
298.8,309.8,1753,27.5,130,11.0,48207.5,3575.0,1,0,0
300.5,311.8,1524,38.9,214,11.300000000000011,59283.6,8324.6,1,0,1
298.5,308.1,1501,39.2,127,9.600000000000023,58839.200000000004,4978.400000000001,0,1,0
300.9,310.9,1995,20.2,105,10.0,40299.0,2121.0,1,0,0
298.9,308.7,1727,29.4,116,9.800000000000011,50773.799999999996,3410.3999999999996,1,0,0
300.2,309.8,1398,54.8,39,9.600000000000023,76610.4,2137.2,1,0,0
297.8,307.4,1512,40.8,137,9.599999999999966,61689.6,5589.599999999999,1,0,0
298.4,307.9,1544,35.9,132,9.5,55429.6,4738.8,1,0,0
297.8,307.5,1631,31.3,124,9.699999999999989,51050.3,3881.2000000000003,0,0,0
297.6,308.6,1355,46.4,13,11.0,62872.0,603.1999999999999,1,0,0
299.4,309.1,1326,62.0,142,9.700000000000045,82212.0,8804.0,0,1,0
301.5,310.7,1568,33.1,38,9.199999999999989,51900.8,1257.8,1,0,0
299.9,309.4,1509,42.8,190,9.5,64585.2,8131.999999999999,0,1,0
297.5,308.6,1347,57.0,132,11.100000000000023,76779.0,7524.0,0,1,0
302.0,311.3,1509,39.9,25,9.300000000000011,60209.1,997.5,1,0,0
297.2,308.0,1478,42.5,56,10.800000000000011,62815.0,2380.0,0,1,0
298.3,309.4,1568,35.8,140,11.099999999999966,56134.399999999994,5012.0,1,0,0
301.2,312.4,1395,47.8,90,11.199999999999989,66681.0,4302.0,0,0,0
298.4,308.6,1433,47.1,101,10.200000000000045,67494.3,4757.1,1,0,0
300.0,309.5,1641,30.1,35,9.5,49394.100000000006,1053.5,1,0,0
303.8,312.5,1448,44.3,195,8.699999999999989,64146.399999999994,8638.5,0,1,0
300.4,309.8,1448,39.7,107,9.400000000000034,57485.600000000006,4247.900000000001,0,0,0
299.5,310.8,1600,32.4,67,11.300000000000011,51840.0,2170.7999999999997,0,0,0
297.4,308.1,1435,45.7,110,10.700000000000045,65579.5,5027.0,1,0,0
300.4,310.5,1500,43.0,9,10.100000000000023,64500.0,387.0,0,1,0
300.7,311.0,1740,25.6,176,10.300000000000011,44544.0,4505.6,0,1,0
299.6,309.2,1601,33.3,33,9.599999999999966,53313.299999999996,1098.8999999999999,1,0,0
300.2,309.1,1406,42.2,40,8.900000000000034,59333.200000000004,1688.0,0,1,0
299.1,310.3,1233,59.0,81,11.199999999999989,72747.0,4779.0,0,1,0
298.3,309.6,1527,30.9,189,11.300000000000011,47184.299999999996,5840.099999999999,1,0,0
298.0,308.8,1790,27.2,193,10.800000000000011,48688.0,5249.599999999999,1,0,0
298.3,309.1,1632,32.7,0,10.800000000000011,53366.4,0.0,0,1,0
298.7,309.5,1446,40.0,160,10.800000000000011,57840.0,6400.0,1,0,0
299.0,308.7,2250,16.6,208,9.699999999999989,37350.0,3452.8,1,0,0
298.2,308.0,1411,42.4,48,9.800000000000011,59826.4,2035.1999999999998,1,0,0
297.9,307.6,1344,54.3,151,9.700000000000045,72979.2,8199.3,1,0,0
296.3,307.4,1465,47.1,215,11.099999999999966,69001.5,10126.5,1,0,0
298.2,308.9,1444,53.1,83,10.699999999999989,76676.40000000001,4407.3,1,0,0
299.2,308.3,1410,43.0,26,9.100000000000023,60630.0,1118.0,1,0,0
298.6,309.6,1540,35.8,5,11.0,55131.99999999999,179.0,1,0,0
298.4,309.3,1512,35.8,18,10.900000000000034,54129.6,644.4,1,0,0
299.9,309.2,1491,44.3,214,9.300000000000011,66051.3,9480.199999999999,1,0,0
300.4,310.4,1298,61.4,19,10.0,79697.2,1166.6,1,0,0
297.8,308.8,1559,35.2,66,11.0,54876.8,2323.2000000000003,1,0,0
302.7,312.0,1501,37.0,77,9.300000000000011,55537.0,2849.0,1,0,0
302.3,311.7,1648,32.1,197,9.399999999999977,52900.8,6323.700000000001,1,0,0
302.9,312.3,1889,22.8,148,9.400000000000034,43069.200000000004,3374.4,1,0,0
299.8,310.3,1805,23.7,198,10.5,42778.5,4692.599999999999,0,1,0
302.4,310.9,1444,40.7,174,8.5,58770.8,7081.8,0,0,0
298.9,308.2,2022,20.0,23,9.300000000000011,40440.0,460.0,0,1,0
297.5,308.5,1462,52.3,148,11.0,76462.59999999999,7740.4,1,0,0
303.4,311.8,1366,50.9,200,8.400000000000034,69529.4,10180.0,1,0,1
302.2,311.3,1475,48.6,104,9.100000000000023,71685.0,5054.400000000001,1,0,0
299.1,310.4,1524,51.4,66,11.299999999999955,78333.59999999999,3392.4,0,1,0
300.2,310.0,1664,30.7,179,9.800000000000011,51084.799999999996,5495.3,0,1,0
301.4,310.3,1610,29.1,166,8.900000000000034,46851.0,4830.6,0,1,0
299.3,309.0,1511,47.8,148,9.699999999999989,72225.8,7074.4,1,0,0
297.6,308.6,1383,47.5,75,11.0,65692.5,3562.5,1,0,0
302.0,310.8,1948,19.7,66,8.800000000000011,38375.6,1300.2,1,0,0
301.2,310.3,1357,54.5,49,9.100000000000023,73956.5,2670.5,0,1,0
302.5,310.3,1584,35.5,158,7.800000000000011,56232.0,5609.0,1,0,0
297.6,308.6,1595,36.9,25,11.0,58855.5,922.5,0,1,0
297.3,308.3,1430,41.9,95,11.0,59917.0,3980.5,1,0,0
297.9,307.6,1977,20.2,182,9.700000000000045,39935.4,3676.4,1,0,0
304.4,313.7,1509,35.0,205,9.300000000000011,52815.0,7175.0,1,0,1
298.7,309.2,1586,31.4,180,10.5,49800.399999999994,5652.0,1,0,0
299.3,309.3,1523,37.9,204,10.0,57721.7,7731.599999999999,0,1,0
299.1,308.6,1437,41.6,183,9.5,59779.200000000004,7612.8,1,0,0
300.6,310.0,1511,36.9,105,9.399999999999977,55755.9,3874.5,1,0,0
300.7,309.5,1479,34.5,197,8.800000000000011,51025.5,6796.5,1,0,0
299.5,310.9,1378,48.7,119,11.399999999999977,67108.6,5795.3,0,1,0
300.8,310.9,1457,47.7,82,10.099999999999966,69498.90000000001,3911.4,1,0,0
297.8,308.5,1488,41.9,196,10.699999999999989,62347.2,8212.4,0,1,0
300.4,310.1,1614,33.5,191,9.700000000000045,54069.0,6398.5,1,0,0
297.7,308.2,1526,40.1,165,10.5,61192.6,6616.5,0,0,0
300.6,309.6,1684,32.8,53,9.0,55235.2,1738.3999999999999,1,0,0
297.8,307.9,1447,48.6,46,10.099999999999966,70324.2,2235.6,1,0,0
304.0,313.1,1694,31.4,116,9.100000000000023,53191.6,3642.3999999999996,0,1,0
299.3,309.2,1440,37.5,111,9.899999999999977,54000.0,4162.5,0,1,0
300.2,311.7,1603,30.5,176,11.5,48891.5,5368.0,1,0,0
298.9,308.2,1686,30.4,53,9.300000000000011,51254.399999999994,1611.1999999999998,1,0,0
302.9,312.4,1334,50.9,5,9.5,67900.59999999999,254.5,0,1,0
303.8,313.1,1256,58.7,213,9.300000000000011,73727.2,12503.1,1,0,1
298.9,309.5,1645,31.1,169,10.600000000000023,51159.5,5255.900000000001,1,0,0
300.3,311.9,1429,41.6,184,11.599999999999966,59446.4,7654.400000000001,0,1,0
302.4,310.2,1539,37.7,29,7.800000000000011,58020.3,1093.3000000000002,1,0,0
301.4,310.3,1374,47.6,176,8.900000000000034,65402.4,8377.6,1,0,0
299.3,308.6,1482,37.6,132,9.300000000000011,55723.200000000004,4963.2,1,0,0
297.3,308.8,1564,38.0,191,11.5,59432.0,7258.0,0,0,0
297.5,308.7,1446,53.0,168,11.199999999999989,76638.0,8904.0,0,1,0
300.7,310.1,1483,40.2,162,9.400000000000034,59616.600000000006,6512.400000000001,0,1,0
300.6,310.3,1920,22.3,223,9.699999999999989,42816.0,4972.900000000001,1,0,0
300.4,309.7,1685,31.3,152,9.300000000000011,52740.5,4757.6,1,0,0
300.7,311.8,1441,38.1,34,11.100000000000023,54902.1,1295.4,1,0,0
300.5,311.6,1509,47.2,202,11.100000000000023,71224.8,9534.400000000001,1,0,0
298.5,309.6,1438,44.5,124,11.100000000000023,63991.0,5518.0,0,1,0
297.8,309.8,1676,29.0,178,12.0,48604.0,5162.0,0,1,0
302.2,311.5,1360,53.0,36,9.300000000000011,72080.0,1908.0,0,1,0
301.8,311.2,1840,26.6,202,9.399999999999977,48944.0,5373.200000000001,1,0,0
300.2,310.4,1518,41.8,5,10.199999999999989,63452.399999999994,209.0,1,0,0
297.5,308.5,1546,40.4,129,11.0,62458.399999999994,5211.599999999999,1,0,0
302.9,312.5,1551,40.0,20,9.600000000000023,62040.0,800.0,0,1,0
302.1,311.2,1616,35.1,57,9.099999999999966,56721.600000000006,2000.7,0,1,0
300.2,311.8,1410,51.4,189,11.600000000000023,72474.0,9714.6,1,0,0
297.0,307.8,1404,40.7,184,10.800000000000011,57142.8,7488.8,0,0,0
299.9,309.1,1412,48.3,198,9.200000000000045,68199.59999999999,9563.4,1,0,0
298.3,309.1,1403,45.1,138,10.800000000000011,63275.3,6223.8,1,0,0
302.2,310.9,1604,40.5,68,8.699999999999989,64962.0,2754.0,1,0,0
302.5,310.2,1716,29.9,156,7.699999999999989,51308.399999999994,4664.4,1,0,0
300.7,309.6,1525,36.5,71,8.900000000000034,55662.5,2591.5,0,1,0
301.9,310.7,1717,26.8,27,8.800000000000011,46015.6,723.6,1,0,0
299.1,310.3,1472,46.6,157,11.199999999999989,68595.2,7316.2,1,0,0
301.0,310.7,1657,29.9,148,9.699999999999989,49544.299999999996,4425.2,0,1,0
297.9,308.9,1566,41.9,50,11.0,65615.4,2095.0,1,0,0
300.2,311.5,1515,36.8,27,11.300000000000011,55751.99999999999,993.5999999999999,0,0,0
298.8,309.8,1437,42.8,23,11.0,61503.6,984.4,1,0,0
300.4,311.1,1397,50.8,189,10.700000000000045,70967.59999999999,9601.199999999999,1,0,0
297.1,308.7,1474,42.3,64,11.599999999999966,62350.2,2707.2,1,0,0
300.5,311.3,1490,41.8,39,10.800000000000011,62281.99999999999,1630.1999999999998,1,0,0
299.2,308.4,1415,43.5,53,9.199999999999989,61552.5,2305.5,0,1,0
302.5,310.2,1477,41.6,16,7.699999999999989,61443.200000000004,665.6,1,0,0
297.2,308.6,1652,32.1,52,11.400000000000034,53029.200000000004,1669.2,1,0,0
299.1,310.7,1309,51.1,188,11.599999999999966,66889.90000000001,9606.800000000001,1,0,0
296.2,307.3,1881,24.3,40,11.100000000000023,45708.3,972.0,1,0,0
302.0,310.6,1539,37.4,96,8.600000000000023,57558.6,3590.3999999999996,0,1,0
302.7,312.3,1346,61.2,170,9.600000000000023,82375.2,10404.0,1,0,0
302.3,311.2,1405,47.7,88,8.899999999999977,67018.5,4197.6,0,1,0
298.2,307.8,1375,46.6,188,9.600000000000023,64075.0,8760.800000000001,1,0,0
298.3,310.0,1858,23.9,114,11.699999999999989,44406.2,2724.6,1,0,0
301.0,311.1,1615,35.6,158,10.100000000000023,57494.0,5624.8,1,0,0
298.9,308.8,1281,53.9,77,9.900000000000034,69045.9,4150.3,1,0,0
300.3,311.7,1452,41.5,172,11.399999999999977,60258.0,7138.0,1,0,0
298.2,308.7,1599,36.2,28,10.5,57883.8,1013.6000000000001,0,1,0
298.9,309.9,1517,36.6,117,11.0,55522.200000000004,4282.2,1,0,0
298.8,309.8,1634,33.6,27,11.0,54902.4,907.2,1,0,0
297.8,307.2,1498,38.1,188,9.399999999999977,57073.8,7162.8,1,0,0
301.4,310.6,1634,31.1,171,9.200000000000045,50817.4,5318.1,1,0,0
300.7,311.0,1706,25.0,153,10.300000000000011,42650.0,3825.0,0,1,0
296.1,307.1,1651,35.7,167,11.0,58940.700000000004,5961.900000000001,1,0,0
302.4,311.8,1508,45.7,108,9.400000000000034,68915.6,4935.6,1,0,0
297.4,307.9,1390,47.7,156,10.5,66303.0,7441.200000000001,1,0,0
297.6,309.3,1610,35.0,6,11.699999999999989,56350.0,210.0,1,0,0
297.4,308.2,1530,32.6,22,10.800000000000011,49878.0,717.2,0,1,0
300.6,310.7,1455,40.6,82,10.099999999999966,59073.0,3329.2000000000003,1,0,0
302.4,311.1,1880,24.5,156,8.700000000000045,46060.0,3822.0,1,0,0
298.7,309.7,1510,40.6,162,11.0,61306.0,6577.2,1,0,0
302.7,312.5,1527,36.4,26,9.800000000000011,55582.799999999996,946.4,0,0,0
296.9,307.8,1400,57.1,202,10.900000000000034,79940.0,11534.2,1,0,1
298.2,308.3,1522,49.1,22,10.100000000000023,74730.2,1080.2,0,1,0
297.8,308.4,1685,28.4,179,10.599999999999966,47854.0,5083.599999999999,1,0,0
299.0,310.4,1382,53.0,89,11.399999999999977,73246.0,4717.0,1,0,0
299.1,308.4,1332,51.7,71,9.299999999999955,68864.40000000001,3670.7000000000003,0,1,0
299.8,309.8,1749,33.4,153,10.0,58416.6,5110.2,1,0,0
298.5,309.4,1565,33.7,150,10.899999999999977,52740.50000000001,5055.0,0,1,0
297.4,308.4,1371,57.4,52,11.0,78695.4,2984.7999999999997,1,0,0
300.1,309.4,2141,17.9,33,9.299999999999955,38323.899999999994,590.6999999999999,1,0,0
297.8,307.7,1393,38.0,29,9.899999999999977,52934.0,1102.0,1,0,0
304.1,313.5,1469,44.6,113,9.399999999999977,65517.4,5039.8,1,0,0
299.8,311.2,1664,28.3,173,11.399999999999977,47091.200000000004,4895.900000000001,1,0,0
297.6,309.2,1390,43.3,221,11.599999999999966,60186.99999999999,9569.3,1,0,0
300.1,309.7,1362,49.1,23,9.599999999999966,66874.2,1129.3,1,0,0
299.6,310.8,1644,30.9,114,11.199999999999989,50799.6,3522.6,1,0,0
297.5,309.2,1347,55.8,188,11.699999999999989,75162.59999999999,10490.4,0,1,0
300.6,310.3,1484,41.0,213,9.699999999999989,60844.0,8733.0,1,0,0
303.7,312.7,1468,43.3,168,9.0,63564.399999999994,7274.4,1,0,0
300.4,311.0,1595,35.4,15,10.600000000000023,56463.0,531.0,0,1,0
298.9,310.3,1243,63.0,163,11.400000000000034,78309.0,10269.0,0,0,0
303.0,312.5,1461,40.2,127,9.5,58732.200000000004,5105.400000000001,1,0,0
302.6,310.5,1965,20.2,40,7.899999999999977,39693.0,808.0,0,1,0
300.7,311.7,1635,32.4,213,11.0,52974.0,6901.2,1,0,0
303.7,313.1,1406,48.6,183,9.400000000000034,68331.6,8893.800000000001,1,0,0
299.3,308.6,1448,52.1,71,9.300000000000011,75440.8,3699.1,0,1,0
301.8,310.8,1619,31.0,76,9.0,50189.0,2356.0,0,1,0
298.3,309.2,1456,45.5,75,10.899999999999977,66248.0,3412.5,1,0,0
299.0,310.3,1520,45.0,171,11.300000000000011,68400.0,7695.0,1,0,0
297.2,308.4,1462,51.2,102,11.199999999999989,74854.40000000001,5222.400000000001,1,0,0
297.7,308.7,1479,45.7,93,11.0,67590.3,4250.1,1,0,0
298.3,308.1,1630,32.7,83,9.800000000000011,53301.00000000001,2714.1000000000004,0,1,0
298.8,309.1,1559,34.7,95,10.300000000000011,54097.3,3296.5000000000005,0,1,0
297.8,309.7,1700,31.3,200,11.899999999999977,53210.0,6260.0,0,1,0
298.2,308.8,1498,36.0,39,10.600000000000023,53928.0,1404.0,1,0,0
300.3,310.0,1409,43.2,9,9.699999999999989,60868.8,388.8,0,1,0
302.1,310.7,1314,52.8,8,8.599999999999966,69379.2,422.4,1,0,1
298.9,310.1,1452,49.9,187,11.200000000000045,72454.8,9331.3,0,0,0
298.2,307.7,1688,32.4,91,9.5,54691.2,2948.4,1,0,0
302.7,312.4,1453,47.3,62,9.699999999999989,68726.9,2932.6,1,0,0
297.3,308.1,1458,45.7,202,10.800000000000011,66630.6,9231.400000000001,1,0,0
300.1,309.4,1563,40.8,28,9.299999999999955,63770.399999999994,1142.3999999999999,0,0,0
299.4,309.3,1448,48.6,44,9.900000000000034,70372.8,2138.4,1,0,0
302.2,311.5,1427,43.8,88,9.300000000000011,62502.6,3854.3999999999996,1,0,0
304.2,313.4,1421,43.4,56,9.199999999999989,61671.4,2430.4,1,0,0
300.6,309.3,1409,38.7,115,8.699999999999989,54528.3,4450.5,1,0,0
297.3,308.7,1447,44.5,105,11.399999999999977,64391.5,4672.5,0,1,0
303.5,312.4,1318,54.2,177,8.899999999999977,71435.6,9593.4,0,1,0
299.0,310.3,1552,39.9,114,11.300000000000011,61924.799999999996,4548.599999999999,1,0,0
297.4,308.3,1704,27.3,65,10.900000000000034,46519.200000000004,1774.5,1,0,0
298.8,310.6,1651,33.3,0,11.800000000000011,54978.299999999996,0.0,1,0,0
300.2,309.4,1433,48.8,191,9.199999999999989,69930.4,9320.8,0,1,0
298.3,309.1,1387,52.3,160,10.800000000000011,72540.09999999999,8368.0,1,0,0
301.6,310.7,1414,51.7,197,9.099999999999966,73103.8,10184.900000000001,0,0,0
301.6,310.7,1424,50.5,214,9.099999999999966,71912.0,10807.0,1,0,0
299.6,310.9,1530,38.8,198,11.299999999999955,59363.99999999999,7682.4,0,1,0
300.5,309.9,1423,47.9,114,9.399999999999977,68161.7,5460.599999999999,1,0,0
295.7,306.2,2161,16.5,105,10.5,35656.5,1732.5,0,0,0
300.6,311.5,1419,38.6,31,10.899999999999977,54773.4,1196.6000000000001,1,0,0
300.7,310.8,1608,39.5,202,10.100000000000023,63516.0,7979.0,1,0,0
301.2,310.4,1381,49.8,115,9.199999999999989,68773.8,5727.0,1,0,0
298.4,309.5,2153,15.3,98,11.100000000000023,32940.9,1499.4,1,0,1
300.1,311.4,1430,40.9,93,11.299999999999955,58487.0,3803.7,1,0,0
299.5,309.1,1852,22.6,77,9.600000000000023,41855.200000000004,1740.2,1,0,0
300.1,310.1,1426,42.7,64,10.0,60890.200000000004,2732.8,0,0,0
303.7,312.8,1366,47.3,49,9.100000000000023,64611.799999999996,2317.7,0,1,0
299.2,308.4,1856,22.7,86,9.199999999999989,42131.2,1952.2,0,1,0
298.6,309.8,1704,28.3,64,11.199999999999989,48223.200000000004,1811.2,1,0,0
301.1,311.1,1436,41.8,156,10.0,60024.799999999996,6520.799999999999,0,1,0
298.9,310.0,1559,33.4,58,11.100000000000023,52070.6,1937.1999999999998,1,0,0
297.2,308.3,1805,25.6,103,11.100000000000023,46208.0,2636.8,1,0,0
303.1,312.8,2329,15.1,113,9.699999999999989,35167.9,1706.3,1,0,0
302.7,312.5,1417,51.5,19,9.800000000000011,72975.5,978.5,0,1,0
300.9,310.6,1350,53.8,131,9.700000000000045,72630.0,7047.799999999999,1,0,0
299.6,309.0,1648,33.6,70,9.399999999999977,55372.8,2352.0,1,0,0
297.4,308.4,1571,39.4,0,11.0,61897.399999999994,0.0,1,0,0
298.6,309.9,1818,24.9,9,11.299999999999955,45268.2,224.1,0,1,0
302.9,312.3,1754,26.9,209,9.400000000000034,47182.6,5622.099999999999,0,0,0
298.7,310.2,1717,27.3,26,11.5,46874.1,709.8000000000001,1,0,0
296.9,308.0,1332,53.9,7,11.100000000000023,71794.8,377.3,1,0,0
298.0,308.4,1432,46.2,11,10.399999999999977,66158.40000000001,508.20000000000005,1,0,0
299.3,308.7,1802,26.0,130,9.399999999999977,46852.0,3380.0,1,0,0
302.9,312.3,1509,46.8,175,9.400000000000034,70621.2,8189.999999999999,0,0,0
299.9,309.3,1452,41.9,106,9.400000000000034,60838.799999999996,4441.4,0,1,0
298.2,308.8,1606,39.9,53,10.600000000000023,64079.399999999994,2114.7,0,0,0
298.0,309.5,1496,45.8,46,11.5,68516.8,2106.7999999999997,1,0,0
302.1,310.5,1696,30.9,107,8.399999999999977,52406.399999999994,3306.2999999999997,1,0,0
303.3,312.5,1328,49.8,120,9.199999999999989,66134.4,5976.0,0,0,0
298.6,308.4,1562,34.4,25,9.799999999999955,53732.799999999996,860.0,1,0,0
299.5,310.1,1359,61.1,67,10.600000000000023,83034.90000000001,4093.7000000000003,0,1,0
300.6,310.1,1541,42.0,23,9.5,64722.0,966.0,1,0,0
297.5,308.3,1585,32.9,32,10.800000000000011,52146.5,1052.8,1,0,0
301.4,311.0,1733,25.7,182,9.600000000000023,44538.1,4677.4,1,0,0
303.3,311.2,1607,31.7,34,7.899999999999977,50941.9,1077.8,0,0,0
300.2,311.7,1555,37.4,169,11.5,58157.0,6320.599999999999,0,1,0
301.3,310.4,1695,30.9,108,9.099999999999966,52375.5,3337.2,1,0,0
299.0,310.1,1583,35.8,142,11.100000000000023,56671.399999999994,5083.599999999999,1,0,0
301.0,311.2,1602,32.7,19,10.199999999999989,52385.4,621.3000000000001,0,0,0
300.7,309.5,1850,24.5,19,8.800000000000011,45325.0,465.5,1,0,0
302.5,310.4,1488,48.4,134,7.899999999999977,72019.2,6485.599999999999,1,0,0
299.1,308.7,1498,38.9,181,9.599999999999966,58272.2,7040.9,1,0,0
301.5,310.7,1466,43.6,56,9.199999999999989,63917.6,2441.6,1,0,0
299.9,309.4,1483,38.1,193,9.5,56502.3,7353.3,0,1,0
301.1,311.1,1450,43.3,168,10.0,62784.99999999999,7274.4,1,0,0
299.3,309.1,1473,40.3,125,9.800000000000011,59361.899999999994,5037.5,1,0,0
302.5,311.1,1538,36.8,208,8.600000000000023,56598.399999999994,7654.4,1,0,0
300.9,311.6,1671,33.5,148,10.700000000000045,55978.5,4958.0,1,0,0
299.7,311.0,1435,50.1,168,11.300000000000011,71893.5,8416.800000000001,0,1,0
303.0,312.4,1526,36.1,142,9.399999999999977,55088.6,5126.2,0,1,0
303.7,312.4,1631,28.5,132,8.699999999999989,46483.5,3762.0,0,1,0
301.5,311.0,1494,45.3,99,9.5,67678.2,4484.7,1,0,0
300.8,310.5,1330,59.0,190,9.699999999999989,78470.0,11210.0,0,1,0
299.4,309.0,1436,47.9,75,9.600000000000023,68784.4,3592.5,1,0,0
298.4,310.1,1926,23.7,83,11.700000000000045,45646.2,1967.1,1,0,0
303.8,313.2,1525,41.9,145,9.399999999999977,63897.5,6075.5,1,0,0
301.5,310.7,1599,40.4,72,9.199999999999989,64599.6,2908.7999999999997,0,0,0
298.6,309.5,1483,43.2,92,10.899999999999977,64065.600000000006,3974.4,1,0,0
300.2,309.3,1532,43.2,53,9.100000000000023,66182.40000000001,2289.6000000000004,1,0,0
299.9,309.8,1625,41.2,109,9.900000000000034,66950.0,4490.8,0,1,0
301.9,311.0,1669,32.2,191,9.100000000000023,53741.8,6150.200000000001,1,0,0
298.0,308.1,1819,23.4,78,10.100000000000023,42564.6,1825.1999999999998,1,0,0
300.7,310.2,1286,64.9,160,9.5,83461.40000000001,10384.0,1,0,0
299.8,309.2,1479,44.4,214,9.399999999999977,65667.59999999999,9501.6,1,0,0
298.8,309.9,1415,53.2,194,11.099999999999966,75278.0,10320.800000000001,0,1,0
302.5,311.8,1566,37.6,54,9.300000000000011,58881.600000000006,2030.4,0,1,0
300.2,311.3,1491,37.3,102,11.100000000000023,55614.299999999996,3804.6,0,1,0
300.7,311.9,1657,30.9,116,11.199999999999989,51201.299999999996,3584.3999999999996,0,1,0
298.9,310.1,1823,26.1,131,11.200000000000045,47580.3,3419.1000000000004,1,0,0
303.4,312.9,1307,54.3,68,9.5,70970.09999999999,3692.3999999999996,0,1,0
297.8,308.4,1737,27.5,146,10.599999999999966,47767.5,4015.0,1,0,0
298.3,308.0,1363,50.1,96,9.699999999999989,68286.3,4809.6,1,0,0
302.4,310.1,2009,18.9,59,7.7000000000000455,37970.1,1115.1,1,0,0
297.4,308.3,1561,38.3,0,10.900000000000034,59786.299999999996,0.0,1,0,0
300.2,311.4,1960,20.9,20,11.199999999999989,40964.0,418.0,0,1,0
300.7,312.3,1430,47.2,131,11.600000000000023,67496.0,6183.200000000001,0,1,0
296.9,307.9,1441,47.6,60,11.0,68591.6,2856.0,0,1,0
302.4,310.3,1480,45.8,123,7.900000000000034,67784.0,5633.4,1,0,0
302.0,311.2,1400,49.5,20,9.199999999999989,69300.0,990.0,0,1,0
302.0,310.4,1450,46.6,165,8.399999999999977,67570.0,7689.0,1,0,0
299.8,309.3,1470,42.7,119,9.5,62769.00000000001,5081.3,0,1,0
303.8,312.9,1619,35.7,182,9.099999999999966,57798.3,6497.400000000001,1,0,0
301.2,310.6,1409,50.9,66,9.400000000000034,71718.09999999999,3359.4,1,0,0
298.1,308.0,1697,31.0,164,9.899999999999977,52607.0,5084.0,1,0,0
298.8,309.7,1461,55.1,118,10.899999999999977,80501.1,6501.8,0,0,0
300.8,312.3,1535,40.3,71,11.5,61860.49999999999,2861.2999999999997,0,1,0
301.3,311.0,1641,33.0,145,9.699999999999989,54153.0,4785.0,0,1,0
297.4,308.5,1412,45.5,49,11.100000000000023,64246.0,2229.5,0,1,0
298.9,310.1,1324,54.6,185,11.200000000000045,72290.40000000001,10101.0,0,0,0
298.0,307.6,1792,26.0,119,9.600000000000023,46592.0,3094.0,0,1,0
300.7,310.2,1642,32.6,26,9.5,53529.200000000004,847.6,1,0,0
301.9,310.7,1947,25.0,137,8.800000000000011,48675.0,3425.0,1,0,0
301.0,310.8,1375,57.2,20,9.800000000000011,78650.0,1144.0,1,0,0
298.8,309.8,1485,42.4,74,11.0,62964.0,3137.6,1,0,0
300.5,311.9,1875,22.1,100,11.399999999999977,41437.5,2210.0,0,1,0
297.2,308.4,1605,30.0,183,11.199999999999989,48150.0,5490.0,1,0,0
297.7,309.2,1700,27.4,176,11.5,46580.0,4822.4,0,1,0
301.3,310.8,1509,40.1,25,9.5,60510.9,1002.5,0,1,0
301.9,310.5,1340,55.7,204,8.600000000000023,74638.0,11362.800000000001,1,0,1
298.2,309.4,1443,45.4,187,11.199999999999989,65512.2,8489.8,1,0,0
300.6,311.8,1539,37.0,187,11.199999999999989,56943.0,6919.0,1,0,0
299.9,309.2,1683,30.5,13,9.300000000000011,51331.5,396.5,0,1,0
301.4,310.7,1605,34.2,94,9.300000000000011,54891.00000000001,3214.8,1,0,0
298.1,308.0,1456,42.4,59,9.899999999999977,61734.4,2501.6,1,0,0
296.8,307.9,1683,31.8,76,11.099999999999966,53519.4,2416.8,0,1,0
296.6,307.4,1631,35.0,168,10.799999999999955,57085.0,5880.0,1,0,0
300.7,310.8,1519,43.9,55,10.100000000000023,66684.09999999999,2414.5,1,0,0
300.9,310.8,1402,48.1,22,9.900000000000034,67436.2,1058.2,0,1,0
302.3,310.8,1377,47.3,22,8.5,65132.1,1040.6,1,0,1
303.8,313.1,1309,55.8,193,9.300000000000011,73042.2,10769.4,1,0,0
303.8,312.6,1768,23.9,149,8.800000000000011,42255.2,3561.1,0,1,0
299.8,310.4,1694,30.3,204,10.599999999999966,51328.200000000004,6181.2,1,0,0
297.6,308.7,1376,59.9,74,11.099999999999966,82422.4,4432.599999999999,0,1,0
298.1,307.9,2161,17.5,5,9.799999999999955,37817.5,87.5,1,0,0
296.2,307.2,1445,41.8,20,11.0,60400.99999999999,836.0,1,0,0
300.2,311.4,1891,22.6,86,11.199999999999989,42736.600000000006,1943.6000000000001,1,0,0
298.3,308.1,1672,41.3,0,9.800000000000011,69053.59999999999,0.0,1,0,0
296.3,307.3,1439,41.5,208,11.0,59718.5,8632.0,1,0,0
297.5,309.5,1448,43.7,46,12.0,63277.600000000006,2010.2,0,1,0
298.3,309.2,1359,51.4,21,10.899999999999977,69852.59999999999,1079.3999999999999,0,1,0
297.7,307.2,1518,35.8,195,9.5,54344.399999999994,6980.999999999999,1,0,0
304.3,313.5,2245,15.1,172,9.199999999999989,33899.5,2597.2,0,1,0
298.6,309.9,1630,30.6,2,11.299999999999955,49878.0,61.2,1,0,0
298.8,309.9,1526,42.1,30,11.099999999999966,64244.6,1263.0,0,0,0
298.4,308.5,1398,47.1,122,10.100000000000023,65845.8,5746.2,0,0,0
301.9,310.3,1972,21.3,67,8.400000000000034,42003.6,1427.1000000000001,1,0,0
297.3,308.1,1370,58.8,199,10.800000000000011,80556.0,11701.199999999999,0,1,0
298.1,308.4,1515,43.8,6,10.299999999999955,66357.0,262.79999999999995,0,0,0
296.2,307.0,1516,37.6,25,10.800000000000011,57001.6,940.0,0,1,0
300.6,310.0,1486,41.2,127,9.399999999999977,61223.200000000004,5232.400000000001,0,1,0
300.4,311.5,1441,44.6,96,11.100000000000023,64268.6,4281.6,1,0,0
301.1,311.1,1470,40.9,125,10.0,60123.0,5112.5,1,0,0
298.1,307.7,1495,48.1,111,9.599999999999966,71909.5,5339.1,1,0,0
295.8,306.5,1493,40.5,90,10.699999999999989,60466.5,3645.0,1,0,0
300.7,310.8,1814,21.4,59,10.100000000000023,38819.6,1262.6,1,0,0
298.1,309.2,1802,26.9,83,11.099999999999966,48473.799999999996,2232.7,1,0,0
300.8,311.2,1430,54.4,85,10.399999999999977,77792.0,4624.0,1,0,0
299.7,309.6,1720,27.1,146,9.900000000000034,46612.0,3956.6000000000004,1,0,0
300.9,311.2,1472,40.0,93,10.300000000000011,58880.0,3720.0,0,1,0
301.5,310.5,1389,54.9,187,9.0,76256.09999999999,10266.3,1,0,0
300.5,311.6,1541,47.8,156,11.100000000000023,73659.79999999999,7456.799999999999,1,0,0
296.2,307.1,1413,53.4,203,10.900000000000034,75454.2,10840.199999999999,1,0,0
300.9,310.7,1389,50.0,214,9.800000000000011,69450.0,10700.0,1,0,0
296.5,307.2,1481,38.2,160,10.699999999999989,56574.200000000004,6112.0,1,0,0
302.0,310.9,1546,34.4,7,8.899999999999977,53182.399999999994,240.79999999999998,1,0,0
298.1,310.0,1393,43.1,65,11.899999999999977,60038.3,2801.5,0,1,0
303.6,312.1,1627,32.5,7,8.5,52877.5,227.5,0,1,0
300.4,311.6,1674,33.0,172,11.200000000000045,55242.0,5676.0,1,0,0
297.8,307.5,1372,54.1,157,9.699999999999989,74225.2,8493.7,1,0,0
302.0,310.6,1366,47.7,206,8.600000000000023,65158.200000000004,9826.2,1,0,0
298.9,308.7,1558,41.2,110,9.800000000000011,64189.600000000006,4532.0,1,0,0
298.2,308.1,1618,34.7,39,9.900000000000034,56144.600000000006,1353.3000000000002,1,0,0
300.1,309.3,1841,23.0,125,9.199999999999989,42343.0,2875.0,1,0,0
300.7,310.8,1689,28.9,100,10.100000000000023,48812.1,2890.0,1,0,0
300.4,311.1,2013,20.1,195,10.700000000000045,40461.3,3919.5000000000005,1,0,0
300.8,310.7,1589,34.3,144,9.899999999999977,54502.7,4939.2,1,0,0
301.8,309.9,1418,51.3,116,8.099999999999966,72743.4,5950.799999999999,0,0,0
298.8,310.3,1528,37.1,99,11.5,56688.8,3672.9,0,1,0
300.0,309.6,1477,38.1,13,9.600000000000023,56273.700000000004,495.3,0,1,0
300.1,311.5,1434,40.8,80,11.399999999999977,58507.2,3264.0,1,0,0
303.1,312.6,1514,42.1,138,9.5,63739.4,5809.8,1,0,0
303.7,312.6,1466,42.5,183,8.900000000000034,62305.0,7777.5,1,0,0
302.1,311.3,1634,30.6,50,9.199999999999989,50000.4,1530.0,1,0,0
298.5,309.4,1671,31.8,108,10.899999999999977,53137.8,3434.4,0,0,0
298.6,308.4,1559,36.6,188,9.799999999999955,57059.4,6880.8,1,0,0
300.2,310.6,1431,42.3,113,10.400000000000034,60531.299999999996,4779.9,1,0,0
300.5,311.9,1511,44.5,30,11.399999999999977,67239.5,1335.0,0,1,0
300.8,312.0,1443,53.3,151,11.199999999999989,76911.9,8048.299999999999,0,1,0
300.3,311.0,1613,34.7,142,10.699999999999989,55971.100000000006,4927.400000000001,1,0,0
299.7,310.2,1469,39.5,26,10.5,58025.5,1027.0,1,0,0
301.0,310.9,1510,44.5,66,9.899999999999977,67195.0,2937.0,0,1,0
297.5,308.5,1335,48.0,131,11.0,64080.0,6288.0,1,0,0
303.6,313.0,1396,38.2,117,9.399999999999977,53327.200000000004,4469.400000000001,0,1,0
299.4,309.2,1489,42.3,114,9.800000000000011,62984.7,4822.2,1,0,0
297.5,308.7,1697,28.1,107,11.199999999999989,47685.700000000004,3006.7000000000003,0,1,0
296.2,307.0,1414,48.3,162,10.800000000000011,68296.2,7824.599999999999,1,0,0
298.8,308.5,1444,42.2,83,9.699999999999989,60936.8,3502.6000000000004,1,0,0
298.4,308.6,1491,42.0,120,10.200000000000045,62622.0,5040.0,1,0,0
300.1,309.7,1680,33.8,140,9.599999999999966,56783.99999999999,4732.0,1,0,0
302.4,311.8,1727,26.5,213,9.400000000000034,45765.5,5644.5,1,0,0
301.7,310.8,1502,34.4,157,9.100000000000023,51668.799999999996,5400.8,0,1,0
302.0,311.0,1686,32.5,25,9.0,54795.0,812.5,1,0,0
300.9,310.9,1615,32.0,183,10.0,51680.0,5856.0,1,0,0
303.1,311.2,1399,49.2,111,8.099999999999966,68830.8,5461.200000000001,1,0,0
298.6,308.2,1325,54.0,41,9.599999999999966,71550.0,2214.0,1,0,0
299.2,308.5,1366,49.7,74,9.300000000000011,67890.2,3677.8,1,0,0
299.0,310.1,1447,42.8,104,11.100000000000023,61931.6,4451.2,1,0,0
301.9,311.0,1356,45.7,119,9.100000000000023,61969.200000000004,5438.3,1,0,0
301.0,311.2,1467,45.4,36,10.199999999999989,66601.8,1634.3999999999999,1,0,0
297.3,307.9,1461,37.5,161,10.599999999999966,54787.5,6037.5,0,0,0
299.4,308.7,1681,30.8,171,9.300000000000011,51774.8,5266.8,1,0,0
298.9,310.1,1484,37.9,73,11.200000000000045,56243.6,2766.7,0,1,0
300.4,311.7,1398,42.6,176,11.300000000000011,59554.8,7497.6,0,1,0
301.3,310.3,1555,41.2,131,9.0,64066.00000000001,5397.200000000001,1,0,0
300.5,309.9,1382,46.5,134,9.399999999999977,64263.0,6231.0,1,0,0
297.5,307.9,1544,37.9,136,10.399999999999977,58517.6,5154.4,0,1,0
300.6,309.9,1480,43.7,153,9.299999999999955,64676.00000000001,6686.1,1,0,0
303.5,312.9,1438,42.8,106,9.399999999999977,61546.399999999994,4536.799999999999,0,1,0
302.8,312.4,1529,36.8,237,9.599999999999966,56267.2,8721.599999999999,1,0,0
296.8,308.0,1311,58.6,19,11.199999999999989,76824.6,1113.4,0,0,0
297.5,308.5,1448,54.3,83,11.0,78626.4,4506.9,1,0,0
303.5,312.0,1441,56.8,88,8.5,81848.8,4998.4,1,0,0
302.1,311.0,1740,30.8,182,8.899999999999977,53592.0,5605.6,1,0,0
299.6,309.0,1245,64.0,120,9.399999999999977,79680.0,7680.0,0,1,0
297.9,308.1,1393,50.3,193,10.200000000000045,70067.9,9707.9,1,0,0
303.5,312.1,1522,36.4,107,8.600000000000023,55400.799999999996,3894.7999999999997,1,0,0
296.9,307.9,2010,18.9,86,11.0,37989.0,1625.3999999999999,0,1,0
302.3,310.8,1650,32.4,26,8.5,53460.0,842.4,1,0,0
301.3,310.7,1504,47.2,74,9.399999999999977,70988.8,3492.8,1,0,0
297.6,308.6,1351,51.0,37,11.0,68901.0,1887.0,1,0,0
303.8,313.0,1452,38.6,72,9.199999999999989,56047.200000000004,2779.2000000000003,1,0,0
295.7,306.2,1458,40.6,103,10.5,59194.8,4181.8,1,0,0
300.5,309.8,1305,51.7,202,9.300000000000011,67468.5,10443.400000000001,1,0,0
300.7,309.5,1393,43.9,81,8.800000000000011,61152.7,3555.9,0,1,0
298.4,308.2,1610,35.0,24,9.800000000000011,56350.0,840.0,0,1,0
297.9,308.6,1468,36.0,168,10.700000000000045,52848.0,6048.0,1,0,0
297.9,308.0,1501,36.7,4,10.100000000000023,55086.700000000004,146.8,1,0,0
299.8,311.1,1562,35.7,170,11.300000000000011,55763.4,6069.000000000001,0,1,0
304.1,313.2,1569,35.8,146,9.099999999999966,56170.2,5226.799999999999,1,0,0
297.4,308.4,1564,35.0,105,11.0,54740.0,3675.0,0,1,0
298.0,307.7,1422,45.6,140,9.699999999999989,64843.200000000004,6384.0,1,0,0
298.1,307.7,1498,38.3,81,9.599999999999966,57373.399999999994,3102.2999999999997,0,1,0
298.0,307.8,1623,29.9,24,9.800000000000011,48527.7,717.5999999999999,1,0,0
297.2,308.1,1340,61.3,207,10.900000000000034,82142.0,12689.099999999999,0,1,1
301.6,310.4,1517,41.1,167,8.799999999999955,62348.700000000004,6863.7,1,0,0
299.0,310.2,1298,57.2,10,11.199999999999989,74245.6,572.0,0,1,0
300.3,311.4,1343,57.7,142,11.099999999999966,77491.1,8193.4,1,0,0
297.3,308.4,1441,43.4,14,11.099999999999966,62539.4,607.6,1,0,0
300.1,309.4,1349,56.2,127,9.299999999999955,75813.8,7137.400000000001,0,1,0
298.0,308.1,1777,24.3,200,10.100000000000023,43181.1,4860.0,1,0,0
302.7,312.3,1421,48.5,0,9.600000000000023,68918.5,0.0,1,0,0
298.8,309.7,1225,63.4,37,10.899999999999977,77665.0,2345.7999999999997,1,0,0
302.9,311.0,1556,36.5,44,8.100000000000023,56794.0,1606.0,0,1,0
300.2,309.3,1506,35.6,63,9.100000000000023,53613.6,2242.8,0,0,0
300.4,309.7,1534,42.5,127,9.300000000000011,65195.0,5397.5,1,0,0
297.4,307.9,1627,34.3,166,10.5,55806.1,5693.799999999999,0,1,0
295.6,306.2,1446,49.9,133,10.599999999999966,72155.4,6636.7,1,0,0
297.3,308.2,1452,38.2,44,10.899999999999977,55466.4,1680.8000000000002,0,1,0
303.3,311.6,1301,45.1,219,8.300000000000011,58675.1,9876.9,1,0,1
301.4,310.7,1989,21.8,19,9.300000000000011,43360.200000000004,414.2,1,0,0
300.6,310.4,1479,35.6,150,9.799999999999955,52652.4,5340.0,0,0,0
298.4,307.9,2381,14.2,164,9.5,33810.2,2328.7999999999997,1,0,0
300.0,309.5,1675,30.2,11,9.5,50585.0,332.2,1,0,0
298.2,308.7,1520,35.7,40,10.5,54264.00000000001,1428.0,0,0,0
296.8,308.0,1453,51.0,24,11.199999999999989,74103.0,1224.0,0,0,0
298.2,309.1,1651,28.8,186,10.900000000000034,47548.8,5356.8,0,1,0
298.0,307.8,1314,47.8,19,9.800000000000011,62809.2,908.1999999999999,0,0,0
297.4,308.3,1548,46.6,7,10.900000000000034,72136.8,326.2,1,0,0
297.8,308.9,1650,32.2,195,11.099999999999966,53130.00000000001,6279.000000000001,0,0,0
298.5,308.1,1564,31.1,34,9.600000000000023,48640.4,1057.4,1,0,0
301.0,311.0,1640,37.6,118,10.0,61664.0,4436.8,0,0,0
299.8,311.1,1466,46.1,58,11.300000000000011,67582.6,2673.8,1,0,0
302.4,310.2,1503,36.2,166,7.800000000000011,54408.600000000006,6009.200000000001,1,0,0
301.0,310.9,1359,53.4,180,9.899999999999977,72570.59999999999,9612.0,0,1,0
298.9,308.6,1481,40.7,124,9.700000000000045,60276.700000000004,5046.8,1,0,0
296.3,307.2,1291,58.6,29,10.899999999999977,75652.6,1699.4,1,0,0
304.1,313.6,1611,31.4,144,9.5,50585.399999999994,4521.599999999999,1,0,0
297.5,308.6,1429,50.5,129,11.100000000000023,72164.5,6514.5,0,1,0
300.4,309.7,1314,50.2,179,9.300000000000011,65962.8,8985.800000000001,1,0,0
298.8,309.8,1895,22.0,134,11.0,41690.0,2948.0,1,0,0
300.2,311.7,1597,39.5,68,11.5,63081.5,2686.0,0,1,0
301.4,311.0,1427,43.2,13,9.600000000000023,61646.4,561.6,0,1,0
298.0,308.2,1466,42.6,2,10.199999999999989,62451.6,85.2,0,1,0
302.4,311.8,1320,56.4,100,9.400000000000034,74448.0,5640.0,1,0,0
299.9,309.2,1574,36.5,177,9.300000000000011,57451.0,6460.5,0,1,0
301.8,311.1,1647,31.6,6,9.300000000000011,52045.200000000004,189.60000000000002,0,1,0
296.3,307.2,1319,68.3,24,10.899999999999977,90087.7,1639.1999999999998,0,1,1
300.5,311.6,1351,53.5,78,11.100000000000023,72278.5,4173.0,0,0,0
300.5,309.8,1566,35.9,204,9.300000000000011,56219.399999999994,7323.599999999999,0,1,0
301.7,310.9,1705,31.2,146,9.199999999999989,53196.0,4555.2,1,0,0
297.6,308.6,1553,40.5,135,11.0,62896.5,5467.5,1,0,0
299.8,309.4,1475,43.4,51,9.599999999999966,64015.0,2213.4,1,0,0
299.1,308.2,1409,46.4,12,9.099999999999966,65377.6,556.8,1,0,0
299.7,310.6,1675,31.3,129,10.900000000000034,52427.5,4037.7000000000003,1,0,0
299.0,310.3,1507,36.7,173,11.300000000000011,55306.9,6349.1,1,0,0
297.5,308.7,1363,53.6,194,11.199999999999989,73056.8,10398.4,0,1,0
300.7,310.6,1491,43.2,187,9.900000000000034,64411.200000000004,8078.400000000001,1,0,0
296.7,307.8,1286,60.5,0,11.100000000000023,77803.0,0.0,0,1,0
296.6,307.4,1436,42.8,156,10.799999999999955,61460.799999999996,6676.799999999999,1,0,0
297.4,308.6,1635,30.5,159,11.200000000000045,49867.5,4849.5,1,0,0
302.6,311.6,1953,22.4,180,9.0,43747.2,4031.9999999999995,1,0,0
298.2,308.8,1302,60.4,34,10.600000000000023,78640.8,2053.6,1,0,0
296.2,306.8,1655,31.1,136,10.600000000000023,51470.5,4229.6,1,0,0
297.1,307.8,1406,60.4,133,10.699999999999989,84922.4,8033.2,1,0,0
301.3,310.3,1400,44.3,47,9.0,62019.99999999999,2082.1,1,0,0
303.1,311.2,1489,44.5,27,8.099999999999966,66260.5,1201.5,0,1,0
300.1,311.1,1616,35.2,183,11.0,56883.200000000004,6441.6,0,1,0
297.4,308.2,1536,34.6,4,10.800000000000011,53145.600000000006,138.4,0,1,0
297.2,308.1,1446,38.5,164,10.900000000000034,55671.0,6314.0,1,0,0
301.7,311.0,1343,49.2,25,9.300000000000011,66075.6,1230.0,1,0,0
302.5,312.0,1591,29.4,192,9.5,46775.399999999994,5644.799999999999,0,1,0
298.5,308.2,1564,37.5,15,9.699999999999989,58650.0,562.5,0,1,0
300.6,311.9,1604,30.5,45,11.299999999999955,48922.0,1372.5,0,0,0
297.2,308.3,1604,39.4,9,11.100000000000023,63197.6,354.59999999999997,0,1,0
300.2,311.6,1446,47.3,66,11.400000000000034,68395.8,3121.7999999999997,1,0,0
300.6,310.1,1656,32.7,44,9.5,54151.200000000004,1438.8000000000002,1,0,0
300.1,310.5,1329,57.4,99,10.399999999999977,76284.59999999999,5682.599999999999,0,1,0
303.8,312.7,1596,36.6,134,8.899999999999977,58413.600000000006,4904.400000000001,1,0,0
299.2,308.4,1445,43.5,224,9.199999999999989,62857.5,9744.0,1,0,0
302.4,310.1,1709,31.8,100,7.7000000000000455,54346.200000000004,3180.0,1,0,0
302.6,312.2,1695,27.1,32,9.599999999999966,45934.5,867.2,1,0,0
298.9,308.7,1572,34.1,80,9.800000000000011,53605.200000000004,2728.0,1,0,0
298.5,308.3,1458,44.0,44,9.800000000000011,64152.0,1936.0,1,0,0
298.4,309.4,1512,35.3,51,11.0,53373.6,1800.3,0,0,0
298.2,308.0,1591,33.7,32,9.800000000000011,53616.700000000004,1078.4,0,1,0
302.1,311.4,1889,22.7,194,9.299999999999955,42880.299999999996,4403.8,1,0,0
298.3,309.6,1546,36.2,177,11.300000000000011,55965.200000000004,6407.400000000001,0,0,0
301.2,310.6,1576,39.6,109,9.400000000000034,62409.600000000006,4316.400000000001,0,1,0
299.3,308.5,1485,44.7,78,9.199999999999989,66379.5,3486.6000000000004,1,0,0
296.7,308.0,1535,36.8,210,11.300000000000011,56487.99999999999,7727.999999999999,1,0,0
299.3,308.7,1393,54.2,80,9.399999999999977,75500.6,4336.0,1,0,0
299.8,309.5,1420,46.7,136,9.699999999999989,66314.0,6351.200000000001,0,0,0
302.7,310.5,1520,39.3,73,7.800000000000011,59735.99999999999,2868.8999999999996,1,0,0
298.9,308.5,1429,55.1,140,9.600000000000023,78737.90000000001,7714.0,1,0,0
296.7,307.8,1382,47.5,37,11.100000000000023,65645.0,1757.5,1,0,0
297.9,309.1,1543,36.6,20,11.200000000000045,56473.8,732.0,1,0,0
302.6,310.5,1461,45.4,0,7.899999999999977,66329.4,0.0,1,0,0
297.1,308.4,1543,39.6,205,11.299999999999955,61102.8,8118.0,1,0,0
301.4,310.6,1648,30.7,90,9.200000000000045,50593.6,2763.0,1,0,0
303.9,313.2,1540,44.4,119,9.300000000000011,68376.0,5283.599999999999,1,0,0
299.9,309.2,1525,33.2,0,9.300000000000011,50630.00000000001,0.0,0,0,0
297.1,308.4,1422,42.1,148,11.299999999999955,59866.200000000004,6230.8,1,0,0
300.1,309.2,1732,33.7,218,9.099999999999966,58368.4,7346.6,0,1,0
300.3,309.5,1320,62.2,142,9.199999999999989,82104.0,8832.4,0,1,0
301.0,311.2,1394,41.3,16,10.199999999999989,57572.2,660.8,0,1,0
298.1,309.0,1787,27.6,47,10.899999999999977,49321.200000000004,1297.2,1,0,0
302.1,311.4,1419,36.2,47,9.299999999999955,51367.8,1701.4,0,1,0
298.9,310.1,1513,41.5,80,11.200000000000045,62789.5,3320.0,0,1,0
297.6,309.5,1373,50.6,55,11.899999999999977,69473.8,2783.0,1,0,0
298.1,307.7,1435,40.9,147,9.599999999999966,58691.5,6012.3,0,1,0
299.8,309.5,1476,44.4,14,9.699999999999989,65534.4,621.6,1,0,0
300.5,311.4,2072,18.8,75,10.899999999999977,38953.6,1410.0,0,1,0
297.7,308.8,1354,50.2,103,11.100000000000023,67970.8,5170.6,1,0,0
298.0,307.5,1792,27.9,217,9.5,49996.799999999996,6054.299999999999,1,0,0
299.4,308.6,1455,42.7,183,9.200000000000045,62128.50000000001,7814.1,0,1,0
300.9,310.8,1695,30.2,188,9.900000000000034,51189.0,5677.599999999999,0,1,0
296.1,306.9,1951,23.3,38,10.799999999999955,45458.3,885.4,0,1,0
297.2,307.9,1469,48.2,144,10.699999999999989,70805.8,6940.8,1,0,0
302.6,310.2,1873,21.3,87,7.599999999999966,39894.9,1853.1000000000001,0,0,0
302.6,311.7,1471,48.3,25,9.099999999999966,71049.3,1207.5,0,0,0
300.2,309.2,1430,43.4,24,9.0,62062.0,1041.6,1,0,0
300.8,312.6,1422,50.0,117,11.800000000000011,71100.0,5850.0,1,0,0
296.7,307.4,1540,38.7,45,10.699999999999989,59598.00000000001,1741.5000000000002,0,1,0
299.6,309.5,1570,35.5,189,9.899999999999977,55735.0,6709.5,1,0,0
299.0,308.8,1495,38.4,75,9.800000000000011,57408.0,2880.0,1,0,0
301.6,310.9,1575,40.1,139,9.299999999999955,63157.5,5573.900000000001,0,1,0
298.6,309.2,1542,48.4,42,10.599999999999966,74632.8,2032.8,1,0,0
303.9,313.1,1639,29.0,95,9.200000000000045,47531.0,2755.0,1,0,0
298.3,308.3,1597,32.4,69,10.0,51742.799999999996,2235.6,1,0,0
301.7,309.5,1298,65.5,229,7.800000000000011,85019.0,14999.5,1,0,1
302.6,310.4,1409,53.3,52,7.7999999999999545,75099.7,2771.6,0,0,0
296.9,308.0,1343,44.5,15,11.100000000000023,59763.5,667.5,1,0,0
295.6,306.2,1569,35.1,140,10.599999999999966,55071.9,4914.0,1,0,0
299.3,309.1,1385,45.6,34,9.800000000000011,63156.0,1550.4,0,1,0
300.1,311.4,1446,40.6,147,11.299999999999955,58707.6,5968.2,1,0,0
299.6,310.6,1642,35.1,149,11.0,57634.200000000004,5229.900000000001,1,0,0
300.8,310.4,1570,35.2,23,9.599999999999966,55264.00000000001,809.6,1,0,0
303.0,312.4,1645,29.6,129,9.399999999999977,48692.0,3818.4,0,1,0
300.8,309.7,1461,44.3,158,8.899999999999977,64722.299999999996,6999.4,1,0,0
298.8,309.0,1829,22.9,172,10.199999999999989,41884.1,3938.7999999999997,1,0,0
298.3,309.0,1802,27.5,71,10.699999999999989,49555.0,1952.5,0,1,0
301.3,310.7,1300,58.3,92,9.399999999999977,75790.0,5363.599999999999,0,1,0
301.2,310.9,1467,37.1,153,9.699999999999989,54425.700000000004,5676.3,1,0,0
301.9,311.0,1291,63.6,137,9.100000000000023,82107.6,8713.2,0,0,0
300.5,309.5,1653,27.6,62,9.0,45622.8,1711.2,1,0,0
297.7,308.9,1327,63.7,21,11.199999999999989,84529.90000000001,1337.7,0,1,0
300.6,310.5,1642,29.9,100,9.899999999999977,49095.799999999996,2990.0,1,0,0
299.1,310.0,1657,33.1,187,10.899999999999977,54846.700000000004,6189.7,0,0,0
297.8,308.4,1479,43.5,143,10.599999999999966,64336.5,6220.5,0,1,0
300.9,310.7,1696,27.3,76,9.800000000000011,46300.8,2074.8,0,1,0
296.5,307.5,1340,59.1,89,11.0,79194.0,5259.900000000001,1,0,0
303.5,313.0,1902,21.6,60,9.5,41083.200000000004,1296.0,0,1,0
298.0,308.1,1877,24.3,0,10.100000000000023,45611.1,0.0,1,0,0
304.3,313.5,2643,12.7,21,9.199999999999989,33566.1,266.7,1,0,0
301.5,310.9,1671,31.1,170,9.399999999999977,51968.100000000006,5287.0,1,0,0
301.1,311.1,1618,29.5,160,10.0,47731.0,4720.0,0,0,0
298.5,309.6,1364,58.7,123,11.100000000000023,80066.8,7220.1,0,1,0
298.0,308.7,1614,30.7,106,10.699999999999989,49549.799999999996,3254.2,0,1,0
300.6,310.1,1495,42.3,132,9.5,63238.49999999999,5583.599999999999,1,0,0
297.4,308.3,1571,37.7,162,10.900000000000034,59226.700000000004,6107.400000000001,1,0,0
297.0,307.8,1521,40.2,190,10.800000000000011,61144.200000000004,7638.000000000001,1,0,0
297.7,309.4,1392,44.1,140,11.699999999999989,61387.200000000004,6174.0,1,0,0
299.1,310.1,1336,61.3,94,11.0,81896.8,5762.2,1,0,0
299.1,310.1,1649,31.6,41,11.0,52108.4,1295.6000000000001,0,1,0
303.4,312.3,1502,36.0,69,8.900000000000034,54072.0,2484.0,1,0,0
298.1,308.9,1323,51.7,88,10.799999999999955,68399.1,4549.6,0,1,0
302.5,311.5,1677,29.2,49,9.0,48968.4,1430.8,1,0,0
300.3,311.4,1346,51.1,147,11.099999999999966,68780.6,7511.7,1,0,0
298.9,308.5,1456,50.0,156,9.600000000000023,72800.0,7800.0,0,1,0
299.7,311.1,1554,41.0,192,11.400000000000034,63714.0,7872.0,1,0,0
300.2,309.4,1456,48.8,205,9.199999999999989,71052.8,10004.0,0,1,0
297.4,308.9,1376,39.0,181,11.5,53664.0,7059.0,0,1,0
300.6,309.7,1639,30.4,121,9.099999999999966,49825.6,3678.3999999999996,1,0,0
301.1,310.4,1312,73.6,49,9.299999999999955,96563.2,3606.3999999999996,1,0,1
295.5,306.0,1641,36.6,21,10.5,60060.600000000006,768.6,0,1,0
301.5,311.1,1602,34.3,100,9.600000000000023,54948.6,3429.9999999999995,1,0,0
303.0,312.2,1624,28.8,117,9.199999999999989,46771.200000000004,3369.6,0,0,0
299.1,310.5,1437,43.1,40,11.399999999999977,61934.700000000004,1724.0,1,0,0
299.5,310.7,1589,33.5,5,11.199999999999989,53231.5,167.5,1,0,0
299.4,308.7,1525,39.0,90,9.300000000000011,59475.0,3510.0,1,0,0
297.8,307.8,1452,39.8,21,10.0,57789.6,835.8,1,0,0
301.7,310.6,1505,44.5,146,8.900000000000034,66972.5,6497.0,0,1,0
301.0,311.6,1454,40.0,140,10.600000000000023,58160.0,5600.0,0,1,0
298.4,309.2,2118,17.7,210,10.800000000000011,37488.6,3717.0,1,0,0
302.4,310.2,1445,46.4,125,7.800000000000011,67048.0,5800.0,1,0,0
299.9,310.0,1484,42.1,182,10.100000000000023,62476.4,7662.2,0,1,0
298.4,309.3,1984,19.2,132,10.900000000000034,38092.799999999996,2534.4,0,0,0
300.8,312.4,1493,39.1,79,11.599999999999966,58376.3,3088.9,1,0,0
296.6,308.0,1978,22.3,208,11.399999999999977,44109.4,4638.400000000001,1,0,0
301.4,310.4,1579,36.9,133,9.0,58265.1,4907.7,1,0,0
302.8,312.2,1452,50.3,60,9.399999999999977,73035.59999999999,3018.0,0,1,0
300.6,310.2,1648,31.7,46,9.599999999999966,52241.6,1458.2,1,0,0
297.4,308.5,1569,34.2,72,11.100000000000023,53659.8,2462.4,1,0,0
301.5,310.8,1500,41.0,118,9.300000000000011,61500.0,4838.0,1,0,0
303.4,311.8,1499,45.0,16,8.400000000000034,67455.0,720.0,1,0,0
297.6,308.7,1392,41.2,178,11.099999999999966,57350.4,7333.6,0,1,0
300.5,311.9,1403,45.7,54,11.399999999999977,64117.100000000006,2467.8,1,0,0
298.7,309.2,1423,48.9,187,10.5,69584.7,9144.3,0,1,0
301.5,310.4,2639,12.0,21,8.899999999999977,31668.0,252.0,0,1,1
302.1,310.0,1355,45.1,6,7.899999999999977,61110.5,270.6,0,1,1
301.8,310.0,1493,40.3,185,8.199999999999989,60167.899999999994,7455.499999999999,1,0,0
297.5,308.2,1419,48.5,108,10.699999999999989,68821.5,5238.0,1,0,0
302.0,309.8,1649,31.0,152,7.800000000000011,51119.0,4712.0,1,0,0
298.6,309.1,1339,51.1,34,10.5,68422.90000000001,1737.4,0,1,0
297.6,308.1,1437,46.3,149,10.5,66533.09999999999,6898.7,1,0,0
300.4,309.2,1528,37.2,228,8.800000000000011,56841.600000000006,8481.6,0,1,0
296.8,308.0,1584,40.4,227,11.199999999999989,63993.6,9170.8,1,0,0
298.8,310.1,1585,31.3,147,11.300000000000011,49610.5,4601.1,0,1,0
300.0,309.6,1618,28.7,53,9.600000000000023,46436.6,1521.1,1,0,0
297.3,307.9,1417,41.8,186,10.599999999999966,59230.6,7774.799999999999,1,0,0
300.3,309.9,1509,46.6,125,9.599999999999966,70319.40000000001,5825.0,0,0,0
303.8,312.7,1555,33.4,128,8.899999999999977,51937.0,4275.2,0,1,0
299.0,308.7,1940,19.9,98,9.699999999999989,38606.0,1950.1999999999998,0,0,0
301.2,310.1,1558,32.6,34,8.900000000000034,50790.8,1108.4,0,1,0
300.8,310.3,1458,43.4,0,9.5,63277.2,0.0,0,1,0
303.5,312.3,1584,35.2,74,8.800000000000011,55756.8,2604.8,1,0,0
299.1,308.9,1325,48.4,220,9.799999999999955,64130.0,10648.0,0,1,0
301.9,310.7,1429,51.0,76,8.800000000000011,72879.0,3876.0,1,0,0
301.9,311.2,1435,44.2,16,9.300000000000011,63427.00000000001,707.2,1,0,0
303.0,311.0,1409,41.7,120,8.0,58755.3,5004.0,0,1,0
300.0,309.6,1491,42.0,29,9.600000000000023,62622.0,1218.0,0,1,0
301.1,311.3,1498,37.6,11,10.199999999999989,56324.8,413.6,1,0,0
298.2,308.8,1362,57.3,28,10.600000000000023,78042.59999999999,1604.3999999999999,1,0,0
296.9,307.8,1653,29.7,137,10.900000000000034,49094.1,4068.9,1,0,0
300.1,311.5,1499,43.4,65,11.399999999999977,65056.6,2821.0,1,0,0
299.6,310.9,1487,42.5,164,11.299999999999955,63197.5,6970.0,1,0,0
296.9,307.6,1452,45.7,122,10.700000000000045,66356.40000000001,5575.400000000001,1,0,0
304.2,313.5,1390,47.8,83,9.300000000000011,66442.0,3967.3999999999996,0,1,0
297.4,307.9,1338,48.5,158,10.5,64893.0,7663.0,0,1,0
304.0,313.4,1389,45.8,123,9.399999999999977,63616.2,5633.4,0,1,0
299.2,308.8,1700,33.5,185,9.600000000000023,56950.0,6197.5,0,1,0
300.9,311.3,1603,31.8,190,10.400000000000034,50975.4,6042.0,0,1,0
298.1,308.2,1482,37.9,17,10.099999999999966,56167.799999999996,644.3,1,0,0
303.4,312.2,1972,23.5,59,8.800000000000011,46342.0,1386.5,0,1,0
298.2,308.3,1400,48.7,194,10.100000000000023,68180.0,9447.800000000001,1,0,0
300.9,311.2,1789,25.5,114,10.300000000000011,45619.5,2907.0,1,0,0
296.4,307.2,2071,19.4,183,10.800000000000011,40177.399999999994,3550.2,0,1,0
302.9,312.3,1515,40.8,183,9.400000000000034,61811.99999999999,7466.4,1,0,0
302.2,311.3,1758,26.4,4,9.100000000000023,46411.2,105.6,0,0,0
303.3,312.6,1482,44.4,73,9.300000000000011,65800.8,3241.2,0,1,0
297.5,308.3,1388,48.6,27,10.800000000000011,67456.8,1312.2,1,0,0
298.8,310.1,1243,74.5,194,11.300000000000011,92603.5,14453.0,0,1,1
301.7,311.1,1506,39.5,158,9.400000000000034,59487.0,6241.0,0,1,0
301.6,311.2,1395,46.8,95,9.599999999999966,65285.99999999999,4446.0,0,0,0
296.8,307.6,1434,48.3,138,10.800000000000011,69262.2,6665.4,1,0,0
299.6,309.2,1450,43.1,160,9.599999999999966,62495.0,6896.0,1,0,0
301.0,310.9,1450,45.9,35,9.899999999999977,66555.0,1606.5,1,0,0
298.9,308.7,1564,34.1,99,9.800000000000011,53332.4,3375.9,1,0,0
296.8,307.8,1373,42.9,74,11.0,58901.7,3174.6,1,0,0
302.9,312.5,1683,32.1,85,9.600000000000023,54024.3,2728.5,1,0,0
303.0,312.5,1507,37.9,163,9.5,57115.299999999996,6177.7,0,0,0
300.6,309.6,1503,38.4,68,9.0,57715.2,2611.2,0,1,0
299.3,310.6,1609,31.4,99,11.300000000000011,50522.6,3108.6,0,1,0
303.7,312.5,1670,26.1,139,8.800000000000011,43587.0,3627.9,1,0,0
298.8,310.1,1607,39.5,105,11.300000000000011,63476.5,4147.5,1,0,0
297.4,308.4,1588,32.5,207,11.0,51610.0,6727.5,1,0,0
298.3,308.0,1463,42.5,190,9.699999999999989,62177.5,8075.0,0,1,0
299.1,308.6,1441,36.2,169,9.5,52164.200000000004,6117.8,0,1,0
300.4,309.9,1415,31.8,192,9.5,44997.0,6105.6,0,1,0
299.5,309.3,1520,42.3,149,9.800000000000011,64295.99999999999,6302.7,1,0,0
300.8,310.2,1304,52.5,157,9.399999999999977,68460.0,8242.5,0,1,0
300.5,312.0,1558,36.7,113,11.5,57178.600000000006,4147.1,1,0,0
302.0,310.4,1212,55.6,79,8.399999999999977,67387.2,4392.400000000001,0,1,1
300.6,310.4,1608,39.2,221,9.799999999999955,63033.600000000006,8663.2,1,0,0
300.1,310.3,1350,48.8,50,10.199999999999989,65880.0,2440.0,0,1,0
298.6,309.7,1314,49.7,136,11.099999999999966,65305.8,6759.200000000001,0,1,0
301.8,311.0,1839,23.6,30,9.199999999999989,43400.4,708.0,0,1,0
297.2,308.6,1513,39.0,78,11.400000000000034,59007.0,3042.0,0,1,0
298.5,309.8,1593,35.1,203,11.300000000000011,55914.3,7125.3,1,0,0
303.7,312.7,1540,44.8,196,9.0,68992.0,8780.8,1,0,0
303.7,312.5,1397,45.7,187,8.800000000000011,63842.9,8545.9,1,0,0
300.9,310.7,1573,31.2,2,9.800000000000011,49077.6,62.4,1,0,0
301.7,311.3,1708,30.5,77,9.600000000000023,52094.0,2348.5,1,0,0
302.1,311.4,1446,39.7,95,9.299999999999955,57406.200000000004,3771.5000000000005,1,0,0
302.7,311.1,1730,28.1,135,8.400000000000034,48613.0,3793.5,1,0,0
301.6,309.9,1423,53.6,95,8.299999999999955,76272.8,5092.0,0,0,0
304.1,313.3,1680,29.3,158,9.199999999999989,49224.0,4629.400000000001,0,1,0
297.8,308.4,2129,19.2,148,10.599999999999966,40876.799999999996,2841.6,1,0,0
298.7,309.6,1665,31.1,178,10.900000000000034,51781.5,5535.8,1,0,0
300.7,311.0,1336,53.3,68,10.300000000000011,71208.8,3624.3999999999996,1,0,0
303.9,313.2,1630,29.3,104,9.300000000000011,47759.0,3047.2000000000003,0,1,0
303.0,312.4,1627,37.1,168,9.399999999999977,60361.700000000004,6232.8,0,0,0
297.4,308.5,1496,36.4,126,11.100000000000023,54454.4,4586.4,1,0,0
302.2,311.7,1556,38.6,145,9.5,60061.600000000006,5597.0,1,0,0
303.7,312.3,1375,46.2,98,8.600000000000023,63525.00000000001,4527.6,1,0,0
303.5,311.9,1405,45.6,10,8.399999999999977,64068.0,456.0,1,0,0
298.3,307.9,1766,26.5,145,9.599999999999966,46799.0,3842.5,1,0,0
301.8,310.9,1881,20.9,23,9.099999999999966,39312.899999999994,480.7,0,1,0
298.1,309.3,1752,25.2,77,11.199999999999989,44150.4,1940.3999999999999,0,1,0
304.0,313.2,1584,38.7,104,9.199999999999989,61300.8,4024.8,1,0,0
300.5,310.6,1621,32.0,184,10.100000000000023,51872.0,5888.0,0,1,0
300.4,311.2,1472,37.3,187,10.800000000000011,54905.6,6975.099999999999,1,0,0
301.3,311.3,1474,50.7,10,10.0,74731.8,507.0,1,0,0
303.0,311.2,1519,38.0,139,8.199999999999989,57722.0,5282.0,0,1,0
300.5,310.5,1564,38.2,199,10.0,59744.8,7601.8,1,0,0
298.6,308.8,1566,39.1,36,10.199999999999989,61230.600000000006,1407.6000000000001,0,0,0
302.0,310.0,1449,48.8,181,8.0,70711.2,8832.8,1,0,0
297.2,308.3,1693,28.0,188,11.100000000000023,47404.0,5264.0,1,0,0
302.3,311.0,1329,51.5,154,8.699999999999989,68443.5,7931.0,1,0,0
300.9,311.4,1532,41.5,126,10.5,63578.0,5229.0,0,1,0
296.4,307.4,1586,35.5,0,11.0,56303.0,0.0,0,0,0
300.6,310.0,1302,62.9,87,9.399999999999977,81895.8,5472.3,0,1,0
297.3,308.4,1488,37.4,69,11.099999999999966,55651.2,2580.6,1,0,0
303.4,311.9,1298,63.9,59,8.5,82942.2,3770.1,1,0,1
300.8,310.7,1386,42.1,170,9.899999999999977,58350.6,7157.0,0,1,0
300.2,310.2,1440,42.9,191,10.0,61776.0,8193.9,1,0,0
298.6,310.0,1681,35.5,44,11.399999999999977,59675.5,1562.0,0,1,0
300.1,309.8,1506,35.2,21,9.699999999999989,53011.200000000004,739.2,1,0,0
301.9,310.9,1597,36.9,50,9.0,58929.299999999996,1845.0,1,0,0
302.9,311.1,1556,45.3,135,8.200000000000045,70486.79999999999,6115.5,1,0,0
299.9,309.8,1477,47.7,112,9.900000000000034,70452.90000000001,5342.400000000001,1,0,0
299.2,308.5,1594,35.8,160,9.300000000000011,57065.2,5728.0,0,1,0
295.6,306.2,1414,42.5,69,10.599999999999966,60095.0,2932.5,0,0,0
296.8,308.1,1843,24.2,212,11.300000000000011,44600.6,5130.4,0,1,0
302.1,311.4,1391,49.2,52,9.299999999999955,68437.2,2558.4,1,0,0
296.5,307.4,1292,52.5,62,10.899999999999977,67830.0,3255.0,1,0,0
302.5,311.9,1401,44.9,203,9.399999999999977,62904.9,9114.699999999999,1,0,0
300.5,311.4,1709,32.3,64,10.899999999999977,55200.7,2067.2,1,0,0
297.4,308.5,1497,36.4,56,11.100000000000023,54490.799999999996,2038.3999999999999,0,1,0
304.2,313.2,1380,48.7,17,9.0,67206.0,827.9000000000001,0,1,0
298.1,308.6,1716,30.7,119,10.5,52681.2,3653.2999999999997,0,1,0
297.5,308.0,1430,44.5,178,10.5,63635.0,7921.0,0,1,0
298.7,308.3,1349,46.6,74,9.600000000000023,62863.4,3448.4,0,1,0
302.4,311.6,1622,35.0,68,9.200000000000045,56770.0,2380.0,1,0,0
297.8,307.2,1880,23.0,176,9.399999999999977,43240.0,4048.0,1,0,0
301.0,312.2,1499,41.5,140,11.199999999999989,62208.5,5810.0,0,1,0
303.3,311.8,1548,33.5,75,8.5,51858.0,2512.5,0,1,0
300.5,311.2,1397,45.2,2,10.699999999999989,63144.4,90.4,0,0,0
300.1,309.2,1385,46.1,120,9.099999999999966,63848.5,5532.0,0,1,0
300.4,310.1,1544,41.9,184,9.700000000000045,64693.6,7709.599999999999,1,0,0
299.4,309.1,1500,43.3,10,9.700000000000045,64949.99999999999,433.0,0,1,0
296.3,307.1,1662,32.9,190,10.800000000000011,54679.799999999996,6251.0,1,0,0
301.3,310.9,1760,23.9,76,9.599999999999966,42064.0,1816.3999999999999,1,0,0
301.5,310.7,1790,26.2,8,9.199999999999989,46898.0,209.6,0,0,0
298.1,307.5,1684,33.1,200,9.399999999999977,55740.4,6620.0,1,0,0
299.4,309.2,1444,48.2,24,9.800000000000011,69600.8,1156.8000000000002,1,0,0
299.2,309.1,1387,48.7,4,9.900000000000034,67546.90000000001,194.8,1,0,0
302.3,311.5,1445,44.8,65,9.199999999999989,64735.99999999999,2912.0,0,1,0
301.5,310.1,1639,33.4,47,8.600000000000023,54742.6,1569.8,1,0,0
302.1,310.7,1364,47.8,213,8.599999999999966,65199.2,10181.4,0,1,1
301.5,310.6,1578,34.1,120,9.100000000000023,53809.8,4092.0,1,0,0
302.1,311.3,1521,31.5,202,9.199999999999989,47911.5,6363.0,1,0,0
300.2,311.6,1533,46.4,24,11.400000000000034,71131.2,1113.6,0,1,0
299.2,310.2,1697,30.6,12,11.0,51928.200000000004,367.20000000000005,1,0,0
301.3,310.4,1577,48.3,78,9.099999999999966,76169.09999999999,3767.3999999999996,0,1,0
302.3,311.7,1535,38.3,5,9.399999999999977,58790.49999999999,191.5,0,1,0
301.6,310.9,1559,40.2,191,9.299999999999955,62671.8,7678.200000000001,1,0,0
298.2,309.1,1467,44.5,80,10.900000000000034,65281.5,3560.0,1,0,0
298.9,308.8,1529,32.7,53,9.900000000000034,49998.3,1733.1000000000001,1,0,0
297.8,308.3,1567,35.6,131,10.5,55785.200000000004,4663.6,0,1,0
295.5,305.9,1518,44.1,194,10.399999999999977,66943.8,8555.4,0,1,0
300.6,311.6,1630,31.8,52,11.0,51834.0,1653.6000000000001,0,1,0
299.9,309.6,1410,51.2,98,9.700000000000045,72192.0,5017.6,0,0,0
298.8,309.9,1482,39.1,45,11.099999999999966,57946.200000000004,1759.5,1,0,0
301.5,310.6,1519,40.7,208,9.100000000000023,61823.3,8465.6,1,0,0
300.2,309.4,1981,21.4,44,9.199999999999989,42393.399999999994,941.5999999999999,1,0,0
298.5,309.3,1421,50.3,124,10.800000000000011,71476.3,6237.2,0,0,0
299.8,309.4,2256,15.9,201,9.599999999999966,35870.4,3195.9,1,0,0
299.9,310.5,1576,39.4,183,10.600000000000023,62094.399999999994,7210.2,0,1,0
297.1,308.4,1550,37.0,167,11.299999999999955,57350.0,6179.0,1,0,0
301.2,311.0,1424,41.4,131,9.800000000000011,58953.6,5423.4,0,1,0
302.4,310.2,1331,45.5,53,7.800000000000011,60560.5,2411.5,1,0,1
300.6,309.4,1521,37.2,90,8.799999999999955,56581.200000000004,3348.0000000000005,0,1,0
301.3,311.0,1410,52.7,161,9.699999999999989,74307.0,8484.7,0,1,0
304.2,313.5,1532,41.3,161,9.300000000000011,63271.6,6649.299999999999,0,1,0
300.8,310.6,1416,42.2,225,9.800000000000011,59755.200000000004,9495.0,1,0,0
300.7,312.4,1590,37.9,98,11.699999999999989,60261.0,3714.2,1,0,0
300.6,309.4,1468,44.1,76,8.799999999999955,64738.8,3351.6,1,0,0
303.5,312.3,1386,49.0,35,8.800000000000011,67914.0,1715.0,0,0,0
299.9,311.2,1495,35.8,175,11.300000000000011,53520.99999999999,6264.999999999999,0,0,0
297.1,308.4,1588,33.4,204,11.299999999999955,53039.2,6813.599999999999,0,1,0
298.7,309.6,1502,46.7,198,10.900000000000034,70143.40000000001,9246.6,1,0,0
302.3,311.3,1324,47.8,131,9.0,63287.2,6261.799999999999,1,0,0
297.9,308.9,1416,39.6,45,11.0,56073.6,1782.0,0,0,0
298.5,309.6,1492,41.7,100,11.100000000000023,62216.4,4170.0,0,1,0
297.5,309.4,1318,58.2,146,11.899999999999977,76707.6,8497.2,1,0,0
299.4,309.9,1567,40.6,87,10.5,63620.200000000004,3532.2000000000003,0,1,0
298.8,308.6,1680,29.4,95,9.800000000000011,49392.0,2793.0,1,0,0
297.1,308.5,1712,32.1,48,11.399999999999977,54955.200000000004,1540.8000000000002,1,0,0
297.2,308.7,1509,39.3,66,11.5,59303.7,2593.7999999999997,1,0,0
297.0,307.9,1635,31.6,147,10.899999999999977,51666.0,4645.2,1,0,0
299.2,308.7,1650,30.5,93,9.5,50325.0,2836.5,1,0,0
300.5,311.2,1270,67.5,208,10.699999999999989,85725.0,14040.0,1,0,1
303.1,312.4,1378,50.1,104,9.299999999999955,69037.8,5210.400000000001,0,1,0
302.7,311.5,1494,41.4,149,8.800000000000011,61851.6,6168.599999999999,1,0,0
300.2,309.7,1678,30.5,142,9.5,51179.0,4331.0,1,0,0
301.6,310.6,2103,19.7,12,9.0,41429.1,236.39999999999998,1,0,0
298.4,309.3,1542,35.4,208,10.900000000000034,54586.799999999996,7363.2,1,0,0
300.7,310.8,1475,42.0,147,10.100000000000023,61950.0,6174.0,1,0,0
300.5,311.9,1750,28.3,207,11.399999999999977,49525.0,5858.1,1,0,0
300.5,311.6,1744,26.8,94,11.100000000000023,46739.200000000004,2519.2000000000003,1,0,0
299.2,308.4,1580,32.6,142,9.199999999999989,51508.0,4629.2,1,0,0
303.7,312.7,1532,42.7,194,9.0,65416.4,8283.800000000001,0,1,0
303.5,312.4,1503,36.5,191,8.899999999999977,54859.5,6971.5,1,0,0
298.1,308.8,1433,48.2,62,10.699999999999989,69070.6,2988.4,0,1,0
299.8,310.0,1460,37.1,169,10.199999999999989,54166.0,6269.900000000001,0,1,0
296.9,308.0,1409,50.7,43,11.100000000000023,71436.3,2180.1,0,1,0
298.6,310.1,1596,33.0,15,11.5,52668.0,495.0,0,1,0
298.0,307.6,1420,45.8,150,9.600000000000023,65035.99999999999,6870.0,0,0,0
297.3,308.6,1431,53.0,160,11.300000000000011,75843.0,8480.0,0,1,0
299.7,309.2,1554,41.6,62,9.5,64646.4,2579.2000000000003,0,0,0
299.9,309.1,1513,43.8,188,9.200000000000045,66269.4,8234.4,0,1,0
298.0,308.2,1357,48.2,7,10.199999999999989,65407.4,337.40000000000003,1,0,0
303.4,311.6,1425,45.4,184,8.200000000000045,64695.0,8353.6,0,1,0
300.7,309.5,1461,49.9,0,8.800000000000011,72903.9,0.0,1,0,0
299.3,308.5,1386,42.2,30,9.199999999999989,58489.200000000004,1266.0,0,1,0
301.5,310.5,1453,44.2,129,9.0,64222.600000000006,5701.8,1,0,0
298.9,309.6,1546,35.3,190,10.700000000000045,54573.799999999996,6706.999999999999,0,0,0
298.9,308.7,1546,43.4,114,9.800000000000011,67096.4,4947.599999999999,1,0,0
304.4,313.6,1585,38.9,9,9.200000000000045,61656.5,350.09999999999997,1,0,0
296.2,307.2,1382,52.0,201,11.0,71864.0,10452.0,1,0,0
300.4,311.4,1355,56.2,122,11.0,76151.0,6856.400000000001,0,1,0
297.4,308.8,1538,41.2,126,11.400000000000034,63365.600000000006,5191.200000000001,1,0,0
300.9,310.4,1536,34.2,45,9.5,52531.200000000004,1539.0000000000002,1,0,0
300.6,309.4,1474,40.7,87,8.799999999999955,59991.8,3540.9,1,0,0
299.0,310.2,1690,30.7,244,11.199999999999989,51883.0,7490.8,1,0,0
296.5,307.6,1512,43.6,92,11.100000000000023,65923.2,4011.2000000000003,1,0,0
300.5,310.4,1761,26.5,12,9.899999999999977,46666.5,318.0,1,0,0
298.6,308.2,1488,44.0,43,9.599999999999966,65472.0,1892.0,0,1,0
302.6,310.2,1325,62.4,92,7.599999999999966,82680.0,5740.8,1,0,1
299.5,309.0,1399,49.7,207,9.5,69530.3,10287.900000000001,0,1,0
299.7,309.2,1781,29.6,201,9.5,52717.600000000006,5949.6,1,0,0
298.0,309.9,1403,47.7,43,11.899999999999977,66923.1,2051.1,1,0,0
303.6,312.4,1388,41.9,221,8.799999999999955,58157.2,9259.9,1,0,0
301.0,310.7,1727,34.5,127,9.699999999999989,59581.5,4381.5,1,0,0
296.1,306.7,1409,42.8,134,10.599999999999966,60305.2,5735.2,1,0,0
302.7,311.1,1440,39.5,146,8.400000000000034,56880.0,5767.0,1,0,0
300.3,311.5,1464,41.0,29,11.199999999999989,60024.0,1189.0,0,0,0
301.7,311.2,1517,42.4,113,9.5,64320.799999999996,4791.2,1,0,0
298.7,309.7,1462,46.8,4,11.0,68421.59999999999,187.2,1,0,0
